as_of_date,team_id,mean_wins,p10_wins,p25_wins,p75_wins,p90_wins
2026-03-25,108,69.090811,61,65,73,77
2026-03-26,108,70.681809,63,66,75,79
2026-03-27,108,71.859124,64,68,76,80
2026-03-28,108,71.049993,63,67,75,79
2026-03-29,108,70.275017,62,66,74,78
2026-03-30,108,69.481427,62,65,74,77
2026-03-31,108,70.408158,63,66,75,78
2026-04-01,108,69.726545,62,66,74,78
2026-04-02,108,69.720478,62,66,74,78
2026-04-03,108,69.106848,61,65,73,77
2026-04-04,108,69.875211,62,66,74,78
2026-04-05,108,70.732676,63,67,75,78
2026-04-06,108,71.922018,64,68,76,80
2026-04-07,108,71.073442,63,67,75,79
2026-04-08,108,70.050954,62,66,74,78
2026-04-09,108,69.986101,62,66,74,78
2026-04-10,108,71.710619,64,68,76,79
2026-04-11,108,70.745870,63,67,75,78
2026-04-12,108,71.765321,64,68,76,79
2026-04-13,108,71.188917,64,67,75,79
2026-04-14,108,72.652837,65,69,77,80
2026-04-15,108,72.242223,65,68,76,80
2026-04-16,108,73.748365,66,70,78,81
2026-04-17,108,75.117093,68,71,79,83
2026-04-18,108,74.551131,67,71,78,82
2026-04-19,108,74.018824,67,70,78,82
2026-04-20,108,73.453162,66,70,77,81
2026-04-21,108,72.787323,65,69,77,80
2026-04-22,108,73.835592,66,70,78,81
2026-04-23,108,73.799642,66,70,78,81
2026-04-24,108,73.082419,66,69,77,80
2026-04-25,108,71.776720,64,68,76,79
2026-04-26,108,71.077421,64,67,75,78
2026-04-27,108,70.638544,63,67,74,78
2026-04-28,108,69.932552,63,66,74,77
2026-04-29,108,69.335791,62,66,73,77
2026-04-30,108,69.264854,62,66,73,76
2026-05-01,108,68.826686,62,65,73,76
2026-05-02,108,69.541431,62,66,73,77
2026-05-03,108,68.812282,62,65,73,76
2026-05-04,108,67.946977,61,64,72,75
2026-05-05,108,68.571067,61,65,72,76
2026-05-06,108,69.632667,63,66,73,77
2026-05-07,108,69.546557,63,66,73,77
2026-05-08,108,69.074151,62,65,73,76
2026-05-09,108,67.676577,61,64,71,75
2026-05-10,108,68.649763,62,65,72,76
2026-05-11,108,67.983138,61,64,72,75
2026-05-12,108,67.476000,61,64,71,74
2026-05-13,108,66.927884,60,63,71,74
2026-05-14,108,66.946178,60,63,71,74
2026-05-15,108,66.245924,59,63,70,73
2026-05-16,108,65.114576,58,62,69,72
2026-05-17,108,64.344084,58,61,68,71
2026-05-18,108,64.880025,58,61,68,72
2026-05-19,108,63.856421,57,60,67,71
2026-05-20,108,63.441830,57,60,67,70
2026-05-21,108,62.938217,56,59,66,69
2026-05-22,108,63.778652,57,60,67,70
2026-05-23,108,64.639433,58,61,68,71
2026-05-24,108,65.222666,59,62,69,72
2026-05-25,108,65.340912,59,62,69,72
2026-05-26,108,66.208656,60,63,70,73
2026-05-27,108,65.585374,59,62,69,72
2026-05-28,108,66.615851,60,63,70,73
2026-05-29,108,66.175683,60,63,70,73
2026-05-30,108,67.454568,61,64,71,74
2026-05-31,108,66.852644,60,64,70,73
2026-06-01,108,66.165729,60,63,69,73
2026-06-02,108,65.299181,59,62,69,72
2026-06-03,108,66.115955,60,63,69,72
2026-06-04,108,66.193349,60,63,69,73
2026-06-05,108,65.821311,60,63,69,72
2026-06-06,108,65.343579,59,62,69,72
2026-06-07,108,66.511805,60,63,70,73
2026-06-08,108,65.987810,60,63,69,72
2026-06-09,108,67.099575,61,64,70,73
2026-06-10,108,67.690544,62,64,71,74
2026-06-11,108,67.710954,62,64,71,74
2026-06-12,108,68.258760,62,65,71,74
2026-06-13,108,69.279425,63,66,72,75
2026-06-14,108,68.583455,63,65,72,75
2026-06-15,108,68.216201,62,65,71,74
2026-06-16,108,69.106129,63,66,72,75
2026-06-17,108,68.386703,62,65,71,74
2026-06-18,108,67.759204,62,65,71,74
2026-06-19,108,67.252181,61,64,70,73
2026-06-20,108,68.151288,62,65,71,74
2026-06-21,108,68.706059,63,66,72,74
2026-06-22,108,68.108845,62,65,71,74
2026-06-23,108,68.843795,63,66,72,75
2026-06-24,108,69.476416,64,66,72,75
2026-06-25,108,69.508040,64,67,72,75
2026-06-26,108,68.799387,63,66,72,75
2026-06-27,108,69.421871,64,67,72,75
2026-06-28,108,70.010316,64,67,73,76
2026-06-29,108,69.467866,64,67,72,75
2026-06-30,108,68.889722,63,66,72,74
2026-07-01,108,68.940260,64,66,72,74
2026-07-02,108,68.641794,63,66,71,74
2026-07-03,108,67.985464,63,65,71,73
2026-07-04,108,67.310461,62,64,70,73
2026-07-05,108,66.807269,61,64,70,72
2026-07-06,108,66.673136,61,64,69,72
2026-07-07,108,66.130543,61,63,69,71
2026-07-08,108,67.281110,62,65,70,73
2026-07-09,108,66.854679,62,64,70,72
2026-07-10,108,67.494119,62,65,70,73
2026-07-11,108,66.944463,62,64,70,72
2026-07-12,108,66.480126,61,64,69,72
2026-07-13,108,66.500329,61,64,69,72
2026-07-14,108,66.462812,61,64,69,72
2026-07-15,108,66.479010,61,64,69,72
2026-07-16,108,66.442398,61,64,69,72
2026-07-17,108,66.051008,61,63,69,71
2026-07-18,108,65.406260,60,63,68,70
2026-07-19,108,66.052182,61,63,69,71
2026-07-20,108,66.587080,62,64,69,72
2026-07-21,108,67.203072,62,65,70,72
2026-07-22,108,66.632410,62,64,69,71
2026-07-23,108,66.667394,62,64,69,72
2026-07-24,108,66.256327,61,64,69,71
2026-07-25,108,65.617206,61,63,68,70
2026-07-26,108,66.246760,61,64,69,71
2026-07-27,108,65.790378,61,63,68,71
2026-07-28,108,65.293993,61,63,68,70
2026-07-29,108,64.767290,60,62,67,69
2026-07-30,108,64.788330,60,62,67,69
2026-07-31,108,64.279387,60,62,67,69
2026-08-01,108,63.979599,59,62,66,69
2026-08-02,108,64.646542,60,62,67,69
2026-08-03,108,64.662609,60,62,67,69
2026-08-04,108,64.284413,60,62,67,69
2026-08-05,108,63.763274,59,61,66,68
2026-08-06,108,64.461083,60,62,67,69
2026-08-07,108,65.100213,61,63,67,69
2026-08-08,108,64.485955,60,62,67,69
2026-08-09,108,63.941192,60,62,66,68
2026-08-10,108,63.395385,59,61,66,68
2026-08-11,108,64.015390,60,62,66,68
2026-08-12,108,64.674347,61,63,67,69
2026-08-13,108,65.359191,61,63,67,69
2026-08-14,108,64.882797,61,63,67,69
2026-08-15,108,65.345141,61,63,67,69
2026-08-16,108,64.841917,61,63,67,69
2026-08-17,108,64.842723,61,63,67,69
2026-08-18,108,65.506811,62,63,67,69
2026-08-19,108,65.038810,61,63,67,69
2026-08-20,108,65.863207,62,64,68,70
2026-08-21,108,65.398610,62,63,67,69
2026-08-22,108,66.024535,62,64,68,70
2026-08-23,108,65.657328,62,64,67,69
2026-08-24,108,65.100331,62,63,67,69
2026-08-25,108,64.666529,61,63,66,68
2026-08-26,108,64.222074,61,62,66,68
2026-08-27,108,64.196727,61,62,66,68
2026-08-28,108,63.778322,61,62,65,67
2026-08-29,108,63.299999,60,62,65,66
2026-08-30,108,62.928537,60,61,65,66
2026-03-25,109,79.638106,72,75,84,88
2026-03-26,109,78.800717,71,75,83,87
2026-03-27,109,78.314849,70,74,83,86
2026-03-28,109,77.734962,70,73,82,86
2026-03-29,109,77.683417,70,74,82,86
2026-03-30,109,78.606932,71,74,83,87
2026-03-31,109,79.324290,71,75,83,87
2026-04-01,109,79.905010,72,76,84,88
2026-04-02,109,77.674499,70,74,82,86
2026-04-03,109,77.052118,69,73,81,85
2026-04-04,109,77.700252,70,74,82,86
2026-04-05,109,78.402592,71,74,83,86
2026-04-06,109,78.310829,70,74,82,86
2026-04-07,109,77.627998,70,74,82,85
2026-04-08,109,78.671453,71,75,83,86
2026-04-09,109,80.054888,72,76,84,88
2026-04-10,109,80.798357,73,77,85,88
2026-04-11,109,80.260805,73,76,84,88
2026-04-12,109,80.971054,73,77,85,89
2026-04-13,109,80.390616,73,76,84,88
2026-04-14,109,81.022923,73,77,85,89
2026-04-15,109,81.926576,74,78,86,90
2026-04-16,109,81.861245,74,78,86,89
2026-04-17,109,82.813685,75,79,87,90
2026-04-18,109,83.549884,76,80,88,91
2026-04-19,109,82.517467,75,79,86,90
2026-04-20,109,82.522755,75,78,87,90
2026-04-21,109,81.218877,74,77,85,89
2026-04-22,109,82.091439,75,78,86,90
2026-04-23,109,81.210688,74,77,85,89
2026-04-24,109,81.235561,74,77,85,89
2026-04-25,109,80.533723,73,77,84,88
2026-04-26,109,81.412482,74,78,85,89
2026-04-27,109,81.409179,74,78,85,89
2026-04-28,109,80.207852,73,76,84,88
2026-04-29,109,81.055228,74,77,85,88
2026-04-30,109,79.531022,72,76,83,87
2026-05-01,109,79.261329,72,75,83,86
2026-05-02,109,78.764125,72,75,83,86
2026-05-03,109,78.235614,71,74,82,86
2026-05-04,109,78.249316,71,74,82,86
2026-05-05,109,79.422735,72,76,83,87
2026-05-06,109,78.745916,72,75,83,86
2026-05-07,109,78.035988,71,74,82,85
2026-05-08,109,77.399261,70,74,81,84
2026-05-09,109,78.131361,71,74,82,85
2026-05-10,109,79.063083,72,75,83,86
2026-05-11,109,79.596609,73,76,83,87
2026-05-12,109,79.023951,72,75,83,86
2026-05-13,109,78.419592,71,75,82,85
2026-05-14,109,78.571643,72,75,82,85
2026-05-15,109,79.542243,73,76,83,87
2026-05-16,109,78.750512,72,75,82,86
2026-05-17,109,79.174357,72,76,83,86
2026-05-18,109,80.436072,74,77,84,87
2026-05-19,109,81.050907,74,77,85,88
2026-05-20,109,81.684231,75,78,85,88
2026-05-21,109,82.115844,75,78,86,89
2026-05-22,109,81.429388,75,78,85,88
2026-05-23,109,81.716419,75,78,85,88
2026-05-24,109,82.655272,76,79,86,89
2026-05-25,109,83.302261,77,80,87,90
2026-05-26,109,84.026873,77,81,88,91
2026-05-27,109,84.524879,78,81,88,91
2026-05-28,109,84.577725,78,81,88,91
2026-05-29,109,84.154859,78,81,88,91
2026-05-30,109,83.475916,77,80,87,90
2026-05-31,109,83.101792,77,80,87,90
2026-06-01,109,83.893975,78,80,87,90
2026-06-02,109,83.379066,77,80,87,90
2026-06-03,109,82.696523,76,79,86,89
2026-06-04,109,83.389518,77,80,87,90
2026-06-05,109,82.079742,76,79,85,88
2026-06-06,109,81.220139,75,78,85,87
2026-06-07,109,81.894883,76,79,85,88
2026-06-08,109,81.908174,76,79,85,88
2026-06-09,109,81.123855,75,78,84,87
2026-06-10,109,80.177414,74,77,83,86
2026-06-11,109,79.653132,74,77,83,86
2026-06-12,109,80.286621,74,77,84,86
2026-06-13,109,79.712855,74,77,83,86
2026-06-14,109,80.280331,74,77,83,86
2026-06-15,109,80.796574,75,78,84,87
2026-06-16,109,79.835486,74,77,83,86
2026-06-17,109,80.631632,75,77,84,87
2026-06-18,109,80.628225,75,77,84,87
2026-06-19,109,81.280663,75,78,84,87
2026-06-20,109,80.381840,75,77,83,86
2026-06-21,109,79.746517,74,77,83,86
2026-06-22,109,79.224595,73,76,82,85
2026-06-23,109,79.731678,74,77,83,85
2026-06-24,109,80.418148,75,77,83,86
2026-06-25,109,80.416506,75,77,83,86
2026-06-26,109,79.773955,74,77,83,85
2026-06-27,109,79.258373,74,76,82,85
2026-06-28,109,78.558548,73,76,82,84
2026-06-29,109,79.119218,74,76,82,85
2026-06-30,109,79.822091,74,77,83,85
2026-07-01,109,79.395520,74,76,82,85
2026-07-02,109,79.400173,74,76,82,85
2026-07-03,109,78.796171,73,76,82,84
2026-07-04,109,79.458160,74,77,82,85
2026-07-05,109,78.979448,74,76,82,84
2026-07-06,109,79.769014,74,77,83,85
2026-07-07,109,79.196705,74,76,82,85
2026-07-08,109,78.590749,73,76,81,84
2026-07-09,109,79.185880,74,76,82,84
2026-07-10,109,80.141945,75,77,83,85
2026-07-11,109,81.052231,76,78,84,86
2026-07-12,109,81.828864,77,79,85,87
2026-07-13,109,81.787345,77,79,85,87
2026-07-14,109,81.845858,77,79,85,87
2026-07-15,109,81.833925,77,79,85,87
2026-07-16,109,81.844827,77,79,85,87
2026-07-17,109,81.193945,76,79,84,86
2026-07-18,109,81.679949,77,79,84,87
2026-07-19,109,82.157006,77,79,85,87
2026-07-20,109,81.505725,77,79,84,87
2026-07-21,109,81.951358,77,79,85,87
2026-07-22,109,82.698205,78,80,85,88
2026-07-23,109,83.179913,78,81,86,88
2026-07-24,109,83.805422,79,81,86,89
2026-07-25,109,83.217326,78,81,86,88
2026-07-26,109,82.609216,78,80,85,87
2026-07-27,109,82.149002,77,80,85,87
2026-07-28,109,82.688814,78,80,85,87
2026-07-29,109,83.372694,79,81,86,88
2026-07-30,109,83.284388,79,81,86,88
2026-07-31,109,83.912062,79,82,86,88
2026-08-01,109,84.419530,80,82,87,89
2026-08-02,109,83.811084,79,81,86,88
2026-08-03,109,84.413201,80,82,87,89
2026-08-04,109,83.759934,79,81,86,88
2026-08-05,109,84.381254,80,82,87,89
2026-08-06,109,83.788534,79,82,86,88
2026-08-07,109,84.363062,80,82,87,89
2026-08-08,109,83.952873,80,82,86,88
2026-08-09,109,84.654368,80,82,87,89
2026-08-10,109,85.153061,81,83,87,89
2026-08-11,109,84.500076,80,82,87,89
2026-08-12,109,83.757799,80,82,86,88
2026-08-13,109,83.808417,80,82,86,88
2026-08-14,109,84.453848,80,82,87,88
2026-08-15,109,85.167277,81,83,87,89
2026-08-16,109,84.692257,81,83,87,89
2026-08-17,109,84.103726,80,82,86,88
2026-08-18,109,83.682904,80,82,86,87
2026-08-19,109,84.259776,81,82,86,88
2026-08-20,109,84.242267,81,82,86,88
2026-08-21,109,84.834599,81,83,87,89
2026-08-22,109,84.167966,81,82,86,88
2026-08-23,109,84.591890,81,83,86,88
2026-08-24,109,84.062229,81,82,86,88
2026-08-25,109,84.580614,81,83,86,88
2026-08-26,109,85.162588,82,83,87,89
2026-08-27,109,84.594374,81,83,86,88
2026-08-28,109,85.146416,82,83,87,88
2026-08-29,109,85.162737,82,84,87,88
2026-08-30,109,85.130465,82,84,87,88
2026-03-25,110,84.901687,77,81,89,93
2026-03-26,110,85.549368,77,81,90,94
2026-03-27,110,85.531071,78,81,90,94
2026-03-28,110,83.991251,76,80,88,92
2026-03-29,110,84.879778,77,81,89,93
2026-03-30,110,83.962255,76,80,88,92
2026-03-31,110,82.942011,75,79,87,91
2026-04-01,110,84.202869,76,80,88,92
2026-04-02,110,84.305876,76,80,89,92
2026-04-03,110,83.600645,76,79,88,91
2026-04-04,110,82.963983,75,79,87,91
2026-04-05,110,81.657803,74,78,86,90
2026-04-06,110,82.146021,74,78,86,90
2026-04-07,110,82.994840,75,79,87,91
2026-04-08,110,83.557655,76,79,88,91
2026-04-09,110,83.660554,76,80,88,91
2026-04-10,110,82.579557,75,79,87,90
2026-04-11,110,83.400303,76,79,87,91
2026-04-12,110,84.299268,77,80,88,92
2026-04-13,110,85.139963,77,81,89,93
2026-04-14,110,84.525722,77,81,89,92
2026-04-15,110,83.595619,76,80,88,91
2026-04-16,110,82.876754,75,79,87,91
2026-04-17,110,83.570593,76,80,88,91
2026-04-18,110,82.827737,75,79,87,90
2026-04-19,110,81.858229,74,78,86,89
2026-04-20,110,82.501676,75,79,87,90
2026-04-21,110,81.916529,74,78,86,89
2026-04-22,110,82.591555,75,79,87,90
2026-04-23,110,82.470064,75,79,86,90
2026-04-24,110,83.712278,76,80,88,91
2026-04-25,110,81.543472,74,78,85,89
2026-04-26,110,80.835165,74,77,85,88
2026-04-27,110,80.844849,73,77,85,88
2026-04-28,110,81.470723,74,78,85,89
2026-04-29,110,81.386603,74,78,85,89
2026-04-30,110,81.432958,74,78,85,89
2026-05-01,110,80.519948,73,77,84,88
2026-05-02,110,79.682202,72,76,84,87
2026-05-03,110,78.675488,72,75,82,86
2026-05-04,110,77.338046,70,74,81,85
2026-05-05,110,77.970482,71,74,82,85
2026-05-06,110,78.772663,72,75,83,86
2026-05-07,110,78.126926,71,74,82,85
2026-05-08,110,77.380678,70,74,81,84
2026-05-09,110,76.527503,70,73,80,84
2026-05-10,110,77.061742,70,73,81,84
2026-05-11,110,77.683797,71,74,81,85
2026-05-12,110,76.923608,70,73,81,84
2026-05-13,110,78.030343,71,74,82,85
2026-05-14,110,77.988493,71,74,82,85
2026-05-15,110,77.324238,71,74,81,84
2026-05-16,110,76.152915,69,73,80,83
2026-05-17,110,76.965945,70,73,81,84
2026-05-18,110,75.881764,69,72,79,83
2026-05-19,110,75.140822,68,72,79,82
2026-05-20,110,74.557193,68,71,78,81
2026-05-21,110,74.455311,68,71,78,81
2026-05-22,110,75.169906,68,72,79,82
2026-05-23,110,75.191001,68,72,79,82
2026-05-24,110,75.147580,69,72,79,82
2026-05-25,110,75.805054,69,72,79,82
2026-05-26,110,76.667456,70,73,80,83
2026-05-27,110,77.647863,71,74,81,84
2026-05-28,110,77.085645,71,74,80,84
2026-05-29,110,76.554414,70,73,80,83
2026-05-30,110,77.014249,71,74,80,84
2026-05-31,110,77.783671,71,74,81,84
2026-06-01,110,77.726888,71,74,81,84
2026-06-02,110,78.466928,72,75,82,85
2026-06-03,110,77.535966,71,74,81,84
2026-06-04,110,78.498097,72,75,82,85
2026-06-05,110,79.608751,73,76,83,86
2026-06-06,110,79.004407,73,76,82,85
2026-06-07,110,78.393430,72,75,82,85
2026-06-08,110,77.829205,72,75,81,84
2026-06-09,110,77.259762,71,74,80,83
2026-06-10,110,78.156111,72,75,81,84
2026-06-11,110,78.668761,73,75,82,85
2026-06-12,110,79.329198,73,76,83,85
2026-06-13,110,78.582073,73,75,82,85
2026-06-14,110,77.826787,72,75,81,84
2026-06-15,110,77.827480,72,75,81,84
2026-06-16,110,77.386411,71,74,81,83
2026-06-17,110,77.972657,72,75,81,84
2026-06-18,110,77.490529,72,74,81,83
2026-06-19,110,77.099968,71,74,80,83
2026-06-20,110,77.827338,72,75,81,84
2026-06-21,110,78.865207,73,76,82,85
2026-06-22,110,79.573234,74,76,83,85
2026-06-23,110,78.976386,73,76,82,85
2026-06-24,110,78.355575,73,75,81,84
2026-06-25,110,78.336249,73,75,81,84
2026-06-26,110,78.825145,73,76,82,85
2026-06-27,110,78.135058,72,75,81,84
2026-06-28,110,77.542164,72,75,81,83
2026-06-29,110,76.718575,71,74,80,82
2026-06-30,110,75.991921,71,73,79,81
2026-07-01,110,76.595525,71,74,79,82
2026-07-02,110,76.539721,71,74,79,82
2026-07-03,110,77.112952,72,74,80,83
2026-07-04,110,77.766337,72,75,81,83
2026-07-05,110,77.232086,72,74,80,83
2026-07-06,110,77.265197,72,74,80,83
2026-07-07,110,76.675547,71,74,79,82
2026-07-08,110,76.081917,71,73,79,81
2026-07-09,110,76.684919,71,74,79,82
2026-07-10,110,77.117876,72,74,80,82
2026-07-11,110,77.696665,73,75,80,83
2026-07-12,110,78.311448,73,76,81,83
2026-07-13,110,78.361060,73,76,81,83
2026-07-14,110,78.364469,73,76,81,83
2026-07-15,110,78.448776,73,76,81,84
2026-07-16,110,78.424378,73,76,81,84
2026-07-17,110,78.855246,74,76,82,84
2026-07-18,110,79.447969,74,77,82,84
2026-07-19,110,80.147572,75,78,83,85
2026-07-20,110,79.662069,75,77,82,85
2026-07-21,110,79.624201,75,77,82,85
2026-07-22,110,79.819893,75,77,82,85
2026-07-23,110,79.771076,75,77,82,85
2026-07-24,110,79.332504,74,77,82,84
2026-07-25,110,79.874662,75,77,82,85
2026-07-26,110,79.414497,75,77,82,84
2026-07-27,110,79.988752,75,78,82,85
2026-07-28,110,79.216943,75,77,82,84
2026-07-29,110,79.799962,75,77,82,84
2026-07-30,110,79.784339,75,77,82,84
2026-07-31,110,80.405490,76,78,83,85
2026-08-01,110,79.732064,75,77,82,84
2026-08-02,110,79.071287,75,77,81,84
2026-08-03,110,79.125664,75,77,82,84
2026-08-04,110,79.518262,75,77,82,84
2026-08-05,110,79.892732,76,78,82,84
2026-08-06,110,79.300262,75,77,82,84
2026-08-07,110,78.770350,74,76,81,83
2026-08-08,110,78.205672,74,76,80,83
2026-08-09,110,78.812090,75,76,81,83
2026-08-10,110,78.220641,74,76,80,82
2026-08-11,110,78.759982,75,77,81,83
2026-08-12,110,78.231213,74,76,80,82
2026-08-13,110,78.180293,74,76,80,82
2026-08-14,110,78.766531,75,77,81,83
2026-08-15,110,79.327399,75,77,81,83
2026-08-16,110,79.943606,76,78,82,84
2026-08-17,110,79.497087,76,77,82,83
2026-08-18,110,78.933191,75,77,81,83
2026-08-19,110,78.505819,75,76,81,82
2026-08-20,110,77.920818,74,76,80,82
2026-08-21,110,78.447491,75,77,80,82
2026-08-22,110,78.902362,75,77,81,82
2026-08-23,110,78.367597,75,76,80,82
2026-08-24,110,78.365403,75,76,80,82
2026-08-25,110,79.050936,76,77,81,83
2026-08-26,110,79.530339,76,78,81,83
2026-08-27,110,78.946102,76,77,81,82
2026-08-28,110,79.436179,76,78,81,83
2026-08-29,110,79.922076,77,78,82,83
2026-08-30,110,80.349130,77,79,82,84
2026-03-25,111,86.677335,79,82,91,95
2026-03-26,111,87.752669,80,84,92,96
2026-03-27,111,87.751214,80,83,92,96
2026-03-28,111,86.829235,79,83,91,95
2026-03-29,111,85.951102,78,82,90,94
2026-03-30,111,84.461422,77,80,89,92
2026-03-31,111,83.235636,75,79,87,91
2026-04-01,111,82.454882,75,78,87,90
2026-04-02,111,82.350351,74,78,87,90
2026-04-03,111,83.062485,75,79,87,91
2026-04-04,111,82.275190,74,78,86,90
2026-04-05,111,81.724537,74,78,86,90
2026-04-06,111,81.127860,73,77,85,89
2026-04-07,111,81.769863,74,78,86,90
2026-04-08,111,82.658225,75,79,87,90
2026-04-09,111,82.720439,75,79,87,90
2026-04-10,111,81.997455,74,78,86,90
2026-04-11,111,83.012577,75,79,87,91
2026-04-12,111,84.098778,76,80,88,92
2026-04-13,111,82.728321,75,79,87,90
2026-04-14,111,81.483142,74,77,85,89
2026-04-15,111,82.415530,75,78,86,90
2026-04-16,111,82.455811,75,78,86,90
2026-04-17,111,83.023096,75,79,87,90
2026-04-18,111,82.291394,75,78,86,90
2026-04-19,111,81.089762,74,77,85,89
2026-04-20,111,81.936661,74,78,86,89
2026-04-21,111,80.971191,73,77,85,88
2026-04-22,111,80.026225,73,76,84,87
2026-04-23,111,79.344258,72,75,83,87
2026-04-24,111,78.128109,71,74,82,85
2026-04-25,111,80.303668,73,76,84,88
2026-04-26,111,80.896550,73,77,85,88
2026-04-27,111,81.970025,75,78,86,89
2026-04-28,111,81.039589,74,77,85,88
2026-04-29,111,79.917143,73,76,84,87
2026-04-30,111,79.917491,73,76,84,87
2026-05-01,111,80.522709,73,77,84,88
2026-05-02,111,79.521865,72,76,83,87
2026-05-03,111,78.823838,72,75,83,86
2026-05-04,111,79.464404,72,76,83,87
2026-05-05,111,80.641277,74,77,84,88
2026-05-06,111,81.473401,75,78,85,89
2026-05-07,111,80.467985,74,77,84,87
2026-05-08,111,81.080711,74,77,85,88
2026-05-09,111,81.020542,74,77,85,88
2026-05-10,111,80.230237,73,77,84,87
2026-05-11,111,80.151283,73,76,84,87
2026-05-12,111,79.473354,73,76,83,86
2026-05-13,111,80.113510,73,76,84,87
2026-05-14,111,79.365083,73,76,83,86
2026-05-15,111,78.816501,72,75,82,86
2026-05-16,111,79.666822,73,76,83,86
2026-05-17,111,78.636170,72,75,82,86
2026-05-18,111,79.153646,72,76,83,86
2026-05-19,111,80.142690,73,77,84,87
2026-05-20,111,80.779660,74,77,84,88
2026-05-21,111,80.697887,74,77,84,87
2026-05-22,111,80.015654,73,76,84,87
2026-05-23,111,79.215759,73,76,83,86
2026-05-24,111,78.617099,72,75,82,85
2026-05-25,111,78.594913,72,75,82,85
2026-05-26,111,77.971211,71,74,81,85
2026-05-27,111,79.136888,73,76,83,86
2026-05-28,111,77.976573,71,74,81,85
2026-05-29,111,77.333362,71,74,81,84
2026-05-30,111,78.400820,72,75,82,85
2026-05-31,111,79.188743,73,76,83,86
2026-06-01,111,79.331746,73,76,83,86
2026-06-02,111,78.570915,72,75,82,85
2026-06-03,111,79.564392,73,76,83,86
2026-06-04,111,78.575695,72,75,82,85
2026-06-05,111,79.323293,73,76,83,86
2026-06-06,111,79.385037,73,76,83,86
2026-06-07,111,78.607117,72,75,82,85
2026-06-08,111,77.951896,72,75,81,84
2026-06-09,111,77.292711,71,74,81,83
2026-06-10,111,76.646951,70,73,80,83
2026-06-11,111,76.729066,70,73,80,83
2026-06-12,111,77.639205,71,74,81,84
2026-06-13,111,78.340281,72,75,82,84
2026-06-14,111,77.716061,72,75,81,84
2026-06-15,111,77.771556,72,75,81,84
2026-06-16,111,76.907264,71,74,80,83
2026-06-17,111,76.163034,70,73,79,82
2026-06-18,111,75.602457,70,72,79,82
2026-06-19,111,76.378322,70,73,80,82
2026-06-20,111,77.168132,71,74,80,83
2026-06-21,111,76.644782,71,74,80,83
2026-06-22,111,75.893836,70,73,79,82
2026-06-23,111,76.401067,71,73,79,82
2026-06-24,111,75.736835,70,73,79,82
2026-06-25,111,76.389172,71,73,79,82
2026-06-26,111,77.121303,71,74,80,83
2026-06-27,111,77.713731,72,75,81,83
2026-06-28,111,78.365955,73,75,81,84
2026-06-29,111,78.900664,73,76,82,85
2026-06-30,111,77.981332,72,75,81,84
2026-07-01,111,76.900531,71,74,80,83
2026-07-02,111,76.931592,71,74,80,83
2026-07-03,111,77.549537,72,75,80,83
2026-07-04,111,78.390263,73,75,81,84
2026-07-05,111,78.883584,73,76,82,84
2026-07-06,111,78.890418,73,76,82,84
2026-07-07,111,79.625028,74,77,82,85
2026-07-08,111,80.305331,75,77,83,86
2026-07-09,111,80.772239,75,78,84,86
2026-07-10,111,81.373707,76,79,84,87
2026-07-11,111,81.974554,77,79,85,87
2026-07-12,111,82.546596,77,80,85,88
2026-07-13,111,82.546517,77,80,85,88
2026-07-14,111,82.506008,77,80,85,88
2026-07-15,111,82.507410,77,80,85,88
2026-07-16,111,82.511765,77,80,85,88
2026-07-17,111,83.967261,79,81,87,89
2026-07-18,111,84.317319,79,82,87,89
2026-07-19,111,84.875220,80,82,88,90
2026-07-20,111,85.363018,80,83,88,90
2026-07-21,111,85.379425,80,83,88,90
2026-07-22,111,85.199917,80,83,88,90
2026-07-23,111,85.221799,80,83,88,90
2026-07-24,111,85.688315,81,83,88,91
2026-07-25,111,84.949971,80,82,88,90
2026-07-26,111,85.502306,81,83,88,90
2026-07-27,111,85.991262,81,84,89,91
2026-07-28,111,85.414165,81,83,88,90
2026-07-29,111,85.776321,81,83,88,90
2026-07-30,111,86.224967,82,84,89,91
2026-07-31,111,86.960141,82,85,89,92
2026-08-01,111,87.640086,83,85,90,92
2026-08-02,111,88.393138,84,86,91,93
2026-08-03,111,88.354853,84,86,91,93
2026-08-04,111,89.096592,85,87,91,94
2026-08-05,111,89.553046,85,87,92,94
2026-08-06,111,90.030120,86,88,92,94
2026-08-07,111,90.548835,86,88,93,95
2026-08-08,111,89.845114,86,88,92,94
2026-08-09,111,89.109759,85,87,91,93
2026-08-10,111,88.552871,84,86,91,93
2026-08-11,111,87.911259,84,86,90,92
2026-08-12,111,87.353667,83,85,89,91
2026-08-13,111,87.968660,84,86,90,92
2026-08-14,111,87.379984,83,85,89,91
2026-08-15,111,87.869713,84,86,90,92
2026-08-16,111,87.254503,83,85,89,91
2026-08-17,111,87.837528,84,86,90,92
2026-08-18,111,88.302342,84,86,90,92
2026-08-19,111,87.750095,84,86,90,91
2026-08-20,111,87.714851,84,86,90,91
2026-08-21,111,88.094908,84,86,90,92
2026-08-22,111,88.479601,85,87,90,92
2026-08-23,111,88.876703,85,87,91,92
2026-08-24,111,89.268944,86,87,91,93
2026-08-25,111,89.775318,86,88,92,93
2026-08-26,111,89.133836,86,87,91,93
2026-08-27,111,89.168548,86,87,91,93
2026-08-28,111,88.659942,85,87,90,92
2026-08-29,111,88.679109,85,87,90,92
2026-08-30,111,88.068000,85,86,90,91
2026-03-25,112,89.409069,81,85,94,97
2026-03-26,112,88.235810,80,84,92,96
2026-03-27,112,88.267138,80,84,93,96
2026-03-28,112,89.165860,81,85,93,97
2026-03-29,112,88.074120,80,84,92,96
2026-03-30,112,89.052461,81,85,93,97
2026-03-31,112,88.153707,80,84,92,96
2026-04-01,112,88.819458,81,85,93,97
2026-04-02,112,88.952023,81,85,93,97
2026-04-03,112,87.831548,80,84,92,96
2026-04-04,112,87.902071,80,84,92,96
2026-04-05,112,87.696257,80,84,92,96
2026-04-06,112,86.747868,79,83,91,94
2026-04-07,112,87.905077,80,84,92,96
2026-04-08,112,88.855465,81,85,93,97
2026-04-09,112,88.767294,81,85,93,96
2026-04-10,112,88.147626,80,84,92,96
2026-04-11,112,87.549589,80,83,92,95
2026-04-12,112,87.991387,80,84,92,96
2026-04-13,112,86.679467,79,83,91,94
2026-04-14,112,87.897933,80,84,92,95
2026-04-15,112,89.211374,81,85,93,97
2026-04-16,112,89.099706,81,85,93,97
2026-04-17,112,90.201577,83,86,94,98
2026-04-18,112,90.743336,83,87,95,98
2026-04-19,112,91.333697,84,87,95,99
2026-04-20,112,92.014261,85,88,96,99
2026-04-21,112,92.610871,85,89,97,100
2026-04-22,112,93.649625,86,90,98,101
2026-04-23,112,93.822916,87,90,98,101
2026-04-24,112,94.607121,87,91,99,102
2026-04-25,112,93.333346,86,89,97,101
2026-04-26,112,92.500100,85,89,96,100
2026-04-27,112,91.705298,84,88,96,99
2026-04-28,112,92.454795,85,89,96,100
2026-04-29,112,93.043837,86,89,97,100
2026-04-30,112,93.054561,86,89,97,100
2026-05-01,112,93.364352,86,90,97,101
2026-05-02,112,93.919647,87,90,98,101
2026-05-03,112,94.615475,87,91,98,102
2026-05-04,112,95.050414,88,91,99,102
2026-05-05,112,95.487626,88,92,99,103
2026-05-06,112,96.031702,89,92,100,103
2026-05-07,112,96.683612,90,93,100,104
2026-05-08,112,97.505830,91,94,101,104
2026-05-09,112,96.379464,89,93,100,103
2026-05-10,112,95.722085,89,92,99,103
2026-05-11,112,95.677544,89,92,99,103
2026-05-12,112,94.913996,88,91,99,102
2026-05-13,112,94.286359,87,91,98,101
2026-05-14,112,94.900619,88,91,98,102
2026-05-15,112,95.717236,89,92,99,103
2026-05-16,112,94.588619,88,91,98,101
2026-05-17,112,93.852921,87,90,97,101
2026-05-18,112,92.875085,86,89,96,100
2026-05-19,112,92.105370,85,89,96,99
2026-05-20,112,91.232567,85,88,95,98
2026-05-21,112,91.263708,85,88,95,98
2026-05-22,112,90.543739,84,87,94,97
2026-05-23,112,89.846397,83,86,93,97
2026-05-24,112,88.900803,82,86,92,95
2026-05-25,112,88.339185,82,85,92,95
2026-05-26,112,87.065465,80,84,91,94
2026-05-27,112,87.881504,81,84,91,94
2026-05-28,112,88.631946,82,85,92,95
2026-05-29,112,88.149470,82,85,92,95
2026-05-30,112,88.919723,83,86,92,95
2026-05-31,112,87.951205,82,85,91,94
2026-06-01,112,87.926317,82,85,91,94
2026-06-02,112,87.193096,81,84,91,93
2026-06-03,112,86.601164,80,83,90,93
2026-06-04,112,86.910050,81,84,90,93
2026-06-05,112,85.484263,79,82,89,92
2026-06-06,112,85.924376,80,83,89,92
2026-06-07,112,85.257525,79,82,88,91
2026-06-08,112,85.178964,79,82,88,91
2026-06-09,112,84.422308,78,81,88,91
2026-06-10,112,83.609619,77,80,87,90
2026-06-11,112,84.295308,78,81,88,90
2026-06-12,112,84.906507,79,82,88,91
2026-06-13,112,85.577812,80,82,89,92
2026-06-14,112,84.829212,79,82,88,91
2026-06-15,112,85.164396,79,82,88,91
2026-06-16,112,84.291390,78,81,87,90
2026-06-17,112,84.680283,79,82,88,90
2026-06-18,112,84.577647,79,81,88,91
2026-06-19,112,85.777567,80,83,89,92
2026-06-20,112,85.082237,79,82,88,91
2026-06-21,112,85.020282,79,82,88,91
2026-06-22,112,85.047712,79,82,88,91
2026-06-23,112,85.698259,80,83,89,92
2026-06-24,112,87.106508,81,84,90,93
2026-06-25,112,87.662741,82,85,91,93
2026-06-26,112,86.930884,81,84,90,93
2026-06-27,112,87.867217,82,85,91,94
2026-06-28,112,88.413320,83,85,91,94
2026-06-29,112,88.866813,83,86,92,94
2026-06-30,112,89.365064,84,86,92,95
2026-07-01,112,90.422637,85,88,93,96
2026-07-02,112,90.476320,85,88,93,96
2026-07-03,112,89.158472,84,86,92,95
2026-07-04,112,88.370103,83,85,91,94
2026-07-05,112,88.778666,83,86,92,94
2026-07-06,112,88.728310,83,86,92,94
2026-07-07,112,89.314820,84,86,92,95
2026-07-08,112,89.886302,85,87,93,95
2026-07-09,112,89.265689,84,86,92,94
2026-07-10,112,88.549011,83,86,91,94
2026-07-11,112,89.050260,84,86,92,94
2026-07-12,112,89.570683,84,87,92,95
2026-07-13,112,89.688229,84,87,92,95
2026-07-14,112,89.656582,85,87,92,95
2026-07-15,112,89.643354,85,87,92,95
2026-07-16,112,89.643028,85,87,92,95
2026-07-17,112,88.895548,84,86,92,94
2026-07-18,112,89.407667,84,87,92,94
2026-07-19,112,89.956354,85,87,93,95
2026-07-20,112,89.312710,84,87,92,94
2026-07-21,112,90.045080,85,87,93,95
2026-07-22,112,89.416628,84,87,92,94
2026-07-23,112,89.401196,84,87,92,94
2026-07-24,112,89.893423,85,87,92,95
2026-07-25,112,90.695789,86,88,93,96
2026-07-26,112,90.141218,85,88,93,95
2026-07-27,112,90.658158,86,88,93,95
2026-07-28,112,91.283703,87,89,94,96
2026-07-29,112,90.666906,86,88,93,95
2026-07-30,112,91.139877,87,89,94,96
2026-07-31,112,90.558096,86,88,93,95
2026-08-01,112,91.125930,87,89,94,96
2026-08-02,112,90.559212,86,88,93,95
2026-08-03,112,91.165324,87,89,94,96
2026-08-04,112,91.776663,87,89,94,96
2026-08-05,112,92.329831,88,90,95,97
2026-08-06,112,92.790256,88,91,95,97
2026-08-07,112,93.271546,89,91,96,97
2026-08-08,112,92.598519,88,90,95,97
2026-08-09,112,93.139644,89,91,95,97
2026-08-10,112,93.112570,89,91,95,97
2026-08-11,112,93.596464,89,91,96,98
2026-08-12,112,94.125520,90,92,96,98
2026-08-13,112,93.396565,89,91,96,97
2026-08-14,112,93.802286,90,92,96,98
2026-08-15,112,93.062580,89,91,95,97
2026-08-16,112,92.274916,88,90,94,96
2026-08-17,112,92.708756,89,91,95,96
2026-08-18,112,93.119339,89,91,95,97
2026-08-19,112,92.510394,89,91,94,96
2026-08-20,112,92.499427,89,91,94,96
2026-08-21,112,91.945597,88,90,94,96
2026-08-22,112,91.392561,88,90,93,95
2026-08-23,112,92.024542,88,90,94,96
2026-08-24,112,92.537973,89,91,94,96
2026-08-25,112,91.999804,89,90,94,95
2026-08-26,112,91.423955,88,90,93,95
2026-08-27,112,91.391809,88,90,93,95
2026-08-28,112,90.738217,87,89,92,94
2026-08-29,112,91.207275,88,90,93,94
2026-08-30,112,90.592384,87,89,92,94
2026-03-25,113,80.650821,73,76,85,89
2026-03-26,113,79.542488,72,75,84,88
2026-03-27,113,79.533192,71,75,84,88
2026-03-28,113,80.372205,72,76,85,88
2026-03-29,113,81.054885,73,77,85,89
2026-03-30,113,81.799204,74,78,86,90
2026-03-31,113,80.276064,72,76,84,88
2026-04-01,113,78.934328,71,75,83,87
2026-04-02,113,78.962650,71,75,83,87
2026-04-03,113,79.852330,72,76,84,88
2026-04-04,113,80.782633,73,77,85,89
2026-04-05,113,81.403636,74,77,85,89
2026-04-06,113,82.152329,74,78,86,90
2026-04-07,113,83.065654,75,79,87,91
2026-04-08,113,82.055819,74,78,86,90
2026-04-09,113,80.507048,73,76,85,88
2026-04-10,113,78.967725,71,75,83,87
2026-04-11,113,79.966450,72,76,84,88
2026-04-12,113,79.278875,72,75,83,87
2026-04-13,113,79.351727,72,75,83,87
2026-04-14,113,79.759574,72,76,84,87
2026-04-15,113,80.909454,73,77,85,89
2026-04-16,113,80.004421,72,76,84,88
2026-04-17,113,80.458929,73,77,84,88
2026-04-18,113,81.153154,74,77,85,89
2026-04-19,113,81.945973,74,78,86,89
2026-04-20,113,82.987101,75,79,87,90
2026-04-21,113,84.096985,77,80,88,91
2026-04-22,113,83.081302,76,79,87,91
2026-04-23,113,83.133193,76,79,87,91
2026-04-24,113,83.683603,76,80,88,91
2026-04-25,113,85.104470,78,81,89,92
2026-04-26,113,84.048389,77,80,88,91
2026-04-27,113,84.144873,77,80,88,92
2026-04-28,113,84.842028,78,81,89,92
2026-04-29,113,83.088988,76,79,87,90
2026-04-30,113,83.609234,76,80,87,91
2026-05-01,113,82.248018,75,78,86,90
2026-05-02,113,80.911882,74,77,85,88
2026-05-03,113,80.317005,73,76,84,87
2026-05-04,113,79.856794,73,76,84,87
2026-05-05,113,79.491838,72,76,83,87
2026-05-06,113,78.873619,72,75,83,86
2026-05-07,113,78.160161,71,74,82,85
2026-05-08,113,76.713548,70,73,80,84
2026-05-09,113,77.368803,70,74,81,84
2026-05-10,113,78.262870,71,75,82,85
2026-05-11,113,78.298538,71,75,82,85
2026-05-12,113,77.257976,70,74,81,84
2026-05-13,113,76.703002,70,73,80,84
2026-05-14,113,78.101199,71,75,82,85
2026-05-15,113,78.688304,72,75,82,86
2026-05-16,113,77.933893,71,74,81,85
2026-05-17,113,77.027211,70,73,81,84
2026-05-18,113,76.473735,70,73,80,83
2026-05-19,113,77.311693,71,74,81,84
2026-05-20,113,78.268624,72,75,82,85
2026-05-21,113,78.264047,72,75,82,85
2026-05-22,113,78.263961,71,75,82,85
2026-05-23,113,77.826242,71,74,81,85
2026-05-24,113,77.838638,71,74,81,84
2026-05-25,113,78.728654,72,75,82,85
2026-05-26,113,79.666812,73,76,83,86
2026-05-27,113,79.050091,73,76,82,86
2026-05-28,113,79.054375,72,76,83,86
2026-05-29,113,78.218895,72,75,82,85
2026-05-30,113,77.771856,71,74,81,84
2026-05-31,113,78.433087,72,75,82,85
2026-06-01,113,77.445624,71,74,81,84
2026-06-02,113,78.029392,72,75,81,84
2026-06-03,113,77.313823,71,74,81,84
2026-06-04,113,77.387196,71,74,81,84
2026-06-05,113,76.622812,70,73,80,83
2026-06-06,113,75.958670,70,73,79,82
2026-06-07,113,75.365536,69,72,79,82
2026-06-08,113,74.726075,69,71,78,81
2026-06-09,113,75.487058,69,72,79,82
2026-06-10,113,74.977756,69,72,78,81
2026-06-11,113,74.964667,69,72,78,81
2026-06-12,113,74.270911,68,71,77,80
2026-06-13,113,74.818617,69,72,78,81
2026-06-14,113,74.239340,68,71,77,80
2026-06-15,113,75.318258,69,72,79,81
2026-06-16,113,75.934586,70,73,79,82
2026-06-17,113,75.082960,69,72,78,81
2026-06-18,113,75.173408,69,72,78,81
2026-06-19,113,74.560436,69,71,78,80
2026-06-20,113,75.612551,70,72,79,82
2026-06-21,113,76.418467,71,73,80,82
2026-06-22,113,75.928271,70,73,79,82
2026-06-23,113,75.313156,69,72,78,81
2026-06-24,113,74.866046,69,72,78,81
2026-06-25,113,74.875586,69,72,78,81
2026-06-26,113,75.495203,70,73,78,81
2026-06-27,113,76.079337,70,73,79,82
2026-06-28,113,75.550819,70,73,79,81
2026-06-29,113,75.098904,70,72,78,81
2026-06-30,113,74.436614,69,71,77,80
2026-07-01,113,73.973358,68,71,77,80
2026-07-02,113,74.786662,69,72,78,80
2026-07-03,113,74.186622,69,71,77,80
2026-07-04,113,73.604681,68,71,76,79
2026-07-05,113,74.170268,69,71,77,80
2026-07-06,113,74.208006,69,71,77,80
2026-07-07,113,73.589680,68,71,76,79
2026-07-08,113,74.342949,69,72,77,80
2026-07-09,113,73.892901,69,71,77,79
2026-07-10,113,74.577692,69,72,77,80
2026-07-11,113,74.169891,69,71,77,79
2026-07-12,113,73.568475,68,71,76,79
2026-07-13,113,73.559146,68,71,76,79
2026-07-14,113,73.509943,68,71,76,79
2026-07-15,113,73.544343,68,71,76,79
2026-07-16,113,73.590052,68,71,76,79
2026-07-17,113,74.123885,69,71,77,79
2026-07-18,113,73.397442,68,71,76,78
2026-07-19,113,73.875517,69,71,76,79
2026-07-20,113,73.200275,68,71,76,78
2026-07-21,113,73.895348,69,71,76,79
2026-07-22,113,74.549005,70,72,77,79
2026-07-23,113,74.574328,70,72,77,79
2026-07-24,113,75.182581,70,73,78,80
2026-07-25,113,74.535122,70,72,77,79
2026-07-26,113,74.948840,70,72,77,80
2026-07-27,113,75.015992,70,72,78,80
2026-07-28,113,75.075058,70,73,78,80
2026-07-29,113,74.438933,70,72,77,79
2026-07-30,113,75.036055,70,73,77,80
2026-07-31,113,75.516603,71,73,78,80
2026-08-01,113,74.976337,71,73,77,80
2026-08-02,113,75.738432,71,73,78,80
2026-08-03,113,75.678217,71,73,78,80
2026-08-04,113,76.286665,72,74,79,81
2026-08-05,113,76.652729,72,74,79,81
2026-08-06,113,77.112468,73,75,79,81
2026-08-07,113,76.595034,72,74,79,81
2026-08-08,113,76.012804,72,74,78,80
2026-08-09,113,75.355691,71,73,78,80
2026-08-10,113,75.423786,71,73,78,80
2026-08-11,113,75.908867,72,74,78,80
2026-08-12,113,75.344216,71,73,78,79
2026-08-13,113,75.903591,72,74,78,80
2026-08-14,113,76.513025,73,74,79,81
2026-08-15,113,75.880404,72,74,78,80
2026-08-16,113,75.304346,71,73,77,79
2026-08-17,113,75.271740,71,73,77,79
2026-08-18,113,74.663417,71,73,77,78
2026-08-19,113,75.159561,71,73,77,79
2026-08-20,113,74.601574,71,73,76,78
2026-08-21,113,74.085151,71,72,76,78
2026-08-22,113,74.727071,71,73,77,78
2026-08-23,113,74.275882,71,72,76,78
2026-08-24,113,73.724816,70,72,76,77
2026-08-25,113,73.230775,70,71,75,77
2026-08-26,113,73.802069,71,72,76,77
2026-08-27,113,73.815469,71,72,76,77
2026-08-28,113,74.475011,71,73,76,78
2026-08-29,113,73.978262,71,72,76,77
2026-08-30,113,74.637015,72,73,76,78
2026-03-25,114,79.948146,72,76,84,88
2026-03-26,114,80.818943,73,77,85,89
2026-03-27,114,79.828648,72,76,84,88
2026-03-28,114,80.690914,73,76,85,89
2026-03-29,114,79.214542,71,75,83,87
2026-03-30,114,80.077757,72,76,84,88
2026-03-31,114,79.426668,72,75,84,87
2026-04-01,114,80.585180,73,76,85,89
2026-04-02,114,80.620624,73,76,85,89
2026-04-03,114,81.472811,74,77,86,89
2026-04-04,114,81.587492,74,77,86,89
2026-04-05,114,81.606657,74,77,86,90
2026-04-06,114,80.846122,73,77,85,89
2026-04-07,114,81.555633,74,77,86,89
2026-04-08,114,83.294105,75,79,87,91
2026-04-09,114,83.371157,76,79,87,91
2026-04-10,114,82.180120,74,78,86,90
2026-04-11,114,83.437797,76,79,88,91
2026-04-12,114,81.355640,74,77,85,89
2026-04-13,114,82.644357,75,79,87,90
2026-04-14,114,81.992067,74,78,86,90
2026-04-15,114,81.260427,74,77,85,89
2026-04-16,114,82.057093,74,78,86,90
2026-04-17,114,81.322249,74,77,85,89
2026-04-18,114,82.089793,75,78,86,90
2026-04-19,114,83.054759,76,79,87,91
2026-04-20,114,81.849721,74,78,86,89
2026-04-21,114,82.613859,75,79,87,90
2026-04-22,114,82.002949,75,78,86,90
2026-04-23,114,82.059210,75,78,86,89
2026-04-24,114,82.843234,75,79,87,90
2026-04-25,114,82.058327,75,78,86,89
2026-04-26,114,81.442315,74,78,85,89
2026-04-27,114,80.772688,73,77,85,88
2026-04-28,114,80.177294,73,76,84,87
2026-04-29,114,80.857416,74,77,85,88
2026-04-30,114,80.797266,73,77,85,88
2026-05-01,114,81.620396,74,78,85,89
2026-05-02,114,82.893397,76,79,87,90
2026-05-03,114,81.856012,75,78,86,89
2026-05-04,114,80.948871,74,77,85,88
2026-05-05,114,80.346836,73,77,84,87
2026-05-06,114,81.149349,74,77,85,88
2026-05-07,114,82.029947,75,78,86,89
2026-05-08,114,82.772318,76,79,87,90
2026-05-09,114,82.107189,75,78,86,89
2026-05-10,114,81.292920,74,78,85,88
2026-05-11,114,82.199432,75,79,86,89
2026-05-12,114,82.781478,76,79,86,90
2026-05-13,114,83.326828,77,80,87,90
2026-05-14,114,83.274603,76,80,87,90
2026-05-15,114,82.714220,76,79,86,90
2026-05-16,114,83.461872,77,80,87,90
2026-05-17,114,84.388800,78,81,88,91
2026-05-18,114,85.435268,79,82,89,92
2026-05-19,114,86.028649,79,83,90,93
2026-05-20,114,86.591091,80,83,90,93
2026-05-21,114,87.217591,81,84,91,94
2026-05-22,114,87.862018,81,84,91,95
2026-05-23,114,87.276282,81,84,91,94
2026-05-24,114,87.907120,81,84,91,95
2026-05-25,114,86.706144,80,83,90,93
2026-05-26,114,85.960608,79,82,89,92
2026-05-27,114,86.406669,80,83,90,93
2026-05-28,114,86.405879,80,83,90,93
2026-05-29,114,86.931828,80,84,90,93
2026-05-30,114,85.927204,80,83,89,92
2026-05-31,114,85.140109,79,82,88,91
2026-06-01,114,85.042316,79,82,88,91
2026-06-02,114,85.985221,80,83,89,92
2026-06-03,114,86.608721,80,83,90,93
2026-06-04,114,86.165329,80,83,89,92
2026-06-05,114,85.654841,79,82,89,92
2026-06-06,114,86.568431,80,83,90,93
2026-06-07,114,85.589308,79,82,89,92
2026-06-08,114,85.052277,79,82,88,91
2026-06-09,114,84.496772,78,81,88,91
2026-06-10,114,83.896332,78,81,87,90
2026-06-11,114,83.973665,78,81,87,90
2026-06-12,114,84.425183,78,81,88,91
2026-06-13,114,85.121868,79,82,88,91
2026-06-14,114,85.043599,79,82,88,91
2026-06-15,114,85.075570,79,82,88,91
2026-06-16,114,84.653218,79,81,88,91
2026-06-17,114,83.962472,78,81,87,90
2026-06-18,114,84.610133,79,82,88,90
2026-06-19,114,83.951994,78,81,87,90
2026-06-20,114,84.725985,79,82,88,90
2026-06-21,114,84.210167,78,81,87,90
2026-06-22,114,83.673188,78,81,87,90
2026-06-23,114,83.115375,77,80,86,89
2026-06-24,114,83.694939,78,81,87,89
2026-06-25,114,83.723570,78,81,87,89
2026-06-26,114,82.993250,77,80,86,89
2026-06-27,114,83.574915,78,81,87,89
2026-06-28,114,84.195871,79,81,87,90
2026-06-29,114,83.446879,78,81,86,89
2026-06-30,114,82.883643,77,80,86,88
2026-07-01,114,83.625656,78,81,87,89
2026-07-02,114,84.160201,79,81,87,90
2026-07-03,114,84.647560,79,82,88,90
2026-07-04,114,84.027045,79,81,87,89
2026-07-05,114,83.362211,78,81,86,89
2026-07-06,114,83.304121,78,80,86,89
2026-07-07,114,82.779468,77,80,86,88
2026-07-08,114,82.140797,77,79,85,87
2026-07-09,114,82.745744,78,80,85,88
2026-07-10,114,83.240243,78,80,86,88
2026-07-11,114,83.809024,79,81,87,89
2026-07-12,114,84.467101,79,82,87,90
2026-07-13,114,84.496408,79,82,87,90
2026-07-14,114,84.505446,79,82,87,90
2026-07-15,114,84.516846,79,82,87,90
2026-07-16,114,84.545801,79,82,87,90
2026-07-17,114,84.492082,79,82,87,90
2026-07-18,114,84.357901,79,82,87,89
2026-07-19,114,83.631100,79,81,86,89
2026-07-20,114,84.343552,79,82,87,89
2026-07-21,114,85.001875,80,82,88,90
2026-07-22,114,84.233211,79,82,87,89
2026-07-23,114,83.620011,79,81,86,88
2026-07-24,114,83.000672,78,80,86,88
2026-07-25,114,82.389214,78,80,85,87
2026-07-26,114,81.930647,77,79,84,87
2026-07-27,114,81.918826,77,79,84,87
2026-07-28,114,81.846803,77,79,84,86
2026-07-29,114,82.472190,78,80,85,87
2026-07-30,114,82.472073,78,80,85,87
2026-07-31,114,81.838765,77,79,84,86
2026-08-01,114,81.206650,77,79,84,86
2026-08-02,114,81.802055,77,79,84,86
2026-08-03,114,81.841339,77,79,84,86
2026-08-04,114,81.150357,77,79,83,86
2026-08-05,114,80.714308,76,78,83,85
2026-08-06,114,80.028993,76,78,82,84
2026-08-07,114,80.684050,76,78,83,85
2026-08-08,114,80.081396,76,78,82,84
2026-08-09,114,79.585009,75,77,82,84
2026-08-10,114,79.591609,75,77,82,84
2026-08-11,114,79.162489,75,77,81,83
2026-08-12,114,79.750679,76,78,82,84
2026-08-13,114,79.352038,75,77,81,83
2026-08-14,114,78.814335,75,77,81,83
2026-08-15,114,79.405699,76,77,81,83
2026-08-16,114,78.769748,75,77,81,83
2026-08-17,114,78.791552,75,77,81,83
2026-08-18,114,79.355928,76,77,81,83
2026-08-19,114,78.807680,75,77,81,83
2026-08-20,114,79.295270,76,77,81,83
2026-08-21,114,79.856447,76,78,82,83
2026-08-22,114,80.265551,77,78,82,84
2026-08-23,114,80.699646,77,79,83,84
2026-08-24,114,81.230639,78,79,83,85
2026-08-25,114,81.729226,78,80,84,85
2026-08-26,114,82.214445,79,80,84,86
2026-08-27,114,82.196215,79,80,84,86
2026-08-28,114,81.634488,78,80,83,85
2026-08-29,114,80.995742,78,79,83,84
2026-08-30,114,81.574566,78,80,83,85
2026-03-25,115,54.238732,47,50,58,62
2026-03-26,115,54.315967,47,50,58,62
2026-03-27,115,53.878428,46,50,58,62
2026-03-28,115,53.592887,46,50,58,61
2026-03-29,115,53.310754,46,49,57,61
2026-03-30,115,55.526077,48,51,59,63
2026-03-31,115,54.840425,47,51,59,62
2026-04-01,115,55.942107,48,52,60,63
2026-04-02,115,55.893887,48,52,60,63
2026-04-03,115,54.614878,47,51,59,62
2026-04-04,115,54.279162,47,50,58,62
2026-04-05,115,55.540895,48,52,59,63
2026-04-06,115,56.586549,49,53,60,64
2026-04-07,115,57.849478,50,54,62,65
2026-04-08,115,59.576664,52,56,63,67
2026-04-09,115,58.897114,52,55,63,66
2026-04-10,115,58.283834,51,54,62,66
2026-04-11,115,57.693179,50,54,62,65
2026-04-12,115,57.035359,50,53,61,64
2026-04-13,115,56.993747,50,53,61,64
2026-04-14,115,56.781219,50,53,61,64
2026-04-15,115,56.365590,49,52,60,64
2026-04-16,115,57.167486,50,53,61,64
2026-04-17,115,56.363077,49,53,60,64
2026-04-18,115,57.220769,50,53,61,64
2026-04-19,115,58.575599,51,55,62,66
2026-04-20,115,57.503407,50,54,61,65
2026-04-21,115,57.128356,50,53,61,64
2026-04-22,115,58.420949,51,55,62,66
2026-04-23,115,58.153468,51,54,62,65
2026-04-24,115,59.091326,52,55,63,66
2026-04-25,115,59.052270,52,55,63,66
2026-04-26,115,60.991109,54,57,65,68
2026-04-27,115,60.997816,54,57,65,68
2026-04-28,115,60.522405,54,57,64,68
2026-04-29,115,62.181742,55,58,66,69
2026-04-30,115,61.835124,55,58,65,69
2026-05-01,115,61.499542,55,58,65,68
2026-05-02,115,60.635430,54,57,64,68
2026-05-03,115,59.984705,53,56,64,67
2026-05-04,115,59.544609,53,56,63,66
2026-05-05,115,59.632158,53,56,63,66
2026-05-06,115,58.887846,52,55,62,66
2026-05-07,115,59.976368,53,56,63,67
2026-05-08,115,60.894176,54,57,64,68
2026-05-09,115,60.285059,54,57,64,67
2026-05-10,115,59.543227,53,56,63,66
2026-05-11,115,59.465915,53,56,63,66
2026-05-12,115,59.072430,53,56,63,66
2026-05-13,115,60.354777,54,57,64,67
2026-05-14,115,59.879466,53,56,63,67
2026-05-15,115,58.858155,52,55,62,66
2026-05-16,115,59.619874,53,56,63,66
2026-05-17,115,59.163583,53,56,63,66
2026-05-18,115,59.963458,53,57,63,67
2026-05-19,115,59.051051,53,56,62,66
2026-05-20,115,58.646326,52,55,62,65
2026-05-21,115,58.326441,52,55,62,65
2026-05-22,115,59.185475,53,56,62,66
2026-05-23,115,58.782850,52,55,62,65
2026-05-24,115,57.949279,52,55,61,64
2026-05-25,115,57.710817,51,54,61,64
2026-05-26,115,57.186521,51,54,60,64
2026-05-27,115,56.909701,51,54,60,63
2026-05-28,115,56.939654,51,54,60,63
2026-05-29,115,57.747022,52,54,61,64
2026-05-30,115,58.749233,53,55,62,65
2026-05-31,115,57.768569,52,54,61,64
2026-06-01,115,58.595558,53,55,62,65
2026-06-02,115,59.551597,53,56,63,66
2026-06-03,115,58.878788,53,56,62,65
2026-06-04,115,58.928965,53,56,62,65
2026-06-05,115,58.493188,53,55,62,64
2026-06-06,115,57.961936,52,55,61,64
2026-06-07,115,57.445361,52,54,61,63
2026-06-08,115,57.438002,52,54,61,63
2026-06-09,115,58.386505,53,55,61,64
2026-06-10,115,59.051261,53,56,62,65
2026-06-11,115,58.524249,53,55,62,64
2026-06-12,115,58.198971,52,55,61,64
2026-06-13,115,57.800094,52,55,61,64
2026-06-14,115,59.130910,53,56,62,65
2026-06-15,115,58.840409,53,56,62,65
2026-06-16,115,59.776831,54,57,63,65
2026-06-17,115,59.371947,54,56,62,65
2026-06-18,115,59.326744,54,56,62,65
2026-06-19,115,59.991226,54,57,63,66
2026-06-20,115,60.798538,55,58,64,66
2026-06-21,115,60.446926,55,58,63,66
2026-06-22,115,61.076327,55,58,64,67
2026-06-23,115,60.627393,55,58,64,66
2026-06-24,115,61.476669,56,58,64,67
2026-06-25,115,61.435241,56,58,64,67
2026-06-26,115,61.101349,56,58,64,67
2026-06-27,115,61.887118,57,59,65,67
2026-06-28,115,61.575850,56,59,64,67
2026-06-29,115,61.050817,56,58,64,66
2026-06-30,115,60.313878,55,58,63,66
2026-07-01,115,61.105952,56,58,64,66
2026-07-02,115,62.120447,57,59,65,67
2026-07-03,115,63.040002,58,60,66,68
2026-07-04,115,62.575000,57,60,65,68
2026-07-05,115,63.240486,58,60,66,68
2026-07-06,115,63.092307,58,60,66,68
2026-07-07,115,63.988395,59,61,67,69
2026-07-08,115,63.742933,59,61,66,69
2026-07-09,115,63.170247,58,60,66,68
2026-07-10,115,63.836587,59,61,66,69
2026-07-11,115,63.482275,59,61,66,68
2026-07-12,115,62.969848,58,60,66,68
2026-07-13,115,63.001418,58,60,66,68
2026-07-14,115,63.012334,58,60,66,68
2026-07-15,115,62.967960,58,60,66,68
2026-07-16,115,63.020551,58,60,66,68
2026-07-17,115,62.371725,57,60,65,67
2026-07-18,115,63.271011,58,61,66,68
2026-07-19,115,62.755470,58,60,65,68
2026-07-20,115,62.203116,58,60,65,67
2026-07-21,115,62.848750,58,60,65,68
2026-07-22,115,62.182131,57,60,65,67
2026-07-23,115,62.250602,58,60,65,67
2026-07-24,115,63.059252,58,61,65,68
2026-07-25,115,62.636400,58,60,65,67
2026-07-26,115,62.177194,58,60,65,67
2026-07-27,115,62.290193,58,60,65,67
2026-07-28,115,61.951139,57,60,64,67
2026-07-29,115,61.528004,57,59,64,66
2026-07-30,115,61.566611,57,59,64,66
2026-07-31,115,62.147740,58,60,64,67
2026-08-01,115,62.944811,59,61,65,67
2026-08-02,115,63.624393,59,61,66,68
2026-08-03,115,63.194960,59,61,65,68
2026-08-04,115,62.809194,59,61,65,67
2026-08-05,115,62.363864,58,60,65,67
2026-08-06,115,62.357919,58,60,65,67
2026-08-07,115,61.940867,58,60,64,66
2026-08-08,115,62.596216,58,60,65,67
2026-08-09,115,62.225739,58,60,64,66
2026-08-10,115,61.663604,58,59,64,66
2026-08-11,115,62.366607,58,60,64,66
2026-08-12,115,63.070391,59,61,65,67
2026-08-13,115,63.026257,59,61,65,67
2026-08-14,115,63.705347,60,62,66,68
2026-08-15,115,63.284924,60,61,65,67
2026-08-16,115,64.036062,60,62,66,68
2026-08-17,115,63.656540,60,62,66,67
2026-08-18,115,63.388072,60,61,65,67
2026-08-19,115,63.106147,59,61,65,67
2026-08-20,115,63.110532,59,61,65,67
2026-08-21,115,62.580992,59,61,64,66
2026-08-22,115,62.178523,59,60,64,66
2026-08-23,115,61.754995,58,60,64,65
2026-08-24,115,61.292782,58,59,63,65
2026-08-25,115,61.959189,59,60,64,65
2026-08-26,115,62.681468,59,61,64,66
2026-08-27,115,62.283928,59,61,64,66
2026-08-28,115,61.951205,59,60,64,65
2026-08-29,115,61.655205,59,60,63,65
2026-08-30,115,61.369074,58,60,63,65
2026-03-25,116,86.464082,79,82,91,94
2026-03-26,116,87.551297,79,83,92,96
2026-03-27,116,88.597051,81,84,93,97
2026-03-28,116,87.914280,80,84,92,96
2026-03-29,116,87.909958,80,84,92,96
2026-03-30,116,86.928178,79,83,91,95
2026-03-31,116,85.999974,78,82,90,94
2026-04-01,116,85.403913,78,81,90,93
2026-04-02,116,85.344617,77,81,90,93
2026-04-03,116,86.217174,78,82,90,94
2026-04-04,116,87.142785,79,83,91,95
2026-04-05,116,86.390070,78,82,91,94
2026-04-06,116,85.255617,78,81,89,93
2026-04-07,116,84.375779,77,80,89,92
2026-04-08,116,83.591267,76,80,88,91
2026-04-09,116,82.910049,75,79,87,91
2026-04-10,116,83.541934,76,80,88,91
2026-04-11,116,84.451791,77,80,88,92
2026-04-12,116,85.668761,78,82,90,93
2026-04-13,116,85.533299,78,81,90,93
2026-04-14,116,86.079740,78,82,90,94
2026-04-15,116,86.599441,79,83,91,94
2026-04-16,116,87.210742,80,83,91,95
2026-04-17,116,86.649241,79,83,91,94
2026-04-18,116,87.365426,80,83,91,95
2026-04-19,116,88.363262,81,84,92,96
2026-04-20,116,87.694527,80,84,92,95
2026-04-21,116,86.145569,79,82,90,94
2026-04-22,116,86.783489,79,83,91,94
2026-04-23,116,87.369035,80,84,91,95
2026-04-24,116,86.702043,79,83,91,94
2026-04-25,116,85.463995,78,82,89,93
2026-04-26,116,86.388265,79,83,90,94
2026-04-27,116,86.376442,79,83,90,94
2026-04-28,116,85.702722,78,82,90,93
2026-04-29,116,85.113612,78,81,89,92
2026-04-30,116,85.922682,79,82,90,93
2026-05-01,116,85.151635,78,81,89,92
2026-05-02,116,85.936135,79,82,90,93
2026-05-03,116,86.871317,80,83,91,94
2026-05-04,116,86.217947,79,82,90,93
2026-05-05,116,85.114733,78,81,89,92
2026-05-06,116,84.303264,77,81,88,91
2026-05-07,116,84.279993,77,81,88,91
2026-05-08,116,83.667655,77,80,87,91
2026-05-09,116,82.687059,76,79,86,90
2026-05-10,116,83.449917,76,80,87,90
2026-05-11,116,83.510288,77,80,87,90
2026-05-12,116,82.321710,75,79,86,89
2026-05-13,116,81.772676,75,78,85,89
2026-05-14,116,80.824240,74,77,85,88
2026-05-15,116,81.426431,75,78,85,88
2026-05-16,116,80.818790,74,77,84,88
2026-05-17,116,80.100404,73,77,84,87
2026-05-18,116,79.094901,72,76,83,86
2026-05-19,116,78.467819,72,75,82,85
2026-05-20,116,77.930910,71,74,81,85
2026-05-21,116,77.193417,71,74,81,84
2026-05-22,116,76.384166,70,73,80,83
2026-05-23,116,76.449133,70,73,80,83
2026-05-24,116,76.489731,70,73,80,83
2026-05-25,116,76.555403,70,73,80,83
2026-05-26,116,75.616511,69,72,79,82
2026-05-27,116,76.276015,70,73,80,83
2026-05-28,116,75.192646,69,72,79,82
2026-05-29,116,74.613419,68,71,78,81
2026-05-30,116,73.720906,67,70,77,80
2026-05-31,116,73.129405,67,70,77,79
2026-06-01,116,73.809280,67,70,77,80
2026-06-02,116,74.771494,68,71,78,81
2026-06-03,116,75.692416,69,72,79,82
2026-06-04,116,75.655855,69,72,79,82
2026-06-05,116,76.363001,70,73,80,83
2026-06-06,116,75.593907,69,72,79,82
2026-06-07,116,76.264476,70,73,80,83
2026-06-08,116,76.208337,70,73,79,82
2026-06-09,116,77.069150,71,74,80,83
2026-06-10,116,76.342368,70,73,80,83
2026-06-11,116,77.345007,71,74,81,83
2026-06-12,116,76.815423,71,74,80,83
2026-06-13,116,76.247975,70,73,79,82
2026-06-14,116,76.253158,70,73,79,82
2026-06-15,116,77.152756,71,74,80,83
2026-06-16,116,76.407213,70,73,80,82
2026-06-17,116,75.865826,70,73,79,82
2026-06-18,116,75.860651,70,73,79,82
2026-06-19,116,76.309350,70,73,79,82
2026-06-20,116,76.849215,71,74,80,83
2026-06-21,116,77.261060,71,74,80,83
2026-06-22,116,78.001801,72,75,81,84
2026-06-23,116,77.440151,72,74,81,83
2026-06-24,116,76.878395,71,74,80,83
2026-06-25,116,76.333418,71,73,79,82
2026-06-26,116,77.096270,71,74,80,83
2026-06-27,116,76.434032,71,73,79,82
2026-06-28,116,75.782933,70,73,79,81
2026-06-29,116,76.556521,71,74,80,82
2026-06-30,116,77.465067,72,75,80,83
2026-07-01,116,78.128074,73,75,81,84
2026-07-02,116,77.349684,72,74,80,83
2026-07-03,116,77.413179,72,75,80,83
2026-07-04,116,77.999390,73,75,81,83
2026-07-05,116,78.556256,73,76,81,84
2026-07-06,116,78.640028,73,76,81,84
2026-07-07,116,79.135814,74,76,82,84
2026-07-08,116,79.709941,74,77,82,85
2026-07-09,116,80.299841,75,78,83,86
2026-07-10,116,81.012844,76,78,84,86
2026-07-11,116,80.335069,75,78,83,86
2026-07-12,116,79.644961,74,77,82,85
2026-07-13,116,79.607824,74,77,82,85
2026-07-14,116,79.584666,74,77,82,85
2026-07-15,116,79.651296,74,77,82,85
2026-07-16,116,79.630134,74,77,82,85
2026-07-17,116,80.108598,75,77,83,85
2026-07-18,116,80.645269,76,78,83,86
2026-07-19,116,80.227057,75,78,83,85
2026-07-20,116,80.740837,76,78,83,86
2026-07-21,116,80.065704,75,77,83,85
2026-07-22,116,80.657050,76,78,83,86
2026-07-23,116,81.147193,76,79,84,86
2026-07-24,116,81.520098,77,79,84,86
2026-07-25,116,80.947079,76,78,83,86
2026-07-26,116,80.369388,76,78,83,85
2026-07-27,116,79.718419,75,77,82,84
2026-07-28,116,80.526008,76,78,83,85
2026-07-29,116,79.922812,75,78,82,84
2026-07-30,116,79.888107,75,77,82,84
2026-07-31,116,80.618119,76,78,83,85
2026-08-01,116,81.156810,77,79,84,86
2026-08-02,116,81.777748,77,79,84,86
2026-08-03,116,81.691350,77,79,84,86
2026-08-04,116,82.524951,78,80,85,87
2026-08-05,116,81.969595,78,80,84,86
2026-08-06,116,82.755386,78,80,85,87
2026-08-07,116,82.115354,78,80,84,86
2026-08-08,116,82.696365,78,80,85,87
2026-08-09,116,83.195681,79,81,85,87
2026-08-10,116,83.193342,79,81,85,87
2026-08-11,116,83.662101,80,81,86,88
2026-08-12,116,82.931127,79,81,85,87
2026-08-13,116,83.408136,79,81,86,87
2026-08-14,116,82.712262,79,81,85,87
2026-08-15,116,82.128777,78,80,84,86
2026-08-16,116,81.448419,78,79,83,85
2026-08-17,116,81.979693,78,80,84,86
2026-08-18,116,81.416990,78,79,83,85
2026-08-19,116,80.809543,77,79,83,85
2026-08-20,116,80.798978,77,79,83,84
2026-08-21,116,80.160219,77,78,82,84
2026-08-22,116,79.644069,76,78,82,83
2026-08-23,116,79.050528,75,77,81,83
2026-08-24,116,78.392538,75,77,80,82
2026-08-25,116,78.853462,75,77,81,82
2026-08-26,116,78.242050,75,76,80,82
2026-08-27,116,78.278738,75,77,80,82
2026-08-28,116,77.805443,75,76,80,81
2026-08-29,116,78.392324,75,77,80,82
2026-08-30,116,77.867477,75,76,80,81
2026-03-25,117,87.198677,79,83,91,95
2026-03-26,117,85.825361,78,82,90,94
2026-03-27,117,84.786151,77,81,89,93
2026-03-28,117,85.695579,78,81,90,94
2026-03-29,117,86.235972,78,82,90,94
2026-03-30,117,87.490152,79,83,92,95
2026-03-31,117,88.695687,81,85,93,97
2026-04-01,117,89.457915,81,85,94,97
2026-04-02,117,89.442283,82,85,94,97
2026-04-03,117,87.935236,80,84,92,96
2026-04-04,117,89.569836,82,85,94,97
2026-04-05,117,88.697873,81,85,93,97
2026-04-06,117,87.882317,80,84,92,96
2026-04-07,117,86.811410,79,83,91,94
2026-04-08,117,85.401775,78,81,89,93
2026-04-09,117,85.356256,78,81,89,93
2026-04-10,117,84.569078,77,81,89,92
2026-04-11,117,83.959148,76,80,88,92
2026-04-12,117,82.946597,75,79,87,91
2026-04-13,117,82.024132,75,78,86,90
2026-04-14,117,82.352906,75,78,86,90
2026-04-15,117,82.900537,75,79,87,91
2026-04-16,117,82.180718,75,78,86,90
2026-04-17,117,80.958053,73,77,85,89
2026-04-18,117,80.260379,73,76,84,88
2026-04-19,117,79.453181,72,75,83,87
2026-04-20,117,80.570052,73,77,85,88
2026-04-21,117,79.730322,72,76,84,87
2026-04-22,117,80.269360,73,76,84,88
2026-04-23,117,80.244564,73,76,84,88
2026-04-24,117,79.062993,72,75,83,86
2026-04-25,117,78.435790,71,75,82,86
2026-04-26,117,79.123101,72,75,83,87
2026-04-27,117,79.044829,72,75,83,86
2026-04-28,117,78.527584,71,75,82,86
2026-04-29,117,78.542642,71,75,82,86
2026-04-30,117,78.426889,71,75,82,86
2026-05-01,117,77.786149,70,74,82,85
2026-05-02,117,78.533037,71,75,82,86
2026-05-03,117,79.216565,72,75,83,86
2026-05-04,117,78.443025,71,75,82,86
2026-05-05,117,79.152652,72,76,83,86
2026-05-06,117,78.019435,71,74,82,85
2026-05-07,117,78.048730,71,74,82,85
2026-05-08,117,79.421190,72,76,83,86
2026-05-09,117,78.526625,72,75,82,86
2026-05-10,117,77.796108,71,74,82,85
2026-05-11,117,77.006638,70,73,81,84
2026-05-12,117,75.904194,69,72,80,83
2026-05-13,117,76.553538,70,73,80,84
2026-05-14,117,75.664102,69,72,79,83
2026-05-15,117,76.284879,69,73,80,83
2026-05-16,117,77.077992,70,73,81,84
2026-05-17,117,76.087254,69,72,80,83
2026-05-18,117,75.351103,68,72,79,82
2026-05-19,117,75.855341,69,72,79,83
2026-05-20,117,75.031628,68,72,79,82
2026-05-21,117,75.047728,68,71,79,82
2026-05-22,117,75.715122,69,72,79,82
2026-05-23,117,76.485865,70,73,80,83
2026-05-24,117,77.257211,71,74,81,84
2026-05-25,117,78.492095,72,75,82,85
2026-05-26,117,77.786343,71,74,81,84
2026-05-27,117,78.454352,72,75,82,85
2026-05-28,117,79.195218,73,76,83,86
2026-05-29,117,78.649397,72,75,82,85
2026-05-30,117,79.600019,73,76,83,86
2026-05-31,117,79.046375,73,76,82,85
2026-06-01,117,79.112292,73,76,82,85
2026-06-02,117,78.295151,72,75,82,85
2026-06-03,117,78.861146,73,76,82,85
2026-06-04,117,78.073327,72,75,81,84
2026-06-05,117,78.772028,72,76,82,85
2026-06-06,117,79.802174,74,76,83,86
2026-06-07,117,78.909079,73,76,82,85
2026-06-08,117,79.360661,73,76,83,86
2026-06-09,117,78.369149,72,75,82,84
2026-06-10,117,77.763874,72,75,81,84
2026-06-11,117,77.776437,72,75,81,84
2026-06-12,117,78.317918,72,75,82,84
2026-06-13,117,78.914703,73,76,82,85
2026-06-14,117,78.252371,72,75,81,84
2026-06-15,117,77.435859,71,74,81,83
2026-06-16,117,78.114687,72,75,81,84
2026-06-17,117,78.660975,73,76,82,85
2026-06-18,117,78.601872,73,76,82,84
2026-06-19,117,79.414541,74,76,83,85
2026-06-20,117,78.585426,73,75,82,85
2026-06-21,117,79.094955,73,76,82,85
2026-06-22,117,78.567831,73,75,82,84
2026-06-23,117,79.108453,73,76,82,85
2026-06-24,117,79.837719,74,77,83,85
2026-06-25,117,80.356277,75,77,83,86
2026-06-26,117,79.471632,74,77,82,85
2026-06-27,117,80.154541,74,77,83,86
2026-06-28,117,80.770457,75,78,84,86
2026-06-29,117,80.199241,75,77,83,86
2026-06-30,117,80.647924,75,78,84,86
2026-07-01,117,79.943782,74,77,83,85
2026-07-02,117,79.945407,74,77,83,85
2026-07-03,117,79.364301,74,76,82,85
2026-07-04,117,79.937315,75,77,83,85
2026-07-05,117,80.534404,75,78,83,86
2026-07-06,117,80.000862,75,77,83,85
2026-07-07,117,80.621438,75,78,83,86
2026-07-08,117,79.937999,75,77,83,85
2026-07-09,117,79.961750,75,77,83,85
2026-07-10,117,79.414127,74,77,82,85
2026-07-11,117,80.100687,75,77,83,85
2026-07-12,117,79.589962,74,77,82,85
2026-07-13,117,79.582940,75,77,82,85
2026-07-14,117,79.538305,74,77,82,85
2026-07-15,117,79.611905,74,77,82,85
2026-07-16,117,79.504466,74,77,82,85
2026-07-17,117,79.103803,74,76,82,84
2026-07-18,117,78.515047,73,76,81,83
2026-07-19,117,77.879332,73,75,80,83
2026-07-20,117,78.379195,74,76,81,83
2026-07-21,117,78.942873,74,76,82,84
2026-07-22,117,79.444247,75,77,82,84
2026-07-23,117,79.514335,75,77,82,84
2026-07-24,117,80.129402,75,78,83,85
2026-07-25,117,80.700729,76,78,83,85
2026-07-26,117,79.940334,75,77,82,85
2026-07-27,117,80.460416,76,78,83,85
2026-07-28,117,80.953047,76,78,83,86
2026-07-29,117,81.464264,77,79,84,86
2026-07-30,117,81.387025,77,79,84,86
2026-07-31,117,82.176931,78,80,85,87
2026-08-01,117,82.614950,78,80,85,87
2026-08-02,117,83.212076,79,81,86,88
2026-08-03,117,82.642765,78,80,85,87
2026-08-04,117,83.275365,79,81,86,88
2026-08-05,117,82.706369,78,80,85,87
2026-08-06,117,82.701801,78,80,85,87
2026-08-07,117,83.293624,79,81,86,87
2026-08-08,117,82.815147,79,81,85,87
2026-08-09,117,82.249012,78,80,84,86
2026-08-10,117,82.782685,79,81,85,87
2026-08-11,117,82.229007,78,80,84,86
2026-08-12,117,82.749845,79,81,85,87
2026-08-13,117,82.728870,79,81,85,87
2026-08-14,117,83.269923,79,81,85,87
2026-08-15,117,82.605964,79,81,85,87
2026-08-16,117,82.061852,78,80,84,86
2026-08-17,117,82.114745,78,80,84,86
2026-08-18,117,81.562448,78,80,84,85
2026-08-19,117,81.908435,78,80,84,86
2026-08-20,117,81.162173,77,79,83,85
2026-08-21,117,81.550467,78,80,83,85
2026-08-22,117,80.904914,77,79,83,84
2026-08-23,117,80.318545,77,78,82,84
2026-08-24,117,80.328764,77,78,82,84
2026-08-25,117,80.993482,77,79,83,84
2026-08-26,117,80.476813,77,79,82,84
2026-08-27,117,81.128591,78,79,83,85
2026-08-28,117,81.662197,78,80,83,85
2026-08-29,117,81.139789,78,79,83,84
2026-08-30,117,81.727377,79,80,83,85
2026-03-25,118,83.402564,75,79,88,92
2026-03-26,118,83.410566,75,79,88,92
2026-03-27,118,82.354224,74,78,87,90
2026-03-28,118,81.460505,73,77,86,90
2026-03-29,118,81.975578,74,78,86,90
2026-03-30,118,82.747214,75,79,87,91
2026-03-31,118,82.750857,75,79,87,91
2026-04-01,118,84.076565,76,80,88,92
2026-04-02,118,82.933160,75,79,87,91
2026-04-03,118,82.805249,75,79,87,91
2026-04-04,118,83.285537,75,79,87,91
2026-04-05,118,82.486135,75,78,87,90
2026-04-06,118,83.330781,75,79,87,91
2026-04-07,118,82.623785,75,79,87,91
2026-04-08,118,81.201128,73,77,85,89
2026-04-09,118,80.169220,72,76,84,88
2026-04-10,118,80.785986,73,77,85,89
2026-04-11,118,81.335135,74,77,85,89
2026-04-12,118,80.592548,73,77,85,88
2026-04-13,118,80.436265,73,76,85,88
2026-04-14,118,79.840819,72,76,84,88
2026-04-15,118,79.288416,72,75,83,87
2026-04-16,118,78.819066,71,75,83,86
2026-04-17,118,78.137198,71,74,82,86
2026-04-18,118,76.863411,69,73,81,84
2026-04-19,118,75.577674,68,72,80,83
2026-04-20,118,75.091727,68,71,79,83
2026-04-21,118,75.750852,68,72,80,83
2026-04-22,118,75.136897,68,71,79,82
2026-04-23,118,75.130543,68,71,79,83
2026-04-24,118,76.013732,69,72,80,84
2026-04-25,118,77.559482,70,74,81,85
2026-04-26,118,78.135232,71,74,82,85
2026-04-27,118,78.196692,71,74,82,85
2026-04-28,118,78.926964,72,75,83,86
2026-04-29,118,78.110480,71,74,82,85
2026-04-30,118,77.329290,70,73,81,85
2026-05-01,118,78.042923,71,74,82,85
2026-05-02,118,78.690008,71,75,83,86
2026-05-03,118,79.595944,72,76,83,87
2026-05-04,118,80.364518,73,77,84,87
2026-05-05,118,80.998904,74,77,85,88
2026-05-06,118,80.336379,73,77,84,87
2026-05-07,118,79.584080,72,76,83,87
2026-05-08,118,80.110343,73,76,84,87
2026-05-09,118,80.913951,74,77,85,88
2026-05-10,118,80.263113,73,77,84,87
2026-05-11,118,80.169818,73,77,84,87
2026-05-12,118,79.566568,73,76,83,86
2026-05-13,118,78.967969,72,75,83,86
2026-05-14,118,78.065763,71,74,82,85
2026-05-15,118,77.506670,71,74,81,84
2026-05-16,118,76.802376,70,73,80,84
2026-05-17,118,77.378414,71,74,81,84
2026-05-18,118,76.684237,70,73,80,83
2026-05-19,118,75.694109,69,72,79,82
2026-05-20,118,75.191671,68,72,79,82
2026-05-21,118,75.179955,68,72,79,82
2026-05-22,118,74.542825,68,71,78,81
2026-05-23,118,75.452951,69,72,79,82
2026-05-24,118,76.166914,69,73,80,83
2026-05-25,118,75.712391,69,72,79,82
2026-05-26,118,74.413546,68,71,78,81
2026-05-27,118,73.568545,67,70,77,80
2026-05-28,118,73.545092,67,70,77,80
2026-05-29,118,72.701421,66,69,76,79
2026-05-30,118,72.265573,66,69,76,79
2026-05-31,118,71.696560,65,68,75,78
2026-06-01,118,72.666029,66,69,76,79
2026-06-02,118,72.083414,66,69,75,79
2026-06-03,118,72.872414,67,70,76,79
2026-06-04,118,73.479523,67,70,77,80
2026-06-05,118,72.892785,67,70,76,79
2026-06-06,118,73.439934,67,70,77,80
2026-06-07,118,73.996130,68,71,77,80
2026-06-08,118,73.999560,68,71,77,80
2026-06-09,118,74.581565,68,71,78,81
2026-06-10,118,74.139833,68,71,77,80
2026-06-11,118,73.539528,67,70,77,80
2026-06-12,118,72.895872,67,70,76,79
2026-06-13,118,72.400411,66,69,76,78
2026-06-14,118,73.093420,67,70,76,79
2026-06-15,118,72.298946,66,69,75,78
2026-06-16,118,71.701927,66,69,75,78
2026-06-17,118,72.439593,67,69,76,78
2026-06-18,118,73.298531,67,70,76,79
2026-06-19,118,73.919983,68,71,77,80
2026-06-20,118,73.760410,68,71,77,80
2026-06-21,118,73.123507,67,70,76,79
2026-06-22,118,73.732922,68,71,77,79
2026-06-23,118,74.586344,69,72,78,80
2026-06-24,118,74.020407,68,71,77,80
2026-06-25,118,73.094284,67,70,76,79
2026-06-26,118,71.694343,66,69,75,77
2026-06-27,118,71.246993,66,68,74,77
2026-06-28,118,71.759790,66,69,75,77
2026-06-29,118,71.711196,66,69,75,77
2026-06-30,118,71.096054,66,68,74,77
2026-07-01,118,70.376951,65,67,73,76
2026-07-02,118,69.761795,64,67,73,75
2026-07-03,118,69.826283,64,67,73,75
2026-07-04,118,69.198317,64,66,72,75
2026-07-05,118,69.894401,64,67,73,75
2026-07-06,118,70.907008,66,68,74,76
2026-07-07,118,71.660583,66,69,74,77
2026-07-08,118,70.990835,66,68,74,76
2026-07-09,118,70.441791,65,68,73,76
2026-07-10,118,69.954543,65,67,73,75
2026-07-11,118,69.303042,64,67,72,74
2026-07-12,118,68.764671,64,66,71,74
2026-07-13,118,68.724550,64,66,71,74
2026-07-14,118,68.707146,64,66,71,74
2026-07-15,118,68.729608,64,66,71,74
2026-07-16,118,68.693248,64,66,71,74
2026-07-17,118,69.285763,64,67,72,74
2026-07-18,118,69.874212,65,67,73,75
2026-07-19,118,68.916138,64,66,72,74
2026-07-20,118,69.477799,65,67,72,74
2026-07-21,118,70.014667,65,67,73,75
2026-07-22,118,70.592113,66,68,73,75
2026-07-23,118,70.104885,65,68,73,75
2026-07-24,118,69.712217,65,67,72,75
2026-07-25,118,70.358668,66,68,73,75
2026-07-26,118,70.984657,66,69,73,76
2026-07-27,118,70.991073,66,69,73,76
2026-07-28,118,70.465730,66,68,73,75
2026-07-29,118,71.035657,66,69,74,76
2026-07-30,118,70.615868,66,68,73,75
2026-07-31,118,69.991335,65,68,72,75
2026-08-01,118,69.254517,65,67,72,74
2026-08-02,118,68.540337,64,66,71,73
2026-08-03,118,68.526933,64,66,71,73
2026-08-04,118,69.138872,65,67,71,73
2026-08-05,118,69.723858,65,67,72,74
2026-08-06,118,69.127656,65,67,71,73
2026-08-07,118,68.728868,64,66,71,73
2026-08-08,118,69.340679,65,67,72,74
2026-08-09,118,68.798473,65,67,71,73
2026-08-10,118,68.521655,64,66,71,73
2026-08-11,118,68.128415,64,66,70,72
2026-08-12,118,67.864527,64,66,70,72
2026-08-13,118,67.839516,64,66,70,72
2026-08-14,118,68.342987,64,66,70,72
2026-08-15,118,67.834529,64,66,70,72
2026-08-16,118,68.386134,65,66,70,72
2026-08-17,118,68.876735,65,67,71,73
2026-08-18,118,69.306544,66,67,71,73
2026-08-19,118,69.754601,66,68,72,73
2026-08-20,118,70.278465,67,68,72,74
2026-08-21,118,70.848751,67,69,73,74
2026-08-22,118,71.419682,68,70,73,75
2026-08-23,118,71.986862,69,70,74,75
2026-08-24,118,72.031989,69,70,74,76
2026-08-25,118,72.585745,69,71,74,76
2026-08-26,118,72.130468,69,70,74,76
2026-08-27,118,72.803414,70,71,75,76
2026-08-28,118,73.365936,70,72,75,77
2026-08-29,118,73.947134,71,72,76,77
2026-08-30,118,73.437206,70,72,75,77
2026-03-25,119,105.326020,97,101,109,113
2026-03-26,119,106.036752,98,102,110,114
2026-03-27,119,106.429635,99,102,111,114
2026-03-28,119,106.918098,99,103,111,115
2026-03-29,119,106.922341,99,103,111,115
2026-03-30,119,105.834766,98,102,110,113
2026-03-31,119,106.388016,99,102,110,114
2026-04-01,119,105.082752,97,101,109,113
2026-04-02,119,105.126762,98,101,109,113
2026-04-03,119,106.083768,98,102,110,114
2026-04-04,119,106.724100,99,103,111,114
2026-04-05,119,106.998566,100,103,111,114
2026-04-06,119,108.237157,101,104,112,116
2026-04-07,119,108.832753,102,105,113,116
2026-04-08,119,107.882165,100,104,112,115
2026-04-09,119,107.890727,100,104,112,115
2026-04-10,119,108.038481,101,104,112,115
2026-04-11,119,108.682056,101,105,113,116
2026-04-12,119,107.588127,100,104,111,115
2026-04-13,119,108.409153,101,105,112,116
2026-04-14,119,108.701853,101,105,113,116
2026-04-15,119,109.504156,102,106,113,117
2026-04-16,119,109.434178,102,106,113,117
2026-04-17,119,110.108925,103,106,114,117
2026-04-18,119,109.043679,102,105,113,116
2026-04-19,119,107.823211,101,104,112,115
2026-04-20,119,108.603506,101,105,112,116
2026-04-21,119,107.839055,101,104,112,115
2026-04-22,119,106.855000,100,103,111,114
2026-04-23,119,107.495004,100,104,111,115
2026-04-24,119,106.590288,100,103,110,114
2026-04-25,119,107.362735,100,104,111,114
2026-04-26,119,108.173467,101,105,112,115
2026-04-27,119,108.381832,101,105,112,115
2026-04-28,119,107.689543,101,104,111,115
2026-04-29,119,106.754676,100,103,110,114
2026-04-30,119,106.836047,100,103,111,114
2026-05-01,119,105.651866,99,102,109,113
2026-05-02,119,104.907272,98,101,109,112
2026-05-03,119,105.376202,99,102,109,112
2026-05-04,119,106.080573,99,103,110,113
2026-05-05,119,105.293790,99,102,109,112
2026-05-06,119,106.157588,99,103,110,113
2026-05-07,119,106.153854,100,103,110,113
2026-05-08,119,106.771153,100,103,110,113
2026-05-09,119,105.675277,99,102,109,112
2026-05-10,119,104.614068,98,101,108,111
2026-05-11,119,103.203874,96,100,107,110
2026-05-12,119,102.205879,96,99,106,109
2026-05-13,119,102.683743,96,99,106,109
2026-05-14,119,103.096962,96,100,107,110
2026-05-15,119,103.739189,97,100,107,110
2026-05-16,119,104.800676,98,101,108,111
2026-05-17,119,105.541743,99,102,109,112
2026-05-18,119,104.829431,98,102,108,111
2026-05-19,119,105.125064,99,102,109,111
2026-05-20,119,105.715505,99,102,109,112
2026-05-21,119,105.722703,99,102,109,112
2026-05-22,119,104.855652,98,102,108,111
2026-05-23,119,105.695150,99,102,109,112
2026-05-24,119,106.221186,100,103,110,112
2026-05-25,119,106.449347,100,103,110,113
2026-05-26,119,106.870637,101,104,110,113
2026-05-27,119,107.214704,101,104,111,113
2026-05-28,119,107.236966,101,104,110,113
2026-05-29,119,107.673846,101,104,111,114
2026-05-30,119,106.866708,101,104,110,113
2026-05-31,119,107.475553,101,104,111,113
2026-06-01,119,106.696115,101,104,110,113
2026-06-02,119,107.008389,101,104,110,113
2026-06-03,119,107.679795,102,105,111,114
2026-06-04,119,106.844442,101,104,110,113
2026-06-05,119,107.269703,101,104,110,113
2026-06-06,119,107.794038,102,105,111,114
2026-06-07,119,106.467821,101,103,110,112
2026-06-08,119,106.467892,101,103,110,112
2026-06-09,119,107.146264,101,104,110,113
2026-06-10,119,106.273655,101,103,109,112
2026-06-11,119,106.703928,101,104,110,112
2026-06-12,119,105.662504,100,103,109,111
2026-06-13,119,106.115094,100,103,109,112
2026-06-14,119,105.246330,99,102,108,111
2026-06-15,119,105.574256,100,103,109,111
2026-06-16,119,105.796294,100,103,109,111
2026-06-17,119,106.074624,100,103,109,112
2026-06-18,119,106.007402,100,103,109,112
2026-06-19,119,106.323563,101,103,109,112
2026-06-20,119,105.621703,100,103,109,111
2026-06-21,119,104.335040,99,101,107,110
2026-06-22,119,104.795195,99,102,108,110
2026-06-23,119,105.276338,100,102,108,111
2026-06-24,119,105.545865,100,103,108,111
2026-06-25,119,105.522697,100,103,108,111
2026-06-26,119,104.662962,99,102,108,110
2026-06-27,119,105.485750,100,103,108,111
2026-06-28,119,105.896885,101,103,109,111
2026-06-29,119,106.290565,101,104,109,112
2026-06-30,119,106.865107,102,104,110,112
2026-07-01,119,105.907365,101,103,109,111
2026-07-02,119,106.252065,101,104,109,111
2026-07-03,119,106.638048,101,104,109,112
2026-07-04,119,107.071655,102,104,110,112
2026-07-05,119,106.117913,101,103,109,111
2026-07-06,119,106.201808,101,104,109,111
2026-07-07,119,105.483771,100,103,108,110
2026-07-08,119,105.617034,101,103,108,111
2026-07-09,119,105.653093,101,103,108,111
2026-07-10,119,104.648588,100,102,107,110
2026-07-11,119,103.702916,99,101,106,109
2026-07-12,119,102.975286,98,100,106,108
2026-07-13,119,102.904946,98,100,106,108
2026-07-14,119,102.906621,98,100,106,108
2026-07-15,119,102.916832,98,100,106,108
2026-07-16,119,102.861376,98,100,106,108
2026-07-17,119,103.258527,98,101,106,108
2026-07-18,119,103.288120,98,101,106,108
2026-07-19,119,103.247019,99,101,106,108
2026-07-20,119,102.519965,98,100,105,107
2026-07-21,119,102.956361,98,100,105,108
2026-07-22,119,103.377090,99,101,106,108
2026-07-23,119,103.346054,99,101,106,108
2026-07-24,119,103.802847,99,101,106,108
2026-07-25,119,104.177160,100,102,107,109
2026-07-26,119,103.347335,99,101,106,108
2026-07-27,119,103.343600,99,101,106,108
2026-07-28,119,102.660605,98,100,105,107
2026-07-29,119,103.021934,99,101,105,107
2026-07-30,119,103.466690,99,101,106,108
2026-07-31,119,102.670759,98,100,105,107
2026-08-01,119,101.978828,98,100,104,106
2026-08-02,119,101.238301,97,99,104,106
2026-08-03,119,100.552362,96,98,103,105
2026-08-04,119,99.830868,96,98,102,104
2026-08-05,119,99.198073,95,97,101,103
2026-08-06,119,99.219791,95,97,101,103
2026-08-07,119,98.654415,94,96,101,103
2026-08-08,119,98.999165,95,97,101,103
2026-08-09,119,98.298904,94,96,100,102
2026-08-10,119,98.611570,95,97,101,103
2026-08-11,119,98.945813,95,97,101,103
2026-08-12,119,99.270017,95,97,101,103
2026-08-13,119,98.659388,95,97,101,102
2026-08-14,119,99.073843,95,97,101,103
2026-08-15,119,98.422020,95,96,100,102
2026-08-16,119,97.744460,94,96,100,101
2026-08-17,119,98.134654,94,96,100,102
2026-08-18,119,98.417455,95,97,100,102
2026-08-19,119,98.721093,95,97,101,102
2026-08-20,119,98.719601,95,97,101,102
2026-08-21,119,99.095434,96,97,101,103
2026-08-22,119,99.497602,96,98,101,103
2026-08-23,119,99.842156,96,98,102,103
2026-08-24,119,99.840734,96,98,102,103
2026-08-25,119,99.290364,96,98,101,103
2026-08-26,119,98.709999,95,97,100,102
2026-08-27,119,98.137740,95,96,100,101
2026-08-28,119,98.594600,95,97,100,102
2026-08-29,119,98.019302,95,96,100,101
2026-08-30,119,98.508421,95,97,100,101
2026-03-25,120,64.723670,57,61,69,73
2026-03-26,120,66.043524,58,62,70,74
2026-03-27,120,66.015488,58,62,70,74
2026-03-28,120,65.013991,57,61,69,73
2026-03-29,120,66.205417,58,62,70,74
2026-03-30,120,68.045861,60,64,72,76
2026-03-31,120,67.757473,60,64,72,76
2026-04-01,120,67.326130,60,63,71,75
2026-04-02,120,67.310359,60,63,71,75
2026-04-03,120,66.375594,59,62,71,74
2026-04-04,120,65.568180,58,61,70,73
2026-04-05,120,65.218157,57,61,69,73
2026-04-06,120,66.009541,58,62,70,74
2026-04-07,120,65.619653,58,62,70,73
2026-04-08,120,64.657834,57,61,69,72
2026-04-09,120,64.643552,57,61,69,72
2026-04-10,120,65.846313,58,62,70,73
2026-04-11,120,66.826037,59,63,71,74
2026-04-12,120,67.699462,60,64,72,75
2026-04-13,120,66.512255,59,62,71,74
2026-04-14,120,67.263799,60,63,71,75
2026-04-15,120,66.938163,60,63,71,74
2026-04-16,120,67.662942,60,64,72,75
2026-04-17,120,67.014828,60,63,71,74
2026-04-18,120,66.541753,59,63,70,74
2026-04-19,120,67.410803,60,63,71,75
2026-04-20,120,66.668627,59,63,71,74
2026-04-21,120,68.082296,61,64,72,75
2026-04-22,120,67.639032,60,64,72,75
2026-04-23,120,66.839706,60,63,71,74
2026-04-24,120,66.310090,59,62,70,74
2026-04-25,120,67.216047,60,63,71,74
2026-04-26,120,67.997302,61,64,72,75
2026-04-27,120,67.934632,61,64,72,75
2026-04-28,120,66.949774,60,63,71,74
2026-04-29,120,68.658772,61,65,72,76
2026-04-30,120,69.557610,62,66,73,77
2026-05-01,120,68.787770,62,65,73,76
2026-05-02,120,68.282599,61,65,72,75
2026-05-03,120,69.053963,62,65,73,76
2026-05-04,120,69.199066,62,65,73,76
2026-05-05,120,68.011069,61,64,72,75
2026-05-06,120,69.491663,63,66,73,77
2026-05-07,120,70.257553,63,67,74,77
2026-05-08,120,71.115567,64,67,75,78
2026-05-09,120,70.576199,64,67,74,78
2026-05-10,120,69.986531,63,66,74,77
2026-05-11,120,69.929999,63,66,74,77
2026-05-12,120,70.927513,64,67,75,78
2026-05-13,120,71.581215,65,68,75,78
2026-05-14,120,70.373247,64,67,74,77
2026-05-15,120,71.047148,64,67,75,78
2026-05-16,120,72.326883,66,69,76,79
2026-05-17,120,71.587739,65,68,75,78
2026-05-18,120,70.611188,64,67,74,77
2026-05-19,120,71.449825,65,68,75,78
2026-05-20,120,72.474822,66,69,76,79
2026-05-21,120,71.965398,65,68,76,79
2026-05-22,120,71.761593,65,68,75,78
2026-05-23,120,72.478734,66,69,76,79
2026-05-24,120,73.191826,67,70,77,80
2026-05-25,120,74.360662,68,71,78,81
2026-05-26,120,75.139392,69,72,79,82
2026-05-27,120,74.725114,68,71,78,81
2026-05-28,120,74.842989,68,72,78,81
2026-05-29,120,74.277218,68,71,78,81
2026-05-30,120,75.069333,69,72,78,81
2026-05-31,120,75.821443,69,72,79,82
2026-06-01,120,75.151375,69,72,79,82
2026-06-02,120,74.471815,68,71,78,81
2026-06-03,120,73.884982,68,71,77,80
2026-06-04,120,73.822665,68,71,77,80
2026-06-05,120,75.134600,69,72,78,81
2026-06-06,120,76.052611,70,73,79,82
2026-06-07,120,75.393907,69,72,79,82
2026-06-08,120,75.994211,70,73,79,82
2026-06-09,120,76.699405,71,73,80,83
2026-06-10,120,76.161890,70,73,79,82
2026-06-11,120,76.187022,70,73,79,82
2026-06-12,120,75.523144,70,72,79,82
2026-06-13,120,76.260423,70,73,79,82
2026-06-14,120,77.241674,71,74,80,83
2026-06-15,120,77.965461,72,75,81,84
2026-06-16,120,78.653228,73,76,82,85
2026-06-17,120,77.990557,72,75,81,84
2026-06-18,120,77.964255,72,75,81,84
2026-06-19,120,77.434226,72,74,80,83
2026-06-20,120,78.047136,72,75,81,84
2026-06-21,120,77.632234,72,75,81,83
2026-06-22,120,78.297306,73,75,81,84
2026-06-23,120,77.656261,72,75,81,83
2026-06-24,120,77.221978,72,74,80,83
2026-06-25,120,76.628281,71,74,80,82
2026-06-26,120,76.118147,70,73,79,82
2026-06-27,120,76.773576,71,74,80,82
2026-06-28,120,77.436431,72,75,80,83
2026-06-29,120,77.045474,72,74,80,83
2026-06-30,120,77.779068,72,75,81,83
2026-07-01,120,78.764166,73,76,82,84
2026-07-02,120,78.615255,73,76,81,84
2026-07-03,120,79.311620,74,76,82,85
2026-07-04,120,78.690806,73,76,81,84
2026-07-05,120,78.136917,73,75,81,83
2026-07-06,120,78.646119,73,76,81,84
2026-07-07,120,78.174068,73,75,81,83
2026-07-08,120,78.876255,74,76,82,84
2026-07-09,120,78.860342,74,76,82,84
2026-07-10,120,78.378230,73,76,81,84
2026-07-11,120,77.993591,73,75,81,83
2026-07-12,120,77.597942,72,75,80,83
2026-07-13,120,77.562028,72,75,80,83
2026-07-14,120,77.662340,73,75,80,83
2026-07-15,120,77.549865,72,75,80,83
2026-07-16,120,77.655747,73,75,80,83
2026-07-17,120,78.645462,74,76,81,84
2026-07-18,120,77.824654,73,75,80,83
2026-07-19,120,78.315819,73,76,81,83
2026-07-20,120,78.933131,74,76,81,84
2026-07-21,120,78.360004,73,76,81,83
2026-07-22,120,79.042660,74,76,82,84
2026-07-23,120,79.118466,74,77,82,84
2026-07-24,120,78.570215,74,76,81,83
2026-07-25,120,79.132381,74,77,82,84
2026-07-26,120,79.723456,75,77,82,85
2026-07-27,120,79.208670,75,77,82,84
2026-07-28,120,79.755631,75,77,82,84
2026-07-29,120,79.202868,75,77,82,84
2026-07-30,120,78.909974,74,76,81,83
2026-07-31,120,78.393977,74,76,81,83
2026-08-01,120,77.922894,73,76,80,82
2026-08-02,120,77.439897,73,75,80,82
2026-08-03,120,76.959403,73,75,79,81
2026-08-04,120,76.439095,72,74,79,81
2026-08-05,120,77.193730,73,75,79,81
2026-08-06,120,76.666050,72,74,79,81
2026-08-07,120,77.201060,73,75,79,81
2026-08-08,120,77.855928,74,76,80,82
2026-08-09,120,78.410063,74,76,81,83
2026-08-10,120,78.409341,74,76,81,83
2026-08-11,120,77.871916,74,76,80,82
2026-08-12,120,77.379803,73,75,79,81
2026-08-13,120,78.104433,74,76,80,82
2026-08-14,120,77.616187,74,76,80,81
2026-08-15,120,77.228697,73,75,79,81
2026-08-16,120,76.740882,73,75,79,81
2026-08-17,120,76.725874,73,75,79,81
2026-08-18,120,76.226443,72,74,78,80
2026-08-19,120,76.918662,73,75,79,81
2026-08-20,120,76.409959,73,74,78,80
2026-08-21,120,75.908291,72,74,78,79
2026-08-22,120,75.499676,72,74,77,79
2026-08-23,120,74.982351,72,73,77,78
2026-08-24,120,75.528594,72,74,77,79
2026-08-25,120,74.911940,72,73,77,78
2026-08-26,120,74.125216,71,72,76,77
2026-08-27,120,74.617016,71,73,76,78
2026-08-28,120,75.199320,72,74,77,78
2026-08-29,120,75.682343,73,74,77,79
2026-08-30,120,75.162128,72,74,77,78
2026-03-25,121,91.043607,83,87,95,99
2026-03-26,121,91.642464,84,87,96,100
2026-03-27,121,91.583699,84,87,96,100
2026-03-28,121,92.182802,84,88,96,100
2026-03-29,121,91.532092,83,87,96,100
2026-03-30,121,92.174645,84,88,96,100
2026-03-31,121,91.039915,83,87,95,99
2026-04-01,121,90.257896,82,86,94,98
2026-04-02,121,88.719976,81,85,93,97
2026-04-03,121,90.163463,82,86,94,98
2026-04-04,121,91.711450,84,88,96,99
2026-04-05,121,92.422921,85,88,97,100
2026-04-06,121,92.482873,85,89,97,100
2026-04-07,121,92.870140,85,89,97,101
2026-04-08,121,91.497679,84,87,96,99
2026-04-09,121,90.103343,82,86,94,98
2026-04-10,121,88.909221,81,85,93,97
2026-04-11,121,87.638633,80,84,92,95
2026-04-12,121,86.910507,79,83,91,94
2026-04-13,121,85.980555,78,82,90,94
2026-04-14,121,85.426086,78,81,89,93
2026-04-15,121,84.308532,77,80,88,92
2026-04-16,121,84.302276,77,80,88,92
2026-04-17,121,83.116174,75,79,87,91
2026-04-18,121,82.351606,75,78,86,90
2026-04-19,121,81.505614,74,78,86,89
2026-04-20,121,81.534316,74,78,85,89
2026-04-21,121,80.776725,73,77,85,88
2026-04-22,121,81.207310,74,77,85,89
2026-04-23,121,81.935448,74,78,86,89
2026-04-24,121,81.131278,74,77,85,89
2026-04-25,121,81.072153,74,77,85,89
2026-04-26,121,79.099220,72,75,83,87
2026-04-27,121,79.090226,72,75,83,86
2026-04-28,121,80.100662,73,76,84,87
2026-04-29,121,78.293947,71,74,82,86
2026-04-30,121,77.588951,70,74,81,85
2026-05-01,121,78.187527,71,74,82,85
2026-05-02,121,77.405536,70,74,81,85
2026-05-03,121,78.253933,71,74,82,85
2026-05-04,121,78.710079,72,75,82,86
2026-05-05,121,78.608238,71,75,82,86
2026-05-06,121,79.472227,72,76,83,87
2026-05-07,121,78.496243,71,75,82,86
2026-05-08,121,79.097943,72,75,83,86
2026-05-09,121,78.358557,71,75,82,85
2026-05-10,121,77.395411,70,74,81,84
2026-05-11,121,77.374219,70,74,81,84
2026-05-12,121,78.515020,71,75,82,86
2026-05-13,121,79.047720,72,75,83,86
2026-05-14,121,80.046281,73,76,84,87
2026-05-15,121,79.273437,72,76,83,86
2026-05-16,121,79.814343,73,76,83,87
2026-05-17,121,80.473307,74,77,84,87
2026-05-18,121,81.477240,75,78,85,88
2026-05-19,121,80.654147,74,77,84,87
2026-05-20,121,79.784018,73,76,83,87
2026-05-21,121,80.329344,74,77,84,87
2026-05-22,121,79.646918,73,76,83,86
2026-05-23,121,78.857702,72,75,82,85
2026-05-24,121,78.013900,71,75,82,85
2026-05-25,121,76.948176,70,73,80,84
2026-05-26,121,76.173481,70,73,80,83
2026-05-27,121,76.628534,70,73,80,83
2026-05-28,121,76.644578,70,73,80,83
2026-05-29,121,77.099058,70,74,81,84
2026-05-30,121,77.902438,72,75,81,84
2026-05-31,121,78.864197,72,75,82,85
2026-06-01,121,78.348706,72,75,82,85
2026-06-02,121,77.529065,71,74,81,84
2026-06-03,121,78.449933,72,75,82,85
2026-06-04,121,78.558804,72,75,82,85
2026-06-05,121,79.171106,73,76,83,85
2026-06-06,121,78.623561,72,75,82,85
2026-06-07,121,79.248594,73,76,83,86
2026-06-08,121,79.307619,73,76,83,86
2026-06-09,121,78.212053,72,75,81,84
2026-06-10,121,77.177260,71,74,80,83
2026-06-11,121,77.674999,72,74,81,84
2026-06-12,121,78.323744,72,75,82,84
2026-06-13,121,77.777876,72,75,81,84
2026-06-14,121,78.733490,73,76,82,85
2026-06-15,121,77.491867,71,74,81,84
2026-06-16,121,76.848801,71,74,80,83
2026-06-17,121,77.769074,72,75,81,84
2026-06-18,121,78.298089,72,75,81,84
2026-06-19,121,78.305376,72,75,81,84
2026-06-20,121,77.269349,71,74,80,83
2026-06-21,121,76.535914,71,73,80,83
2026-06-22,121,76.596678,71,74,80,83
2026-06-23,121,75.902424,70,73,79,82
2026-06-24,121,74.370191,69,71,77,80
2026-06-25,121,73.813299,68,71,77,79
2026-06-26,121,73.183088,67,70,76,79
2026-06-27,121,73.936121,68,71,77,80
2026-06-28,121,73.354591,68,70,76,79
2026-06-29,121,72.813716,67,70,76,78
2026-06-30,121,73.433622,68,71,76,79
2026-07-01,121,72.718268,67,70,76,78
2026-07-02,121,72.873540,67,70,76,78
2026-07-03,121,72.292529,67,69,75,78
2026-07-04,121,71.405463,66,69,74,77
2026-07-05,121,72.151612,67,69,75,78
2026-07-06,121,72.823245,68,70,76,78
2026-07-07,121,72.095813,67,69,75,77
2026-07-08,121,72.687174,67,70,76,78
2026-07-09,121,73.246009,68,70,76,79
2026-07-10,121,72.640736,67,70,75,78
2026-07-11,121,71.973068,67,69,75,77
2026-07-12,121,71.486363,66,69,74,77
2026-07-13,121,71.390075,66,69,74,76
2026-07-14,121,71.478265,66,69,74,77
2026-07-15,121,71.450466,66,69,74,77
2026-07-16,121,72.101404,67,69,75,77
2026-07-17,121,72.062979,67,69,75,77
2026-07-18,121,71.523698,67,69,74,77
2026-07-19,121,72.188869,67,70,75,77
2026-07-20,121,71.581707,67,69,74,77
2026-07-21,121,72.343593,67,70,75,77
2026-07-22,121,71.831258,67,69,74,77
2026-07-23,121,71.868986,67,69,74,77
2026-07-24,121,71.458925,67,69,74,76
2026-07-25,121,71.091746,66,69,74,76
2026-07-26,121,71.787864,67,69,74,77
2026-07-27,121,72.565977,68,70,75,77
2026-07-28,121,72.180863,67,70,75,77
2026-07-29,121,72.694875,68,70,75,77
2026-07-30,121,73.132275,69,71,76,78
2026-07-31,121,72.474530,68,70,75,77
2026-08-01,121,71.877271,67,70,74,76
2026-08-02,121,71.289013,67,69,74,76
2026-08-03,121,71.330392,67,69,74,76
2026-08-04,121,71.911587,68,70,74,76
2026-08-05,121,72.483881,68,70,75,77
2026-08-06,121,73.082290,69,71,75,77
2026-08-07,121,73.710848,69,71,76,78
2026-08-08,121,73.016103,69,71,75,77
2026-08-09,121,73.677133,70,71,76,78
2026-08-10,121,74.305018,70,72,76,78
2026-08-11,121,73.813076,70,72,76,78
2026-08-12,121,73.315189,69,71,75,77
2026-08-13,121,73.325141,69,71,75,77
2026-08-14,121,73.845934,70,72,76,78
2026-08-15,121,74.251051,70,72,76,78
2026-08-16,121,74.658139,71,73,77,79
2026-08-17,121,75.140476,71,73,77,79
2026-08-18,121,74.577021,71,73,77,78
2026-08-19,121,75.056940,71,73,77,79
2026-08-20,121,75.107607,71,73,77,79
2026-08-21,121,74.564734,71,73,77,78
2026-08-22,121,75.079219,71,73,77,79
2026-08-23,121,74.569990,71,73,76,78
2026-08-24,121,74.593267,71,73,76,78
2026-08-25,121,75.089335,72,73,77,79
2026-08-26,121,74.546482,71,73,76,78
2026-08-27,121,74.025810,71,72,76,77
2026-08-28,121,73.454419,70,72,75,77
2026-08-29,121,73.978290,71,72,76,77
2026-08-30,121,73.395880,70,72,75,77
2026-03-25,133,74.993289,67,71,79,83
2026-03-26,133,74.949080,67,71,79,83
2026-03-27,133,74.349710,66,70,79,82
2026-03-28,133,74.083027,66,70,78,82
2026-03-29,133,73.206758,65,69,77,81
2026-03-30,133,72.191137,64,68,76,80
2026-03-31,133,73.249005,65,69,77,81
2026-04-01,133,72.307214,65,68,76,80
2026-04-02,133,72.383263,64,68,77,80
2026-04-03,133,74.099995,66,70,78,82
2026-04-04,133,72.339089,65,68,76,80
2026-04-05,133,73.379116,65,69,78,81
2026-04-06,133,73.343589,66,69,77,81
2026-04-07,133,72.777142,65,69,77,81
2026-04-08,133,73.649273,66,70,78,82
2026-04-09,133,74.329258,67,70,78,82
2026-04-10,133,75.473869,68,71,80,83
2026-04-11,133,76.650041,69,73,81,84
2026-04-12,133,77.356051,70,73,81,85
2026-04-13,133,76.065249,68,72,80,84
2026-04-14,133,76.630780,69,73,81,84
2026-04-15,133,77.411616,70,73,81,85
2026-04-16,133,76.622473,69,73,81,84
2026-04-17,133,75.307548,68,71,79,83
2026-04-18,133,75.937595,68,72,80,83
2026-04-19,133,75.163660,68,71,79,83
2026-04-20,133,75.991702,68,72,80,83
2026-04-21,133,77.066891,70,73,81,85
2026-04-22,133,76.602681,69,73,81,84
2026-04-23,133,76.487996,69,73,80,84
2026-04-24,133,77.980919,71,74,82,85
2026-04-25,133,77.436794,70,74,81,85
2026-04-26,133,78.180240,71,74,82,86
2026-04-27,133,78.107919,71,74,82,85
2026-04-28,133,77.409493,70,74,81,85
2026-04-29,133,78.270928,71,74,82,86
2026-04-30,133,79.113031,72,75,83,86
2026-05-01,133,78.341593,71,74,82,86
2026-05-02,133,77.252559,70,73,81,84
2026-05-03,133,78.273356,71,74,82,85
2026-05-04,133,78.341386,71,75,82,86
2026-05-05,133,77.354439,70,74,81,84
2026-05-06,133,76.680761,70,73,80,84
2026-05-07,133,78.254980,71,75,82,85
2026-05-08,133,78.805539,72,75,83,86
2026-05-09,133,79.843583,73,76,84,87
2026-05-10,133,79.335751,72,76,83,86
2026-05-11,133,79.355111,72,76,83,86
2026-05-12,133,78.648986,72,75,82,86
2026-05-13,133,79.439480,73,76,83,86
2026-05-14,133,78.889547,72,75,83,86
2026-05-15,133,79.631578,73,76,83,87
2026-05-16,133,79.140592,72,75,83,86
2026-05-17,133,78.058267,71,74,82,85
2026-05-18,133,77.450131,71,74,81,84
2026-05-19,133,78.571995,72,75,82,85
2026-05-20,133,79.087144,72,76,83,86
2026-05-21,133,79.646184,73,76,83,86
2026-05-22,133,78.918847,72,75,82,86
2026-05-23,133,78.267831,72,75,82,85
2026-05-24,133,79.108928,73,76,83,86
2026-05-25,133,78.071774,72,75,82,85
2026-05-26,133,77.522549,71,74,81,84
2026-05-27,133,76.626033,70,73,80,83
2026-05-28,133,76.611283,70,73,80,83
2026-05-29,133,75.852424,69,72,79,82
2026-05-30,133,76.564826,70,73,80,83
2026-05-31,133,75.961781,70,73,79,82
2026-06-01,133,75.871649,69,72,79,82
2026-06-02,133,76.621055,70,73,80,83
2026-06-03,133,77.290565,71,74,81,84
2026-06-04,133,76.835776,70,74,80,83
2026-06-05,133,76.209564,70,73,80,83
2026-06-06,133,75.241544,69,72,79,82
2026-06-07,133,76.050400,70,73,79,82
2026-06-08,133,75.682986,69,72,79,82
2026-06-09,133,76.393653,70,73,80,83
2026-06-10,133,77.038602,71,74,80,83
2026-06-11,133,76.949481,71,74,80,83
2026-06-12,133,77.478189,71,74,81,84
2026-06-13,133,77.931333,72,75,81,84
2026-06-14,133,76.866244,71,74,80,83
2026-06-15,133,77.777099,72,75,81,84
2026-06-16,133,77.271407,71,74,80,83
2026-06-17,133,76.529651,71,73,80,83
2026-06-18,133,77.197259,71,74,80,83
2026-06-19,133,77.718511,72,75,81,84
2026-06-20,133,76.871169,71,74,80,83
2026-06-21,133,76.321922,70,73,79,82
2026-06-22,133,76.234491,70,73,79,82
2026-06-23,133,75.767674,70,73,79,82
2026-06-24,133,75.281730,70,72,78,81
2026-06-25,133,75.968741,70,73,79,82
2026-06-26,133,76.737088,71,74,80,82
2026-06-27,133,76.079789,70,73,79,82
2026-06-28,133,75.481805,70,72,78,81
2026-06-29,133,75.017418,69,72,78,81
2026-06-30,133,74.450047,69,71,77,80
2026-07-01,133,75.402055,70,72,78,81
2026-07-02,133,75.343091,70,72,78,81
2026-07-03,133,74.640474,69,72,78,80
2026-07-04,133,73.870514,68,71,77,79
2026-07-05,133,73.424648,68,71,76,79
2026-07-06,133,73.347990,68,70,76,79
2026-07-07,133,72.842905,68,70,76,78
2026-07-08,133,72.302448,67,70,75,78
2026-07-09,133,71.852871,67,69,75,77
2026-07-10,133,70.951900,66,68,74,76
2026-07-11,133,70.499579,65,68,73,76
2026-07-12,133,69.819799,65,67,72,75
2026-07-13,133,69.798505,65,67,72,75
2026-07-14,133,69.856406,65,67,73,75
2026-07-15,133,69.845273,65,67,73,75
2026-07-16,133,69.783656,65,67,72,75
2026-07-17,133,68.902921,64,66,72,74
2026-07-18,133,69.870001,65,67,73,75
2026-07-19,133,69.351609,64,67,72,74
2026-07-20,133,70.028552,65,67,73,75
2026-07-21,133,69.501736,65,67,72,74
2026-07-22,133,68.803192,64,66,71,74
2026-07-23,133,68.879449,64,66,71,74
2026-07-24,133,69.479988,65,67,72,74
2026-07-25,133,68.935207,64,66,71,74
2026-07-26,133,68.521985,64,66,71,73
2026-07-27,133,68.012321,63,66,70,73
2026-07-28,133,68.636048,64,66,71,73
2026-07-29,133,68.163929,64,66,71,73
2026-07-30,133,67.811720,63,65,70,72
2026-07-31,133,67.186288,63,65,70,72
2026-08-01,133,66.752182,62,64,69,71
2026-08-02,133,66.143190,62,64,68,71
2026-08-03,133,66.190266,62,64,69,71
2026-08-04,133,65.702868,61,63,68,70
2026-08-05,133,65.248807,61,63,67,70
2026-08-06,133,64.859571,61,63,67,69
2026-08-07,133,64.325866,60,62,67,69
2026-08-08,133,65.044603,61,63,67,69
2026-08-09,133,65.790548,62,64,68,70
2026-08-10,133,65.308551,61,63,67,69
2026-08-11,133,64.790950,61,63,67,69
2026-08-12,133,64.294131,60,62,66,68
2026-08-13,133,64.382603,60,62,66,68
2026-08-14,133,64.980078,61,63,67,69
2026-08-15,133,64.516332,61,62,67,68
2026-08-16,133,65.191005,61,63,67,69
2026-08-17,133,64.678279,61,63,67,69
2026-08-18,133,64.267221,61,62,66,68
2026-08-19,133,63.780462,60,62,66,68
2026-08-20,133,63.393422,60,61,65,67
2026-08-21,133,62.935931,59,61,65,67
2026-08-22,133,63.576259,60,62,65,67
2026-08-23,133,64.276541,61,62,66,68
2026-08-24,133,63.708673,60,62,66,67
2026-08-25,133,64.251079,61,62,66,68
2026-08-26,133,64.840939,62,63,67,68
2026-08-27,133,64.809730,61,63,67,68
2026-08-28,133,64.400924,61,63,66,68
2026-08-29,133,63.993016,61,62,66,67
2026-08-30,133,63.518736,60,62,65,67
2026-03-25,134,78.632854,71,74,83,87
2026-03-26,134,77.828274,70,74,82,86
2026-03-27,134,77.928185,70,74,82,86
2026-03-28,134,77.157815,69,73,81,85
2026-03-29,134,77.811250,70,74,82,86
2026-03-30,134,76.963765,69,73,81,85
2026-03-31,134,78.082372,70,74,82,86
2026-04-01,134,79.311553,71,75,84,87
2026-04-02,134,79.313266,71,75,84,87
2026-04-03,134,79.953417,72,76,84,88
2026-04-04,134,80.657241,73,77,85,88
2026-04-05,134,81.902871,74,78,86,90
2026-04-06,134,80.795219,73,77,85,89
2026-04-07,134,81.997659,74,78,86,90
2026-04-08,134,80.674052,73,77,85,88
2026-04-09,134,80.666520,73,77,85,88
2026-04-10,134,81.673308,74,78,86,90
2026-04-11,134,82.388596,75,78,86,90
2026-04-12,134,81.859014,74,78,86,90
2026-04-13,134,83.482589,76,79,88,91
2026-04-14,134,82.826051,75,79,87,91
2026-04-15,134,83.384868,76,79,87,91
2026-04-16,134,82.534743,75,79,86,90
2026-04-17,134,83.528867,76,80,87,91
2026-04-18,134,82.632190,75,79,87,90
2026-04-19,134,83.315414,76,79,87,91
2026-04-20,134,83.335316,76,79,87,91
2026-04-21,134,82.315546,75,78,86,90
2026-04-22,134,83.281638,76,79,87,91
2026-04-23,134,82.441417,75,79,86,90
2026-04-24,134,83.646414,76,80,88,91
2026-04-25,134,84.478087,77,81,88,92
2026-04-26,134,83.616487,76,80,87,91
2026-04-27,134,82.799328,75,79,87,90
2026-04-28,134,81.721346,74,78,85,89
2026-04-29,134,81.058751,74,77,85,88
2026-04-30,134,80.009216,73,76,84,87
2026-05-01,134,81.104875,74,77,85,88
2026-05-02,134,82.402517,75,79,86,89
2026-05-03,134,82.976594,76,79,87,90
2026-05-04,134,82.906010,76,79,87,90
2026-05-05,134,81.694300,75,78,85,89
2026-05-06,134,82.275663,75,79,86,89
2026-05-07,134,82.888665,76,79,87,90
2026-05-08,134,82.189090,75,79,86,89
2026-05-09,134,83.481377,76,80,87,90
2026-05-10,134,82.815365,76,79,87,90
2026-05-11,134,82.785032,76,79,86,90
2026-05-12,134,83.309241,76,80,87,90
2026-05-13,134,82.276765,75,79,86,89
2026-05-14,134,82.884152,76,79,87,90
2026-05-15,134,82.128769,75,78,86,89
2026-05-16,134,81.136966,74,78,85,88
2026-05-17,134,80.331375,74,77,84,87
2026-05-18,134,80.294936,73,77,84,87
2026-05-19,134,79.517482,73,76,83,86
2026-05-20,134,80.622384,74,77,84,87
2026-05-21,134,81.273146,75,78,85,88
2026-05-22,134,80.576106,74,77,84,87
2026-05-23,134,79.938879,73,76,83,87
2026-05-24,134,80.758127,74,77,84,87
2026-05-25,134,81.356456,75,78,85,88
2026-05-26,134,82.527292,76,79,86,89
2026-05-27,134,81.635868,75,78,85,88
2026-05-28,134,80.869494,74,77,84,87
2026-05-29,134,81.323241,75,78,85,88
2026-05-30,134,81.813638,75,78,85,88
2026-05-31,134,82.573411,76,79,86,89
2026-06-01,134,82.503273,76,79,86,89
2026-06-02,134,83.314280,77,80,87,90
2026-06-03,134,82.475080,76,79,86,89
2026-06-04,134,83.266267,77,80,87,90
2026-06-05,134,82.832013,77,80,86,89
2026-06-06,134,82.220530,76,79,85,88
2026-06-07,134,81.834095,76,79,85,88
2026-06-08,134,81.838581,76,78,85,88
2026-06-09,134,80.955200,75,78,84,87
2026-06-10,134,81.619813,76,78,85,88
2026-06-11,134,81.141062,75,78,84,87
2026-06-12,134,80.324939,74,77,84,86
2026-06-13,134,80.729840,75,78,84,87
2026-06-14,134,80.099295,74,77,83,86
2026-06-15,134,79.082156,73,76,82,85
2026-06-16,134,79.617077,74,76,83,86
2026-06-17,134,80.563623,75,77,84,87
2026-06-18,134,80.529665,75,77,84,86
2026-06-19,134,79.874792,74,77,83,86
2026-06-20,134,79.169054,73,76,82,85
2026-06-21,134,79.644679,74,77,83,85
2026-06-22,134,79.583573,74,77,83,85
2026-06-23,134,79.057136,73,76,82,85
2026-06-24,134,79.871352,74,77,83,86
2026-06-25,134,80.602752,75,78,84,86
2026-06-26,134,80.010080,74,77,83,86
2026-06-27,134,79.502137,74,77,82,85
2026-06-28,134,80.062209,74,77,83,86
2026-06-29,134,80.674304,75,78,84,86
2026-06-30,134,79.929391,74,77,83,85
2026-07-01,134,79.428959,74,76,82,85
2026-07-02,134,80.187317,75,77,83,86
2026-07-03,134,79.515460,74,77,82,85
2026-07-04,134,80.187186,75,77,83,86
2026-07-05,134,80.816147,75,78,84,86
2026-07-06,134,80.770107,75,78,84,86
2026-07-07,134,81.539821,76,79,84,87
2026-07-08,134,80.944092,76,78,84,86
2026-07-09,134,80.285624,75,78,83,86
2026-07-10,134,80.260483,75,77,83,86
2026-07-11,134,81.429925,76,79,84,87
2026-07-12,134,82.193072,77,80,85,87
2026-07-13,134,82.276878,77,80,85,87
2026-07-14,134,82.278594,77,80,85,87
2026-07-15,134,82.265650,77,80,85,87
2026-07-16,134,82.297558,77,80,85,87
2026-07-17,134,82.207316,77,79,85,87
2026-07-18,134,82.345552,77,80,85,87
2026-07-19,134,82.960818,78,80,86,88
2026-07-20,134,82.493058,78,80,85,87
2026-07-21,134,82.497875,78,80,85,87
2026-07-22,134,82.632762,78,80,85,87
2026-07-23,134,82.664791,78,80,85,88
2026-07-24,134,82.214714,77,80,85,87
2026-07-25,134,81.414124,77,79,84,86
2026-07-26,134,81.912915,77,79,84,87
2026-07-27,134,82.340713,78,80,85,87
2026-07-28,134,81.781325,77,79,84,86
2026-07-29,134,81.214329,77,79,84,86
2026-07-30,134,80.680722,76,78,83,85
2026-07-31,134,80.091670,76,78,82,85
2026-08-01,134,80.636795,76,78,83,85
2026-08-02,134,79.951073,76,78,82,84
2026-08-03,134,80.552572,76,78,83,85
2026-08-04,134,80.067225,76,78,82,84
2026-08-05,134,79.633343,75,77,82,84
2026-08-06,134,79.163161,75,77,81,83
2026-08-07,134,78.576875,74,76,81,83
2026-08-08,134,79.253237,75,77,81,83
2026-08-09,134,78.478953,74,76,81,83
2026-08-10,134,78.501389,74,76,81,83
2026-08-11,134,78.000866,74,76,80,82
2026-08-12,134,77.416534,73,75,80,81
2026-08-13,134,78.052882,74,76,80,82
2026-08-14,134,78.654944,75,77,81,83
2026-08-15,134,78.110260,74,76,80,82
2026-08-16,134,78.739244,75,77,81,82
2026-08-17,134,78.218385,75,76,80,82
2026-08-18,134,78.720217,75,77,81,82
2026-08-19,134,79.307072,76,77,81,83
2026-08-20,134,79.234956,76,77,81,83
2026-08-21,134,78.878667,75,77,81,82
2026-08-22,134,78.494617,75,77,80,82
2026-08-23,134,78.144132,75,76,80,82
2026-08-24,134,78.651142,75,77,80,82
2026-08-25,134,79.252954,76,77,81,83
2026-08-26,134,78.739991,76,77,80,82
2026-08-27,134,78.723936,75,77,80,82
2026-08-28,134,78.164873,75,76,80,81
2026-08-29,134,78.666486,75,77,80,82
2026-08-30,134,79.164070,76,78,81,82
2026-03-25,135,83.776503,76,80,88,92
2026-03-26,135,82.761254,75,79,87,91
2026-03-27,135,81.678705,74,77,86,90
2026-03-28,135,82.290653,74,78,87,90
2026-03-29,135,82.338784,74,78,87,90
2026-03-30,135,81.286293,73,77,85,89
2026-03-31,135,80.089406,72,76,84,88
2026-04-01,135,81.233867,73,77,85,89
2026-04-02,135,81.366075,73,77,86,89
2026-04-03,135,80.605909,73,76,85,88
2026-04-04,135,81.239363,73,77,85,89
2026-04-05,135,82.032954,74,78,86,90
2026-04-06,135,83.069743,75,79,87,91
2026-04-07,135,81.723503,74,78,86,89
2026-04-08,135,82.758996,75,79,87,91
2026-04-09,135,83.825943,76,80,88,92
2026-04-10,135,84.478709,77,80,89,92
2026-04-11,135,85.259126,78,81,89,93
2026-04-12,135,86.207858,79,82,90,94
2026-04-13,135,86.283944,79,82,90,94
2026-04-14,135,87.138472,79,83,91,95
2026-04-15,135,87.587330,80,84,91,95
2026-04-16,135,88.396558,81,84,92,96
2026-04-17,135,86.919018,79,83,91,95
2026-04-18,135,87.633798,80,84,91,95
2026-04-19,135,88.281813,81,84,92,96
2026-04-20,135,88.250476,81,84,92,96
2026-04-21,135,88.653523,81,85,93,96
2026-04-22,135,87.449574,80,84,91,95
2026-04-23,135,87.929991,81,84,92,95
2026-04-24,135,87.932827,80,84,92,95
2026-04-25,135,88.663637,81,85,93,96
2026-04-26,135,87.418785,80,84,91,95
2026-04-27,135,88.128308,81,84,92,95
2026-04-28,135,87.199625,80,83,91,95
2026-04-29,135,86.547912,79,83,90,94
2026-04-30,135,86.499350,79,83,90,94
2026-05-01,135,85.411292,78,82,89,93
2026-05-02,135,84.535429,77,81,88,92
2026-05-03,135,85.050661,78,81,89,92
2026-05-04,135,84.438313,77,81,88,92
2026-05-05,135,85.320959,78,82,89,92
2026-05-06,135,86.021339,79,82,90,93
2026-05-07,135,85.430131,78,82,89,93
2026-05-08,135,84.306847,77,81,88,91
2026-05-09,135,84.861272,78,81,89,92
2026-05-10,135,85.279107,78,82,89,92
2026-05-11,135,85.306311,78,82,89,92
2026-05-12,135,84.704431,78,81,88,92
2026-05-13,135,85.426185,78,82,89,92
2026-05-14,135,84.588291,78,81,88,91
2026-05-15,135,85.203866,78,82,89,92
2026-05-16,135,85.836446,79,82,89,93
2026-05-17,135,86.564457,80,83,90,93
2026-05-18,135,87.309466,81,84,91,94
2026-05-19,135,86.803218,80,83,90,94
2026-05-20,135,86.084170,79,83,90,93
2026-05-21,135,86.032737,79,82,90,93
2026-05-22,135,86.824905,80,83,90,94
2026-05-23,135,87.338526,81,84,91,94
2026-05-24,135,86.420187,80,83,90,93
2026-05-25,135,85.720126,79,82,89,92
2026-05-26,135,85.049613,79,82,89,92
2026-05-27,135,84.459967,78,81,88,91
2026-05-28,135,84.390193,78,81,88,91
2026-05-29,135,84.933105,78,82,88,91
2026-05-30,135,84.200437,78,81,88,91
2026-05-31,135,83.493306,77,80,87,90
2026-06-01,135,83.360832,77,80,87,90
2026-06-02,135,82.841461,76,79,86,89
2026-06-03,135,82.453348,76,79,86,89
2026-06-04,135,81.893193,76,78,85,88
2026-06-05,135,81.099731,75,78,84,87
2026-06-06,135,81.562473,75,78,85,88
2026-06-07,135,80.902128,75,78,84,87
2026-06-08,135,81.542054,75,78,85,88
2026-06-09,135,80.959287,75,78,84,87
2026-06-10,135,81.527509,75,78,85,88
2026-06-11,135,81.472625,75,78,85,88
2026-06-12,135,80.837481,75,78,84,87
2026-06-13,135,81.749994,76,78,85,88
2026-06-14,135,82.366894,76,79,86,88
2026-06-15,135,81.718117,76,79,85,88
2026-06-16,135,81.186873,75,78,84,87
2026-06-17,135,81.791055,76,79,85,88
2026-06-18,135,81.856723,76,79,85,88
2026-06-19,135,81.187306,75,78,84,87
2026-06-20,135,81.847813,76,79,85,88
2026-06-21,135,81.466637,75,78,85,87
2026-06-22,135,81.974708,76,79,85,88
2026-06-23,135,82.665770,77,80,86,88
2026-06-24,135,83.200366,77,80,86,89
2026-06-25,135,83.308943,78,80,86,89
2026-06-26,135,84.286168,79,81,87,90
2026-06-27,135,83.236205,78,80,86,89
2026-06-28,135,82.843708,77,80,86,89
2026-06-29,135,82.359370,77,79,85,88
2026-06-30,135,81.841590,76,79,85,87
2026-07-01,135,80.559426,75,78,84,86
2026-07-02,135,80.057500,75,77,83,86
2026-07-03,135,79.730286,74,77,83,85
2026-07-04,135,79.274110,74,76,82,85
2026-07-05,135,80.034911,75,77,83,85
2026-07-06,135,79.259938,74,76,82,85
2026-07-07,135,79.824249,74,77,83,85
2026-07-08,135,80.574252,75,78,83,86
2026-07-09,135,79.995145,75,77,83,85
2026-07-10,135,79.373058,74,77,82,85
2026-07-11,135,79.857049,75,77,83,85
2026-07-12,135,80.415823,75,78,83,86
2026-07-13,135,80.478953,75,78,83,86
2026-07-14,135,80.457327,75,78,83,86
2026-07-15,135,80.486975,75,78,83,86
2026-07-16,135,80.499587,75,78,83,86
2026-07-17,135,79.914254,75,77,83,85
2026-07-18,135,79.242404,74,77,82,84
2026-07-19,135,80.386227,75,78,83,85
2026-07-20,135,79.965152,75,77,83,85
2026-07-21,135,80.630330,76,78,83,86
2026-07-22,135,80.187941,75,78,83,85
2026-07-23,135,79.753097,75,77,82,85
2026-07-24,135,80.234554,75,78,83,85
2026-07-25,135,80.941109,76,78,83,86
2026-07-26,135,81.553952,77,79,84,86
2026-07-27,135,81.479138,77,79,84,86
2026-07-28,135,81.867635,77,79,84,86
2026-07-29,135,82.268412,78,80,85,87
2026-07-30,135,81.669563,77,79,84,86
2026-07-31,135,82.269893,78,80,85,87
2026-08-01,135,82.755692,78,80,85,87
2026-08-02,135,83.192973,79,81,86,88
2026-08-03,135,82.592423,78,80,85,87
2026-08-04,135,83.290322,79,81,86,88
2026-08-05,135,82.681317,78,80,85,87
2026-08-06,135,83.307889,79,81,86,88
2026-08-07,135,82.707675,78,81,85,87
2026-08-08,135,83.248437,79,81,85,87
2026-08-09,135,83.775624,80,82,86,88
2026-08-10,135,84.361583,80,82,87,89
2026-08-11,135,85.003873,81,83,87,89
2026-08-12,135,85.565134,82,83,88,90
2026-08-13,135,85.623480,82,84,88,90
2026-08-14,135,86.092904,82,84,88,90
2026-08-15,135,85.520435,82,83,88,89
2026-08-16,135,86.106151,82,84,88,90
2026-08-17,135,85.659891,82,84,88,89
2026-08-18,135,86.254714,82,84,88,90
2026-08-19,135,85.706001,82,84,88,89
2026-08-20,135,85.737731,82,84,88,89
2026-08-21,135,86.206612,83,84,88,90
2026-08-22,135,86.712817,83,85,89,90
2026-08-23,135,87.170716,84,85,89,91
2026-08-24,135,86.654532,83,85,88,90
2026-08-25,135,86.052260,83,84,88,89
2026-08-26,135,86.585838,83,85,88,90
2026-08-27,135,86.586506,83,85,88,90
2026-08-28,135,86.047375,83,84,88,89
2026-08-29,135,85.577987,82,84,87,89
2026-08-30,135,85.051148,82,83,87,88
2026-03-25,136,89.902220,82,86,94,98
2026-03-26,136,88.952530,81,85,93,97
2026-03-27,136,89.776658,82,86,94,98
2026-03-28,136,89.124113,81,85,93,97
2026-03-29,136,90.356288,82,86,94,98
2026-03-30,136,91.177850,83,87,95,99
2026-03-31,136,89.916537,82,86,94,98
2026-04-01,136,89.053089,81,85,93,97
2026-04-02,136,89.226280,81,85,93,97
2026-04-03,136,89.918709,82,86,94,98
2026-04-04,136,89.040815,81,85,93,97
2026-04-05,136,88.159360,80,84,92,96
2026-04-06,136,87.487186,80,83,92,95
2026-04-07,136,86.823737,79,83,91,95
2026-04-08,136,85.956617,78,82,90,94
2026-04-09,136,85.874310,78,82,90,94
2026-04-10,136,86.592648,79,83,91,94
2026-04-11,136,87.212291,80,83,91,95
2026-04-12,136,88.150977,81,84,92,96
2026-04-13,136,89.093979,82,85,93,96
2026-04-14,136,88.086608,80,84,92,96
2026-04-15,136,87.428391,80,83,91,95
2026-04-16,136,86.541726,79,83,90,94
2026-04-17,136,85.303334,78,81,89,93
2026-04-18,136,86.217632,79,82,90,94
2026-04-19,136,87.042383,80,83,91,94
2026-04-20,136,86.035054,79,82,90,93
2026-04-21,136,85.108249,78,81,89,93
2026-04-22,136,85.552568,78,82,89,93
2026-04-23,136,85.505764,78,82,89,93
2026-04-24,136,86.023224,79,82,90,93
2026-04-25,136,86.621508,79,83,91,94
2026-04-26,136,87.033984,80,83,91,94
2026-04-27,136,85.879480,79,82,90,93
2026-04-28,136,86.833304,80,83,91,94
2026-04-29,136,87.464383,80,84,91,95
2026-04-30,136,87.474678,80,84,91,95
2026-05-01,136,86.800889,80,83,91,94
2026-05-02,136,86.061577,79,82,90,93
2026-05-03,136,85.179304,78,81,89,92
2026-05-04,136,85.862737,79,82,90,93
2026-05-05,136,85.304213,78,82,89,92
2026-05-06,136,85.878499,79,82,90,93
2026-05-07,136,85.800252,79,82,90,93
2026-05-08,136,86.583847,80,83,90,94
2026-05-09,136,85.565304,79,82,89,93
2026-05-10,136,84.838603,78,81,88,92
2026-05-11,136,85.597644,79,82,89,93
2026-05-12,136,86.644630,80,83,90,93
2026-05-13,136,85.968759,79,82,90,93
2026-05-14,136,86.885988,80,83,90,94
2026-05-15,136,86.162454,79,83,90,93
2026-05-16,136,85.380245,79,82,89,92
2026-05-17,136,84.500521,78,81,88,91
2026-05-18,136,85.248137,78,82,89,92
2026-05-19,136,84.516276,78,81,88,91
2026-05-20,136,84.818161,78,81,88,91
2026-05-21,136,84.813002,78,81,88,91
2026-05-22,136,85.504677,79,82,89,92
2026-05-23,136,84.468165,78,81,88,91
2026-05-24,136,83.823759,77,80,87,90
2026-05-25,136,84.785890,78,81,88,91
2026-05-26,136,85.387150,79,82,89,92
2026-05-27,136,86.253137,80,83,90,93
2026-05-28,136,86.290486,80,83,90,93
2026-05-29,136,86.713076,80,83,90,93
2026-05-30,136,87.335187,81,84,91,94
2026-05-31,136,87.914134,82,85,91,94
2026-06-01,136,88.343728,82,85,92,95
2026-06-02,136,89.093184,83,86,92,95
2026-06-03,136,88.146920,82,85,91,94
2026-06-04,136,88.113834,82,85,91,94
2026-06-05,136,87.178971,81,84,90,93
2026-06-06,136,88.065491,82,85,91,94
2026-06-07,136,87.353064,81,84,91,94
2026-06-08,136,88.032133,82,85,91,94
2026-06-09,136,88.421724,82,85,92,95
2026-06-10,136,87.646437,82,84,91,94
2026-06-11,136,86.880717,81,84,90,93
2026-06-12,136,87.782396,82,85,91,94
2026-06-13,136,86.783423,81,84,90,93
2026-06-14,136,85.836436,80,83,89,92
2026-06-15,136,85.858324,80,83,89,92
2026-06-16,136,86.342073,80,83,90,92
2026-06-17,136,85.636058,80,83,89,92
2026-06-18,136,86.349358,80,83,89,92
2026-06-19,136,85.455181,80,82,89,91
2026-06-20,136,84.653408,79,82,88,91
2026-06-21,136,85.243459,79,82,88,91
2026-06-22,136,85.215866,79,82,88,91
2026-06-23,136,85.812881,80,83,89,92
2026-06-24,136,84.727966,79,82,88,90
2026-06-25,136,84.065350,78,81,87,90
2026-06-26,136,84.528054,79,82,87,90
2026-06-27,136,83.949189,78,81,87,89
2026-06-28,136,83.343088,78,80,86,89
2026-06-29,136,83.877956,78,81,87,89
2026-06-30,136,84.457953,79,82,87,90
2026-07-01,136,84.371477,79,81,87,90
2026-07-02,136,84.881918,79,82,88,90
2026-07-03,136,84.210308,79,81,87,90
2026-07-04,136,85.131082,80,82,88,91
2026-07-05,136,85.770549,80,83,89,91
2026-07-06,136,85.797128,80,83,89,91
2026-07-07,136,85.231832,80,82,88,91
2026-07-08,136,84.547845,79,82,87,90
2026-07-09,136,83.846538,79,81,87,89
2026-07-10,136,83.147485,78,80,86,88
2026-07-11,136,82.522532,77,80,85,88
2026-07-12,136,83.197458,78,80,86,88
2026-07-13,136,83.184471,78,81,86,88
2026-07-14,136,83.207120,78,81,86,88
2026-07-15,136,83.209118,78,81,86,88
2026-07-16,136,83.173209,78,81,86,88
2026-07-17,136,82.474066,77,80,85,87
2026-07-18,136,82.936971,78,80,86,88
2026-07-19,136,83.415991,78,81,86,88
2026-07-20,136,84.050107,79,81,87,89
2026-07-21,136,83.421330,78,81,86,88
2026-07-22,136,82.749810,78,80,85,88
2026-07-23,136,82.693711,78,80,85,87
2026-07-24,136,82.174653,77,80,85,87
2026-07-25,136,81.443618,77,79,84,86
2026-07-26,136,82.007935,77,80,84,87
2026-07-27,136,81.467148,77,79,84,86
2026-07-28,136,82.010769,77,80,84,87
2026-07-29,136,81.618814,77,79,84,86
2026-07-30,136,81.141561,77,79,84,86
2026-07-31,136,80.500042,76,78,83,85
2026-08-01,136,80.905522,76,79,83,85
2026-08-02,136,81.344123,77,79,84,86
2026-08-03,136,81.357778,77,79,84,86
2026-08-04,136,80.533241,76,78,83,85
2026-08-05,136,81.128246,77,79,83,85
2026-08-06,136,80.324389,76,78,83,85
2026-08-07,136,79.802497,76,78,82,84
2026-08-08,136,79.231024,75,77,81,83
2026-08-09,136,78.636182,75,76,81,83
2026-08-10,136,78.660927,74,76,81,83
2026-08-11,136,78.278068,74,76,80,82
2026-08-12,136,77.725666,74,76,80,82
2026-08-13,136,78.335406,74,76,80,82
2026-08-14,136,77.714463,74,76,80,82
2026-08-15,136,78.329002,74,76,80,82
2026-08-16,136,78.898259,75,77,81,83
2026-08-17,136,78.907063,75,77,81,83
2026-08-18,136,78.056342,74,76,80,82
2026-08-19,136,78.716457,75,77,81,82
2026-08-20,136,78.267420,75,76,80,82
2026-08-21,136,78.801422,75,77,81,82
2026-08-22,136,79.318152,76,77,81,83
2026-08-23,136,78.624031,75,77,81,82
2026-08-24,136,79.285549,76,77,81,83
2026-08-25,136,79.765602,76,78,82,83
2026-08-26,136,79.181069,76,77,81,82
2026-08-27,136,79.232724,76,77,81,83
2026-08-28,136,78.689274,75,77,80,82
2026-08-29,136,78.216408,75,77,80,81
2026-08-30,136,77.666690,75,76,79,81
2026-03-25,137,79.651256,72,75,84,88
2026-03-26,137,79.584097,72,75,84,88
2026-03-27,137,78.617869,71,74,83,87
2026-03-28,137,77.524139,69,73,82,86
2026-03-29,137,77.616210,70,73,82,86
2026-03-30,137,77.895658,70,74,82,86
2026-03-31,137,79.640268,71,75,84,88
2026-04-01,137,78.150970,70,74,82,86
2026-04-02,137,79.576567,72,75,84,87
2026-04-03,137,78.270685,70,74,82,86
2026-04-04,137,76.802615,69,73,81,85
2026-04-05,137,75.904965,68,72,80,84
2026-04-06,137,75.260218,68,71,79,83
2026-04-07,137,76.259883,68,72,80,84
2026-04-08,137,77.314009,70,73,81,85
2026-04-09,137,77.277176,70,73,81,85
2026-04-10,137,78.221463,70,74,82,86
2026-04-11,137,77.231512,70,73,81,85
2026-04-12,137,76.496419,69,73,80,84
2026-04-13,137,76.359647,69,72,80,84
2026-04-14,137,75.723845,68,72,80,83
2026-04-15,137,74.757682,67,71,79,82
2026-04-16,137,75.545052,68,72,79,83
2026-04-17,137,76.667616,69,73,81,84
2026-04-18,137,77.259213,70,73,81,85
2026-04-19,137,76.314450,69,72,80,84
2026-04-20,137,76.427755,69,72,80,84
2026-04-21,137,77.160240,70,73,81,85
2026-04-22,137,78.116612,71,74,82,86
2026-04-23,137,77.464701,70,74,81,85
2026-04-24,137,76.342910,69,72,80,84
2026-04-25,137,77.290986,70,73,81,85
2026-04-26,137,78.052010,71,74,82,85
2026-04-27,137,77.995560,71,74,82,85
2026-04-28,137,76.937477,70,73,81,84
2026-04-29,137,76.833303,70,73,81,84
2026-04-30,137,75.935788,69,72,80,83
2026-05-01,137,75.132619,68,71,79,82
2026-05-02,137,74.282140,67,70,78,82
2026-05-03,137,73.631629,67,70,77,81
2026-05-04,137,74.321824,67,71,78,81
2026-05-05,137,73.420742,66,70,77,81
2026-05-06,137,72.592789,66,69,76,80
2026-05-07,137,72.623441,66,69,76,80
2026-05-08,137,73.258422,66,70,77,80
2026-05-09,137,72.114965,65,68,76,79
2026-05-10,137,72.784147,66,69,76,80
2026-05-11,137,74.176533,67,71,78,81
2026-05-12,137,75.216832,68,72,79,82
2026-05-13,137,74.477611,68,71,78,81
2026-05-14,137,73.888395,67,70,78,81
2026-05-15,137,73.322829,66,70,77,80
2026-05-16,137,73.932816,67,70,77,81
2026-05-17,137,75.246327,68,72,79,82
2026-05-18,137,73.937365,67,70,77,81
2026-05-19,137,73.462168,67,70,77,80
2026-05-20,137,72.805387,66,69,76,80
2026-05-21,137,72.701922,66,69,76,79
2026-05-22,137,71.904312,65,68,75,79
2026-05-23,137,72.838314,66,69,76,79
2026-05-24,137,73.580181,67,70,77,80
2026-05-25,137,72.866423,66,69,76,79
2026-05-26,137,72.287989,66,69,76,79
2026-05-27,137,71.843922,65,69,75,78
2026-05-28,137,71.850288,65,68,75,78
2026-05-29,137,71.178286,65,68,75,78
2026-05-30,137,70.259116,64,67,74,77
2026-05-31,137,71.584676,65,68,75,78
2026-06-01,137,70.372219,64,67,74,77
2026-06-02,137,69.731133,63,66,73,76
2026-06-03,137,70.402991,64,67,74,77
2026-06-04,137,71.398601,65,68,75,78
2026-06-05,137,72.874940,67,70,76,79
2026-06-06,137,72.397191,66,69,76,79
2026-06-07,137,73.085784,67,70,76,79
2026-06-08,137,72.535100,66,69,76,79
2026-06-09,137,71.771123,66,69,75,78
2026-06-10,137,72.370461,66,69,76,78
2026-06-11,137,72.291763,66,69,75,78
2026-06-12,137,71.800130,66,69,75,78
2026-06-13,137,70.978413,65,68,74,77
2026-06-14,137,71.687258,66,69,75,78
2026-06-15,137,71.690147,66,69,75,78
2026-06-16,137,72.609253,67,69,76,79
2026-06-17,137,73.341084,67,70,76,79
2026-06-18,137,73.321164,67,70,76,79
2026-06-19,137,72.826457,67,70,76,79
2026-06-20,137,72.199873,66,69,75,78
2026-06-21,137,71.782199,66,69,75,78
2026-06-22,137,71.679839,66,69,75,78
2026-06-23,137,72.220670,66,69,75,78
2026-06-24,137,72.797531,67,70,76,79
2026-06-25,137,72.169512,66,69,75,78
2026-06-26,137,71.709826,66,69,75,77
2026-06-27,137,72.471141,67,69,75,78
2026-06-28,137,73.123255,67,70,76,79
2026-06-29,137,72.634475,67,70,76,78
2026-06-30,137,71.849063,66,69,75,77
2026-07-01,137,72.666482,67,70,76,78
2026-07-02,137,72.580174,67,70,76,78
2026-07-03,137,71.556344,66,69,74,77
2026-07-04,137,72.085099,67,69,75,77
2026-07-05,137,71.419186,66,69,74,77
2026-07-06,137,72.287604,67,69,75,78
2026-07-07,137,71.585009,66,69,74,77
2026-07-08,137,70.785935,66,68,74,76
2026-07-09,137,71.404542,66,69,74,77
2026-07-10,137,70.709078,66,68,73,76
2026-07-11,137,71.218109,66,69,74,76
2026-07-12,137,71.670634,67,69,74,77
2026-07-13,137,71.665602,67,69,74,77
2026-07-14,137,71.657959,67,69,74,77
2026-07-15,137,71.665815,66,69,74,77
2026-07-16,137,71.646335,67,69,74,77
2026-07-17,137,72.447258,67,70,75,78
2026-07-18,137,72.039897,67,69,75,77
2026-07-19,137,71.477398,66,69,74,77
2026-07-20,137,71.057865,66,68,74,76
2026-07-21,137,70.473737,66,68,73,75
2026-07-22,137,70.018136,65,67,73,75
2026-07-23,137,69.973960,65,67,73,75
2026-07-24,137,70.466880,66,68,73,75
2026-07-25,137,71.098672,66,69,74,76
2026-07-26,137,70.536266,66,68,73,75
2026-07-27,137,71.202396,66,69,74,76
2026-07-28,137,70.654705,66,68,73,75
2026-07-29,137,71.493538,67,69,74,76
2026-07-30,137,72.139932,68,70,75,77
2026-07-31,137,71.529676,67,69,74,76
2026-08-01,137,71.061169,66,69,73,76
2026-08-02,137,70.592939,66,68,73,75
2026-08-03,137,71.231549,67,69,74,76
2026-08-04,137,70.707186,66,68,73,75
2026-08-05,137,70.127091,66,68,72,74
2026-08-06,137,70.148189,66,68,72,74
2026-08-07,137,70.684238,66,68,73,75
2026-08-08,137,70.140734,66,68,72,74
2026-08-09,137,69.695325,66,67,72,74
2026-08-10,137,69.099017,65,67,71,73
2026-08-11,137,69.650217,66,68,72,74
2026-08-12,137,69.173393,65,67,71,73
2026-08-13,137,69.133729,65,67,71,73
2026-08-14,137,68.512858,65,66,71,73
2026-08-15,137,68.987196,65,67,71,73
2026-08-16,137,68.316069,64,66,70,72
2026-08-17,137,68.255473,64,66,70,72
2026-08-18,137,67.724462,64,66,70,72
2026-08-19,137,68.267331,64,66,70,72
2026-08-20,137,67.723622,64,66,70,71
2026-08-21,137,67.391409,64,65,69,71
2026-08-22,137,66.969126,63,65,69,71
2026-08-23,137,66.613338,63,65,68,70
2026-08-24,137,67.093333,64,65,69,71
2026-08-25,137,67.654469,64,66,69,71
2026-08-26,137,67.143538,64,65,69,71
2026-08-27,137,67.679876,64,66,69,71
2026-08-28,137,67.165592,64,65,69,70
2026-08-29,137,67.190063,64,66,69,70
2026-08-30,137,67.158804,64,66,69,70
2026-03-25,138,68.974483,61,65,73,77
2026-03-26,138,69.866450,62,66,74,78
2026-03-27,138,69.860760,62,66,74,78
2026-03-28,138,70.518129,62,66,75,79
2026-03-29,138,69.735380,62,66,74,78
2026-03-30,138,69.169454,61,65,73,77
2026-03-31,138,70.187163,62,66,74,78
2026-04-01,138,70.864715,63,67,75,79
2026-04-02,138,70.766882,63,67,75,79
2026-04-03,138,69.984905,62,66,74,78
2026-04-04,138,69.194530,61,65,73,77
2026-04-05,138,70.003496,62,66,74,78
2026-04-06,138,69.414482,62,65,73,77
2026-04-07,138,69.898656,62,66,74,78
2026-04-08,138,70.981507,63,67,75,79
2026-04-09,138,71.018232,63,67,75,79
2026-04-10,138,71.945191,64,68,76,80
2026-04-11,138,70.945124,63,67,75,79
2026-04-12,138,70.043159,62,66,74,78
2026-04-13,138,68.961036,61,65,73,77
2026-04-14,138,69.738572,62,66,74,77
2026-04-15,138,70.375119,63,66,74,78
2026-04-16,138,70.438497,63,66,74,78
2026-04-17,138,71.499357,64,68,75,79
2026-04-18,138,72.430762,65,69,76,80
2026-04-19,138,73.181132,66,69,77,81
2026-04-20,138,72.548257,65,69,76,80
2026-04-21,138,73.302763,66,69,77,81
2026-04-22,138,72.690435,65,69,76,80
2026-04-23,138,72.621142,65,69,77,80
2026-04-24,138,72.120956,65,68,76,79
2026-04-25,138,71.631671,64,68,75,79
2026-04-26,138,71.172734,64,67,75,79
2026-04-27,138,72.113000,65,68,76,79
2026-04-28,138,72.987390,66,69,77,80
2026-04-29,138,73.865662,67,70,78,81
2026-04-30,138,74.840230,68,71,79,82
2026-05-01,138,76.085202,69,72,80,83
2026-05-02,138,76.843762,70,73,81,84
2026-05-03,138,76.432632,69,73,80,84
2026-05-04,138,77.217797,70,73,81,84
2026-05-05,138,77.200282,70,73,81,84
2026-05-06,138,76.543156,69,73,80,84
2026-05-07,138,77.192730,70,73,81,84
2026-05-08,138,78.387581,71,75,82,85
2026-05-09,138,77.831083,71,74,82,85
2026-05-10,138,77.345428,70,74,81,84
2026-05-11,138,77.434294,70,74,81,84
2026-05-12,138,78.199166,71,75,82,85
2026-05-13,138,77.474623,71,74,81,84
2026-05-14,138,77.981876,71,74,82,85
2026-05-15,138,78.523974,72,75,82,85
2026-05-16,138,79.342008,73,76,83,86
2026-05-17,138,78.754811,72,75,82,86
2026-05-18,138,78.740459,72,75,82,85
2026-05-19,138,79.598223,73,76,83,86
2026-05-20,138,78.579062,72,75,82,85
2026-05-21,138,77.868752,71,74,81,85
2026-05-22,138,77.930838,71,74,81,85
2026-05-23,138,78.493166,72,75,82,85
2026-05-24,138,78.529298,72,75,82,85
2026-05-25,138,77.855577,71,74,81,85
2026-05-26,138,77.135478,70,74,81,84
2026-05-27,138,76.760464,70,73,80,83
2026-05-28,138,76.722578,70,73,80,83
2026-05-29,138,77.382929,71,74,81,84
2026-05-30,138,76.761650,70,73,80,83
2026-05-31,138,77.525664,71,74,81,84
2026-06-01,138,77.139437,71,74,81,84
2026-06-02,138,76.459155,70,73,80,83
2026-06-03,138,77.182165,71,74,81,84
2026-06-04,138,77.180249,71,74,81,83
2026-06-05,138,78.265535,72,75,82,85
2026-06-06,138,78.875397,73,76,82,85
2026-06-07,138,79.421534,73,76,83,86
2026-06-08,138,79.430423,73,76,83,86
2026-06-09,138,80.529677,74,77,84,87
2026-06-10,138,81.455279,75,78,85,88
2026-06-11,138,81.109882,75,78,84,87
2026-06-12,138,80.566364,74,77,84,87
2026-06-13,138,81.231093,75,78,84,87
2026-06-14,138,80.676028,75,77,84,87
2026-06-15,138,81.331715,75,78,85,87
2026-06-16,138,81.862299,76,79,85,88
2026-06-17,138,81.155316,75,78,84,87
2026-06-18,138,80.366022,74,77,84,86
2026-06-19,138,79.824070,74,77,83,86
2026-06-20,138,79.817583,74,77,83,86
2026-06-21,138,80.451213,75,77,84,86
2026-06-22,138,81.048980,75,78,84,87
2026-06-23,138,80.471525,75,77,84,86
2026-06-24,138,79.720364,74,77,83,86
2026-06-25,138,79.621741,74,77,83,85
2026-06-26,138,78.983494,73,76,82,85
2026-06-27,138,78.362166,73,75,81,84
2026-06-28,138,78.907970,73,76,82,85
2026-06-29,138,78.884941,73,76,82,85
2026-06-30,138,79.670507,74,77,83,85
2026-07-01,138,79.075602,73,76,82,85
2026-07-02,138,79.863975,74,77,83,85
2026-07-03,138,81.220396,76,78,84,87
2026-07-04,138,81.998879,76,79,85,88
2026-07-05,138,81.569999,76,79,85,87
2026-07-06,138,81.101510,76,78,84,86
2026-07-07,138,79.995625,75,77,83,85
2026-07-08,138,80.736909,75,78,83,86
2026-07-09,138,80.182202,75,77,83,85
2026-07-10,138,80.829088,76,78,84,86
2026-07-11,138,81.487630,76,79,84,87
2026-07-12,138,80.992325,76,78,84,86
2026-07-13,138,81.017541,76,78,84,86
2026-07-14,138,81.038591,76,78,84,86
2026-07-15,138,81.011472,76,78,84,86
2026-07-16,138,81.001182,76,78,84,86
2026-07-17,138,81.601866,76,79,84,87
2026-07-18,138,81.093465,76,78,84,86
2026-07-19,138,80.624905,76,78,83,86
2026-07-20,138,80.099879,75,77,83,85
2026-07-21,138,79.513872,75,77,82,85
2026-07-22,138,80.033168,75,77,83,85
2026-07-23,138,79.456423,75,77,82,84
2026-07-24,138,78.838582,74,76,81,84
2026-07-25,138,79.555678,75,77,82,84
2026-07-26,138,78.970075,74,76,82,84
2026-07-27,138,78.430890,74,76,81,83
2026-07-28,138,77.815798,73,75,80,82
2026-07-29,138,78.438676,74,76,81,83
2026-07-30,138,78.027968,73,76,80,83
2026-07-31,138,77.476678,73,75,80,82
2026-08-01,138,76.982160,72,75,79,82
2026-08-02,138,77.636623,73,75,80,82
2026-08-03,138,78.388895,74,76,81,83
2026-08-04,138,78.002010,74,76,80,82
2026-08-05,138,78.753842,74,76,81,83
2026-08-06,138,78.726074,74,76,81,83
2026-08-07,138,79.201823,75,77,81,84
2026-08-08,138,78.546354,74,76,81,83
2026-08-09,138,79.046064,75,77,81,83
2026-08-10,138,78.586507,74,76,81,83
2026-08-11,138,79.132075,75,77,81,83
2026-08-12,138,79.881344,76,78,82,84
2026-08-13,138,79.826129,76,78,82,84
2026-08-14,138,79.377309,75,77,81,83
2026-08-15,138,80.080484,76,78,82,84
2026-08-16,138,80.760598,77,79,83,85
2026-08-17,138,80.893585,77,79,83,85
2026-08-18,138,81.449085,78,79,83,85
2026-08-19,138,80.909513,77,79,83,85
2026-08-20,138,81.476491,78,80,83,85
2026-08-21,138,81.049781,77,79,83,85
2026-08-22,138,80.563190,77,79,82,84
2026-08-23,138,80.111534,77,78,82,84
2026-08-24,138,80.162248,77,78,82,84
2026-08-25,138,79.475381,76,78,81,83
2026-08-26,138,79.025788,76,77,81,82
2026-08-27,138,79.474408,76,78,81,83
2026-08-28,138,80.065938,77,78,82,83
2026-08-29,138,79.563944,76,78,81,83
2026-08-30,138,79.037346,76,77,81,82
2026-03-25,139,75.127478,67,71,79,83
2026-03-26,139,74.447701,66,70,79,82
2026-03-27,139,74.488431,66,70,79,83
2026-03-28,139,73.809777,66,70,78,82
2026-03-29,139,74.777597,67,71,79,83
2026-03-30,139,75.614701,68,71,80,84
2026-03-31,139,74.784485,67,71,79,83
2026-04-01,139,73.670331,66,69,78,82
2026-04-02,139,73.835028,66,70,78,82
2026-04-03,139,72.727686,65,69,77,80
2026-04-04,139,73.868194,66,70,78,82
2026-04-05,139,74.896571,67,71,79,83
2026-04-06,139,75.748751,68,72,80,83
2026-04-07,139,74.586913,67,71,79,82
2026-04-08,139,73.783503,66,70,78,82
2026-04-09,139,73.758358,66,70,78,81
2026-04-10,139,74.605140,67,70,79,82
2026-04-11,139,75.294520,68,71,79,83
2026-04-12,139,75.887161,68,72,80,84
2026-04-13,139,75.923350,68,72,80,84
2026-04-14,139,76.758010,69,73,81,84
2026-04-15,139,77.814498,70,74,82,85
2026-04-16,139,78.600036,71,75,83,86
2026-04-17,139,77.793150,70,74,82,85
2026-04-18,139,78.627318,71,75,83,86
2026-04-19,139,77.872118,70,74,82,86
2026-04-20,139,76.918316,70,73,81,84
2026-04-21,139,75.805114,68,72,80,83
2026-04-22,139,76.946621,70,73,81,84
2026-04-23,139,76.904793,69,73,81,84
2026-04-24,139,77.764614,70,74,82,85
2026-04-25,139,78.657309,71,75,83,86
2026-04-26,139,79.307628,72,75,83,87
2026-04-27,139,80.001774,73,76,84,87
2026-04-28,139,80.646215,73,77,84,88
2026-04-29,139,80.007401,73,76,84,87
2026-04-30,139,80.122834,73,76,84,87
2026-05-01,139,80.842620,74,77,85,88
2026-05-02,139,81.621017,74,78,85,89
2026-05-03,139,82.297734,75,78,86,90
2026-05-04,139,83.257032,76,79,87,90
2026-05-05,139,83.893883,77,80,88,91
2026-05-06,139,84.657573,78,81,88,92
2026-05-07,139,85.530158,78,82,89,93
2026-05-08,139,85.016113,78,81,89,92
2026-05-09,139,84.917764,78,81,89,92
2026-05-10,139,85.785844,79,82,89,93
2026-05-11,139,86.692371,80,83,90,94
2026-05-12,139,87.372751,81,84,91,94
2026-05-13,139,86.662623,80,83,90,94
2026-05-14,139,86.686171,80,83,90,94
2026-05-15,139,87.700088,81,84,91,95
2026-05-16,139,86.768456,80,83,90,94
2026-05-17,139,87.465237,80,84,91,94
2026-05-18,139,88.626886,82,85,92,95
2026-05-19,139,89.308874,82,86,93,96
2026-05-20,139,89.942234,83,86,94,97
2026-05-21,139,89.963596,83,86,94,97
2026-05-22,139,90.644469,84,87,94,97
2026-05-23,139,90.712253,84,87,94,98
2026-05-24,139,90.241842,83,87,94,97
2026-05-25,139,89.538278,83,86,93,96
2026-05-26,139,88.671059,82,85,92,95
2026-05-27,139,87.470855,81,84,91,94
2026-05-28,139,87.586535,81,84,91,94
2026-05-29,139,88.117175,82,85,92,95
2026-05-30,139,86.725894,80,83,90,93
2026-05-31,139,87.396958,81,84,91,94
2026-06-01,139,86.729331,80,83,90,93
2026-06-02,139,85.780681,79,82,89,92
2026-06-03,139,84.848222,78,81,88,91
2026-06-04,139,84.952616,79,82,88,91
2026-06-05,139,85.779578,79,82,89,92
2026-06-06,139,85.301774,79,82,89,92
2026-06-07,139,84.559892,78,81,88,91
2026-06-08,139,85.213614,79,82,89,92
2026-06-09,139,85.797188,79,82,89,92
2026-06-10,139,86.484317,80,83,90,93
2026-06-11,139,86.499475,80,83,90,93
2026-06-12,139,85.843838,80,83,89,92
2026-06-13,139,84.979959,79,82,88,91
2026-06-14,139,85.689756,80,82,89,92
2026-06-15,139,85.385392,79,82,89,91
2026-06-16,139,85.030865,79,82,88,91
2026-06-17,139,84.787625,79,82,88,91
2026-06-18,139,84.714225,79,82,88,91
2026-06-19,139,85.378154,79,82,89,91
2026-06-20,139,84.761937,79,82,88,91
2026-06-21,139,85.283780,79,82,88,91
2026-06-22,139,84.629759,79,81,88,91
2026-06-23,139,83.826243,78,81,87,90
2026-06-24,139,84.507025,79,81,88,90
2026-06-25,139,85.551538,80,82,89,91
2026-06-26,139,86.190353,80,83,89,92
2026-06-27,139,86.764664,81,84,90,93
2026-06-28,139,87.394190,82,84,90,93
2026-06-29,139,87.480379,82,84,90,93
2026-06-30,139,88.266726,83,85,91,94
2026-07-01,139,88.910815,83,86,92,95
2026-07-02,139,89.616502,84,87,93,95
2026-07-03,139,90.113051,85,87,93,96
2026-07-04,139,89.559972,84,87,92,95
2026-07-05,139,89.080198,84,86,92,95
2026-07-06,139,88.510142,83,86,91,94
2026-07-07,139,89.093075,84,86,92,95
2026-07-08,139,89.737989,84,87,93,95
2026-07-09,139,89.043480,84,86,92,94
2026-07-10,139,89.692481,84,87,93,95
2026-07-11,139,90.378205,85,88,93,96
2026-07-12,139,89.661957,84,87,92,95
2026-07-13,139,89.707561,84,87,93,95
2026-07-14,139,89.693338,84,87,92,95
2026-07-15,139,89.581080,84,87,92,95
2026-07-16,139,89.693357,85,87,92,95
2026-07-17,139,88.497020,83,86,91,94
2026-07-18,139,87.962778,83,85,91,93
2026-07-19,139,87.397093,82,85,90,92
2026-07-20,139,88.089469,83,85,91,93
2026-07-21,139,88.910706,84,86,92,94
2026-07-22,139,89.589003,85,87,92,95
2026-07-23,139,89.066064,84,86,92,94
2026-07-24,139,89.704834,85,87,92,95
2026-07-25,139,90.241481,85,88,93,95
2026-07-26,139,90.710836,86,88,93,96
2026-07-27,139,90.770826,86,88,93,96
2026-07-28,139,90.151539,85,88,93,95
2026-07-29,139,90.695612,86,88,93,95
2026-07-30,139,91.258775,87,89,94,96
2026-07-31,139,90.566358,86,88,93,95
2026-08-01,139,90.968423,86,89,93,96
2026-08-02,139,90.280604,86,88,93,95
2026-08-03,139,90.834900,86,88,93,95
2026-08-04,139,91.168881,87,89,93,96
2026-08-05,139,91.700213,87,89,94,96
2026-08-06,139,91.629683,87,89,94,96
2026-08-07,139,92.200826,88,90,95,97
2026-08-08,139,92.804821,89,90,95,97
2026-08-09,139,93.420173,89,91,96,98
2026-08-10,139,93.896412,90,92,96,98
2026-08-11,139,94.436044,90,92,97,99
2026-08-12,139,94.954424,91,93,97,99
2026-08-13,139,94.951092,91,93,97,99
2026-08-14,139,94.416295,90,92,97,98
2026-08-15,139,93.837147,90,92,96,98
2026-08-16,139,93.174713,89,91,95,97
2026-08-17,139,93.660082,90,92,96,98
2026-08-18,139,93.009742,89,91,95,97
2026-08-19,139,93.504409,90,91,96,97
2026-08-20,139,92.916202,89,91,95,97
2026-08-21,139,92.433105,89,90,94,96
2026-08-22,139,91.922893,88,90,94,96
2026-08-23,139,92.441658,89,91,94,96
2026-08-24,139,93.057731,89,91,95,97
2026-08-25,139,92.554597,89,91,94,96
2026-08-26,139,93.166166,90,91,95,97
2026-08-27,139,93.190044,90,91,95,97
2026-08-28,139,93.761255,90,92,96,97
2026-08-29,139,94.228977,91,92,96,98
2026-08-30,139,94.715902,91,93,96,98
2026-03-25,140,83.570751,75,79,88,92
2026-03-26,140,82.762252,75,79,87,91
2026-03-27,140,82.783635,75,79,87,91
2026-03-28,140,83.499318,75,79,88,92
2026-03-29,140,84.564221,76,80,89,93
2026-03-30,140,85.577706,78,81,90,94
2026-03-31,140,86.355586,78,82,91,94
2026-04-01,140,85.377310,77,81,90,93
2026-04-02,140,85.457125,77,81,90,93
2026-04-03,140,84.509509,77,80,89,93
2026-04-04,140,83.789088,76,80,88,92
2026-04-05,140,83.194486,75,79,87,91
2026-04-06,140,83.703321,76,80,88,92
2026-04-07,140,84.577677,77,80,89,92
2026-04-08,140,85.642962,78,82,90,94
2026-04-09,140,85.464234,78,81,90,93
2026-04-10,140,84.779978,77,81,89,92
2026-04-11,140,84.124775,76,80,88,92
2026-04-12,140,85.016366,77,81,89,93
2026-04-13,140,86.435660,79,82,91,94
2026-04-14,140,85.813040,78,82,90,93
2026-04-15,140,85.069558,77,81,89,93
2026-04-16,140,85.816092,78,82,90,93
2026-04-17,140,86.929999,79,83,91,95
2026-04-18,140,85.914977,78,82,90,93
2026-04-19,140,85.147111,78,81,89,93
2026-04-20,140,85.241443,78,81,89,93
2026-04-21,140,86.165057,79,82,90,94
2026-04-22,140,85.105013,78,81,89,93
2026-04-23,140,85.994516,79,82,90,93
2026-04-24,140,84.692062,77,81,89,92
2026-04-25,140,85.177961,78,81,89,93
2026-04-26,140,84.667798,77,81,88,92
2026-04-27,140,83.903526,76,80,88,91
2026-04-28,140,83.404326,76,80,87,91
2026-04-29,140,84.139310,77,80,88,91
2026-04-30,140,84.185871,77,80,88,91
2026-05-01,140,84.817975,78,81,89,92
2026-05-02,140,83.920291,77,80,88,91
2026-05-03,140,82.867870,76,79,87,90
2026-05-04,140,82.984271,76,79,87,90
2026-05-05,140,82.152652,75,78,86,89
2026-05-06,140,83.278696,76,79,87,90
2026-05-07,140,82.205690,75,78,86,89
2026-05-08,140,81.031994,74,77,85,88
2026-05-09,140,82.226215,75,78,86,89
2026-05-10,140,83.002434,76,79,87,90
2026-05-11,140,82.347021,75,79,86,89
2026-05-12,140,82.973852,76,79,87,90
2026-05-13,140,83.585687,77,80,87,91
2026-05-14,140,83.658304,77,80,87,91
2026-05-15,140,83.010075,76,79,87,90
2026-05-16,140,82.281154,75,79,86,89
2026-05-17,140,83.559717,77,80,87,90
2026-05-18,140,82.766968,76,79,86,90
2026-05-19,140,83.989882,77,80,88,91
2026-05-20,140,84.324573,78,81,88,91
2026-05-21,140,84.421171,78,81,88,91
2026-05-22,140,83.577326,77,80,87,90
2026-05-23,140,82.681859,76,79,86,89
2026-05-24,140,81.967136,75,78,86,89
2026-05-25,140,80.735784,74,77,84,87
2026-05-26,140,81.451364,75,78,85,88
2026-05-27,140,80.908485,74,77,84,87
2026-05-28,140,80.052413,74,77,83,87
2026-05-29,140,81.073762,74,78,85,88
2026-05-30,140,81.532460,75,78,85,88
2026-05-31,140,82.193043,76,79,86,89
2026-06-01,140,82.620897,76,79,86,89
2026-06-02,140,83.323990,77,80,87,90
2026-06-03,140,82.598936,76,79,86,89
2026-06-04,140,82.569541,76,79,86,89
2026-06-05,140,83.172347,77,80,87,89
2026-06-06,140,82.187865,76,79,86,89
2026-06-07,140,83.203058,77,80,87,89
2026-06-08,140,83.243182,77,80,87,89
2026-06-09,140,82.639960,76,79,86,89
2026-06-10,140,83.225948,77,80,86,89
2026-06-11,140,83.888319,78,81,87,90
2026-06-12,140,82.681370,77,79,86,89
2026-06-13,140,82.116835,76,79,85,88
2026-06-14,140,82.868672,77,80,86,89
2026-06-15,140,82.108454,76,79,85,88
2026-06-16,140,81.033599,75,78,84,87
2026-06-17,140,81.032468,75,78,84,87
2026-06-18,140,80.187405,74,77,83,86
2026-06-19,140,80.764011,75,78,84,87
2026-06-20,140,80.154499,74,77,83,86
2026-06-21,140,80.649354,75,78,84,86
2026-06-22,140,81.265947,75,78,84,87
2026-06-23,140,80.629240,75,78,84,86
2026-06-24,140,80.028983,74,77,83,86
2026-06-25,140,80.576093,75,78,84,86
2026-06-26,140,81.133755,75,78,84,87
2026-06-27,140,81.855723,76,79,85,87
2026-06-28,140,82.311718,77,79,85,88
2026-06-29,140,82.976937,77,80,86,89
2026-06-30,140,83.556503,78,81,86,89
2026-07-01,140,82.816135,77,80,86,88
2026-07-02,140,83.551368,78,81,86,89
2026-07-03,140,83.592650,78,81,86,89
2026-07-04,140,82.991553,78,80,86,88
2026-07-05,140,82.296573,77,79,85,88
2026-07-06,140,82.344849,77,80,85,88
2026-07-07,140,82.936752,78,80,86,88
2026-07-08,140,81.841194,77,79,85,87
2026-07-09,140,82.339617,77,80,85,88
2026-07-10,140,82.993107,78,80,86,88
2026-07-11,140,82.252257,77,79,85,87
2026-07-12,140,82.755972,78,80,85,88
2026-07-13,140,82.675543,77,80,85,88
2026-07-14,140,82.746220,78,80,85,88
2026-07-15,140,82.765357,78,80,85,88
2026-07-16,140,82.707486,78,80,85,88
2026-07-17,140,81.917513,77,79,85,87
2026-07-18,140,82.483763,77,80,85,88
2026-07-19,140,82.043035,77,79,85,87
2026-07-20,140,81.219987,76,79,84,86
2026-07-21,140,82.076937,77,79,85,87
2026-07-22,140,81.454251,76,79,84,86
2026-07-23,140,81.411223,76,79,84,86
2026-07-24,140,81.927405,77,79,84,87
2026-07-25,140,82.573907,78,80,85,87
2026-07-26,140,82.080000,77,80,85,87
2026-07-27,140,82.654120,78,80,85,87
2026-07-28,140,83.300912,79,81,86,88
2026-07-29,140,82.797071,78,80,85,87
2026-07-30,140,82.300457,78,80,85,87
2026-07-31,140,81.634928,77,79,84,86
2026-08-01,140,81.096673,77,79,83,86
2026-08-02,140,80.608346,76,78,83,85
2026-08-03,140,79.928065,75,78,82,84
2026-08-04,140,80.440002,76,78,83,85
2026-08-05,140,81.038999,77,79,83,85
2026-08-06,140,81.070225,77,79,83,85
2026-08-07,140,81.558522,77,79,84,86
2026-08-08,140,82.141065,78,80,84,86
2026-08-09,140,81.483628,77,79,84,86
2026-08-10,140,82.023071,78,80,84,86
2026-08-11,140,81.457788,77,79,84,86
2026-08-12,140,80.925610,77,79,83,85
2026-08-13,140,80.250610,76,78,82,84
2026-08-14,140,79.584682,76,78,82,84
2026-08-15,140,80.050036,76,78,82,84
2026-08-16,140,79.475072,76,77,82,83
2026-08-17,140,79.492196,76,77,81,83
2026-08-18,140,80.050992,76,78,82,84
2026-08-19,140,79.381059,76,77,81,83
2026-08-20,140,79.849910,76,78,82,84
2026-08-21,140,80.290609,77,78,82,84
2026-08-22,140,79.623671,76,78,82,83
2026-08-23,140,80.158205,77,78,82,84
2026-08-24,140,80.777035,77,79,83,84
2026-08-25,140,80.210707,77,78,82,84
2026-08-26,140,79.687523,76,78,81,83
2026-08-27,140,79.708631,76,78,81,83
2026-08-28,140,79.200676,76,77,81,83
2026-08-29,140,78.850201,76,77,81,82
2026-08-30,140,79.531527,76,78,81,83
2026-03-25,141,87.755579,80,83,92,96
2026-03-26,141,87.703463,80,84,92,96
2026-03-27,141,88.225835,80,84,92,96
2026-03-28,141,88.583937,81,84,93,97
2026-03-29,141,89.377724,81,85,94,97
2026-03-30,141,87.692497,80,83,92,96
2026-03-31,141,88.348063,80,84,93,96
2026-04-01,141,87.448083,80,83,92,95
2026-04-02,141,87.465376,80,83,92,95
2026-04-03,141,86.536202,79,82,91,94
2026-04-04,141,85.551136,78,81,90,93
2026-04-05,141,84.584390,77,80,89,93
2026-04-06,141,82.723508,75,79,87,90
2026-04-07,141,82.001436,74,78,86,90
2026-04-08,141,82.692194,75,79,87,90
2026-04-09,141,82.684750,75,79,87,91
2026-04-10,141,83.881673,76,80,88,92
2026-04-11,141,82.814179,75,79,87,91
2026-04-12,141,81.420811,74,77,86,89
2026-04-13,141,81.445425,74,77,86,89
2026-04-14,141,82.321234,75,78,86,90
2026-04-15,141,81.575783,74,78,86,89
2026-04-16,141,81.104846,73,77,85,89
2026-04-17,141,80.254960,73,76,84,88
2026-04-18,141,79.238725,72,75,83,87
2026-04-19,141,80.535697,73,77,84,88
2026-04-20,141,81.273703,74,77,85,89
2026-04-21,141,81.864607,74,78,86,89
2026-04-22,141,80.907505,73,77,85,88
2026-04-23,141,80.875557,73,77,85,88
2026-04-24,141,80.049322,73,76,84,88
2026-04-25,141,80.635339,73,77,85,88
2026-04-26,141,81.282807,74,77,85,89
2026-04-27,141,80.228609,73,76,84,88
2026-04-28,141,80.874386,73,77,85,88
2026-04-29,141,82.082910,75,78,86,89
2026-04-30,141,80.862096,74,77,85,88
2026-05-01,141,81.762872,75,78,86,89
2026-05-02,141,82.854515,75,79,87,90
2026-05-03,141,82.211521,75,78,86,89
2026-05-04,141,81.260745,74,77,85,88
2026-05-05,141,80.607018,73,77,84,88
2026-05-06,141,79.802348,73,76,84,87
2026-05-07,141,79.818590,73,76,84,87
2026-05-08,141,80.371967,73,77,84,87
2026-05-09,141,81.910832,75,78,86,89
2026-05-10,141,80.788786,74,77,85,88
2026-05-11,141,79.879444,73,76,84,87
2026-05-12,141,79.278603,72,76,83,86
2026-05-13,141,79.905829,73,76,84,87
2026-05-14,141,79.992293,73,76,84,87
2026-05-15,141,79.416943,72,76,83,86
2026-05-16,141,80.028154,73,76,84,87
2026-05-17,141,80.750289,74,77,84,88
2026-05-18,141,80.313672,73,77,84,87
2026-05-19,141,79.757095,73,76,83,87
2026-05-20,141,80.353118,74,77,84,87
2026-05-21,141,81.218494,74,78,85,88
2026-05-22,141,81.878434,75,78,85,89
2026-05-23,141,82.537309,76,79,86,89
2026-05-24,141,81.800488,75,78,85,88
2026-05-25,141,80.737191,74,77,84,87
2026-05-26,141,81.638025,75,78,85,88
2026-05-27,141,81.997015,75,79,86,89
2026-05-28,141,82.570320,76,79,86,89
2026-05-29,141,83.014162,76,80,86,90
2026-05-30,141,82.435843,76,79,86,89
2026-05-31,141,81.508485,75,78,85,88
2026-06-01,141,81.593472,75,78,85,88
2026-06-02,141,81.229895,75,78,85,88
2026-06-03,141,80.523418,74,77,84,87
2026-06-04,141,81.436563,75,78,85,88
2026-06-05,141,80.155675,74,77,83,86
2026-06-06,141,80.696085,74,77,84,87
2026-06-07,141,81.263159,75,78,85,88
2026-06-08,141,80.554685,74,77,84,87
2026-06-09,141,81.187289,75,78,84,87
2026-06-10,141,80.382116,74,77,84,86
2026-06-11,141,80.289548,74,77,84,86
2026-06-12,141,81.086950,75,78,84,87
2026-06-13,141,80.476443,74,77,84,87
2026-06-14,141,79.820994,74,77,83,86
2026-06-15,141,79.863971,74,77,83,86
2026-06-16,141,80.647785,75,77,84,87
2026-06-17,141,81.376899,75,78,85,87
2026-06-18,141,81.959049,76,79,85,88
2026-06-19,141,80.769987,75,78,84,87
2026-06-20,141,81.412370,75,78,85,87
2026-06-21,141,81.454019,76,78,85,87
2026-06-22,141,81.997612,76,79,85,88
2026-06-23,141,81.388897,76,78,84,87
2026-06-24,141,80.789155,75,78,84,87
2026-06-25,141,80.085097,74,77,83,86
2026-06-26,141,79.631969,74,77,83,85
2026-06-27,141,78.905267,73,76,82,85
2026-06-28,141,78.331124,73,75,81,84
2026-06-29,141,78.948474,73,76,82,85
2026-06-30,141,78.182773,73,75,81,84
2026-07-01,141,79.054011,74,76,82,85
2026-07-02,141,79.025682,73,76,82,85
2026-07-03,141,79.555869,74,77,82,85
2026-07-04,141,78.696633,73,76,82,84
2026-07-05,141,78.109929,73,75,81,84
2026-07-06,141,77.261397,72,74,80,83
2026-07-07,141,77.953657,73,75,81,83
2026-07-08,141,78.840869,74,76,82,84
2026-07-09,141,78.808940,73,76,82,84
2026-07-10,141,79.429728,74,77,82,85
2026-07-11,141,78.849891,74,76,82,84
2026-07-12,141,78.314821,73,76,81,83
2026-07-13,141,78.258303,73,76,81,83
2026-07-14,141,78.295387,73,76,81,83
2026-07-15,141,78.274288,73,76,81,83
2026-07-16,141,78.281914,73,76,81,83
2026-07-17,141,77.463662,72,75,80,83
2026-07-18,141,77.918605,73,75,81,83
2026-07-19,141,77.361443,72,75,80,82
2026-07-20,141,76.591430,72,74,79,82
2026-07-21,141,75.698900,71,73,78,81
2026-07-22,141,75.151403,70,73,78,80
2026-07-23,141,75.666352,71,73,78,81
2026-07-24,141,75.139781,70,73,78,80
2026-07-25,141,75.992918,71,73,78,81
2026-07-26,141,75.358040,71,73,78,80
2026-07-27,141,75.910249,71,73,78,81
2026-07-28,141,75.408078,71,73,78,80
2026-07-29,141,75.959590,71,74,78,81
2026-07-30,141,75.904347,71,73,78,81
2026-07-31,141,76.397996,72,74,79,81
2026-08-01,141,77.006954,72,75,79,82
2026-08-02,141,76.326770,72,74,79,81
2026-08-03,141,76.930734,72,75,79,81
2026-08-04,141,76.333001,72,74,79,81
2026-08-05,141,76.843382,72,75,79,81
2026-08-06,141,76.427426,72,74,79,81
2026-08-07,141,77.011961,73,75,79,81
2026-08-08,141,77.593011,73,75,80,82
2026-08-09,141,77.159321,73,75,79,81
2026-08-10,141,77.751981,74,76,80,82
2026-08-11,141,78.310739,74,76,80,82
2026-08-12,141,78.872919,75,77,81,83
2026-08-13,141,78.331873,74,76,80,82
2026-08-14,141,78.878934,75,77,81,83
2026-08-15,141,79.497349,76,77,82,83
2026-08-16,141,79.029547,75,77,81,83
2026-08-17,141,78.985971,75,77,81,83
2026-08-18,141,79.645004,76,78,82,83
2026-08-19,141,79.198684,75,77,81,83
2026-08-20,141,79.734064,76,78,82,83
2026-08-21,141,79.315739,76,77,81,83
2026-08-22,141,79.901347,76,78,82,83
2026-08-23,141,79.486015,76,78,81,83
2026-08-24,141,79.454389,76,78,81,83
2026-08-25,141,78.846288,75,77,81,82
2026-08-26,141,79.336232,76,78,81,83
2026-08-27,141,78.640200,75,77,80,82
2026-08-28,141,79.192132,76,77,81,82
2026-08-29,141,79.720612,77,78,81,83
2026-08-30,141,80.256781,77,79,82,83
2026-03-25,142,72.518548,64,68,77,81
2026-03-26,142,71.825073,64,68,76,80
2026-03-27,142,71.855787,64,68,76,80
2026-03-28,142,73.389322,65,69,78,81
2026-03-29,142,72.606710,65,68,77,81
2026-03-30,142,71.903261,64,68,76,80
2026-03-31,142,72.029099,64,68,76,80
2026-04-01,142,71.170455,63,67,75,79
2026-04-02,142,72.384893,65,68,77,80
2026-04-03,142,73.670017,66,70,78,82
2026-04-04,142,72.366139,65,68,77,80
2026-04-05,142,71.671581,64,68,76,79
2026-04-06,142,72.909611,65,69,77,81
2026-04-07,142,73.736192,66,70,78,82
2026-04-08,142,74.567652,67,71,79,82
2026-04-09,142,75.545382,68,71,80,83
2026-04-10,142,74.409110,67,70,78,82
2026-04-11,142,75.323406,68,71,79,83
2026-04-12,142,76.633294,69,73,81,84
2026-04-13,142,77.927020,70,74,82,86
2026-04-14,142,79.227663,72,75,83,87
2026-04-15,142,78.358356,71,74,82,86
2026-04-16,142,78.379086,71,74,82,86
2026-04-17,142,77.723146,70,74,82,85
2026-04-18,142,77.231619,70,73,81,85
2026-04-19,142,76.427266,69,72,80,84
2026-04-20,142,76.489528,69,73,80,84
2026-04-21,142,77.295266,70,73,81,85
2026-04-22,142,76.790847,69,73,81,84
2026-04-23,142,76.219899,69,72,80,84
2026-04-24,142,75.384618,68,71,79,83
2026-04-25,142,74.474113,67,71,78,82
2026-04-26,142,73.925694,67,70,78,81
2026-04-27,142,75.126754,68,71,79,82
2026-04-28,142,74.181600,67,70,78,82
2026-04-29,142,73.591386,66,70,77,81
2026-04-30,142,74.650412,67,71,78,82
2026-05-01,142,73.751152,67,70,78,81
2026-05-02,142,72.666054,66,69,76,80
2026-05-03,142,73.276260,66,69,77,80
2026-05-04,142,73.286151,66,70,77,81
2026-05-05,142,74.553430,67,71,78,82
2026-05-06,142,73.076193,66,69,77,80
2026-05-07,142,72.371859,65,69,76,79
2026-05-08,142,71.821265,65,68,76,79
2026-05-09,142,72.548487,66,69,76,79
2026-05-10,142,73.235523,66,70,77,80
2026-05-11,142,73.183568,66,70,77,80
2026-05-12,142,74.007073,67,70,78,81
2026-05-13,142,73.157105,66,70,77,80
2026-05-14,142,74.290912,67,71,78,81
2026-05-15,142,73.740634,67,70,77,81
2026-05-16,142,73.332436,66,70,77,80
2026-05-17,142,74.004370,67,70,78,81
2026-05-18,142,74.843839,68,71,78,82
2026-05-19,142,74.259459,67,71,78,81
2026-05-20,142,75.103544,68,72,79,82
2026-05-21,142,75.104955,68,72,79,82
2026-05-22,142,75.811760,69,72,79,82
2026-05-23,142,76.570806,70,73,80,83
2026-05-24,142,77.157105,71,74,81,84
2026-05-25,142,76.595807,70,73,80,83
2026-05-26,142,77.350518,71,74,81,84
2026-05-27,142,76.020688,70,73,79,82
2026-05-28,142,75.282818,69,72,79,82
2026-05-29,142,74.846689,68,71,78,81
2026-05-30,142,74.416574,68,71,78,81
2026-05-31,142,73.727463,67,70,77,80
2026-06-01,142,74.327466,68,71,78,81
2026-06-02,142,74.933729,69,72,78,81
2026-06-03,142,73.833625,67,70,77,80
2026-06-04,142,73.274151,67,70,77,80
2026-06-05,142,73.935473,68,71,77,80
2026-06-06,142,73.413772,67,70,77,80
2026-06-07,142,72.884991,67,70,76,79
2026-06-08,142,72.871800,67,70,76,79
2026-06-09,142,72.117907,66,69,75,78
2026-06-10,142,72.771748,67,70,76,79
2026-06-11,142,71.929588,66,69,75,78
2026-06-12,142,72.514821,67,69,76,79
2026-06-13,142,71.838137,66,69,75,78
2026-06-14,142,72.464098,66,69,76,78
2026-06-15,142,73.047398,67,70,76,79
2026-06-16,142,74.187862,68,71,77,80
2026-06-17,142,74.219041,68,71,77,80
2026-06-18,142,75.071531,69,72,78,81
2026-06-19,142,74.429050,69,71,77,80
2026-06-20,142,75.347280,69,72,78,81
2026-06-21,142,76.020538,70,73,79,82
2026-06-22,142,75.628750,70,73,79,81
2026-06-23,142,74.923135,69,72,78,81
2026-06-24,142,74.581205,69,72,78,80
2026-06-25,142,74.612469,69,72,78,80
2026-06-26,142,75.056750,69,72,78,81
2026-06-27,142,74.367861,69,71,77,80
2026-06-28,142,74.781156,69,72,78,80
2026-06-29,142,75.449042,70,73,78,81
2026-06-30,142,74.982881,69,72,78,81
2026-07-01,142,75.736382,70,73,79,81
2026-07-02,142,75.774038,70,73,79,81
2026-07-03,142,75.431872,70,73,78,81
2026-07-04,142,76.337337,71,73,79,82
2026-07-05,142,77.122943,72,74,80,82
2026-07-06,142,77.097389,72,74,80,82
2026-07-07,142,77.620616,72,75,80,83
2026-07-08,142,78.291578,73,75,81,84
2026-07-09,142,77.682087,72,75,80,83
2026-07-10,142,77.081906,72,74,80,82
2026-07-11,142,77.606799,72,75,80,83
2026-07-12,142,78.119416,73,75,81,83
2026-07-13,142,78.211627,73,75,81,83
2026-07-14,142,78.189357,73,75,81,83
2026-07-15,142,78.095547,73,75,81,83
2026-07-16,142,78.074924,73,75,81,83
2026-07-17,142,78.838305,74,76,81,84
2026-07-18,142,78.306575,73,76,81,83
2026-07-19,142,77.742330,73,75,80,83
2026-07-20,142,76.976371,72,74,80,82
2026-07-21,142,76.513337,72,74,79,81
2026-07-22,142,77.240546,72,75,80,82
2026-07-23,142,77.851018,73,75,80,83
2026-07-24,142,77.286801,73,75,80,82
2026-07-25,142,77.764176,73,75,80,83
2026-07-26,142,78.276383,74,76,81,83
2026-07-27,142,78.344057,74,76,81,83
2026-07-28,142,78.799910,74,76,81,84
2026-07-29,142,78.223355,74,76,81,83
2026-07-30,142,78.685092,74,76,81,83
2026-07-31,142,79.295213,75,77,82,84
2026-08-01,142,78.979595,74,77,81,84
2026-08-02,142,78.521254,74,76,81,83
2026-08-03,142,78.511034,74,76,81,83
2026-08-04,142,77.918241,74,76,80,82
2026-08-05,142,77.437351,73,75,80,82
2026-08-06,142,77.984677,74,76,80,82
2026-08-07,142,78.664646,74,76,81,83
2026-08-08,142,78.298802,74,76,80,82
2026-08-09,142,77.924793,74,76,80,82
2026-08-10,142,78.515189,74,76,81,83
2026-08-11,142,77.997733,74,76,80,82
2026-08-12,142,78.578267,75,77,81,83
2026-08-13,142,77.920865,74,76,80,82
2026-08-14,142,77.935748,74,76,80,82
2026-08-15,142,77.388598,73,75,79,81
2026-08-16,142,76.920008,73,75,79,81
2026-08-17,142,77.548326,74,76,80,81
2026-08-18,142,78.157274,74,76,80,82
2026-08-19,142,78.807388,75,77,81,83
2026-08-20,142,78.830225,75,77,81,83
2026-08-21,142,78.291905,75,76,80,82
2026-08-22,142,77.870453,74,76,80,81
2026-08-23,142,77.301287,74,75,79,81
2026-08-24,142,77.864108,74,76,80,81
2026-08-25,142,77.347177,74,76,79,81
2026-08-26,142,76.830120,74,75,79,80
2026-08-27,142,76.785004,73,75,79,80
2026-08-28,142,76.283817,73,75,78,80
2026-08-29,142,75.812875,73,74,78,79
2026-08-30,142,76.304265,73,75,78,79
2026-03-25,143,90.015363,82,86,94,98
2026-03-26,143,90.661143,83,86,95,98
2026-03-27,143,90.558601,83,86,95,99
2026-03-28,143,89.790085,82,86,94,98
2026-03-29,143,88.596855,81,84,93,97
2026-03-30,143,86.640766,79,83,91,94
2026-03-31,143,86.899753,79,83,91,95
2026-04-01,143,86.980019,79,83,91,95
2026-04-02,143,87.015486,79,83,91,95
2026-04-03,143,88.362259,80,84,93,96
2026-04-04,143,88.885178,81,85,93,97
2026-04-05,143,87.654194,80,83,92,96
2026-04-06,143,88.328954,80,84,92,96
2026-04-07,143,86.910798,79,83,91,95
2026-04-08,143,85.689125,78,82,90,93
2026-04-09,143,85.669731,78,82,90,93
2026-04-10,143,84.940333,77,81,89,93
2026-04-11,143,85.548221,78,81,90,93
2026-04-12,143,84.806367,77,81,89,92
2026-04-13,143,86.210826,79,82,90,94
2026-04-14,143,84.942520,77,81,89,93
2026-04-15,143,83.411261,76,79,87,91
2026-04-16,143,83.507540,76,80,88,91
2026-04-17,143,82.046698,74,78,86,90
2026-04-18,143,81.329577,74,77,85,89
2026-04-19,143,80.564252,73,77,85,88
2026-04-20,143,79.587619,72,76,84,87
2026-04-21,143,79.045986,72,75,83,86
2026-04-22,143,78.054267,71,74,82,86
2026-04-23,143,77.622639,70,74,82,85
2026-04-24,143,76.922103,70,73,81,84
2026-04-25,143,77.747426,70,74,82,85
2026-04-26,143,77.079814,70,73,81,84
2026-04-27,143,77.126199,70,73,81,84
2026-04-28,143,78.026035,71,74,82,86
2026-04-29,143,78.086275,71,74,82,85
2026-04-30,143,79.067675,72,75,83,86
2026-05-01,143,79.590954,72,76,83,87
2026-05-02,143,78.558865,71,75,82,86
2026-05-03,143,79.442528,72,76,83,87
2026-05-04,143,79.962490,73,76,84,87
2026-05-05,143,81.109149,74,77,85,88
2026-05-06,143,81.649654,74,78,85,89
2026-05-07,143,80.149249,73,76,84,87
2026-05-08,143,79.391132,72,76,83,86
2026-05-09,143,80.151695,73,76,84,87
2026-05-10,143,80.938603,74,77,85,88
2026-05-11,143,81.032166,74,77,85,88
2026-05-12,143,81.577870,75,78,85,88
2026-05-13,143,80.818574,74,77,85,88
2026-05-14,143,81.437903,74,78,85,88
2026-05-15,143,82.154570,75,79,86,89
2026-05-16,143,83.002301,76,79,87,90
2026-05-17,143,83.786028,77,80,87,91
2026-05-18,143,84.312852,78,81,88,91
2026-05-19,143,83.525094,77,80,87,90
2026-05-20,143,82.588568,76,79,86,89
2026-05-21,143,82.598013,76,79,86,89
2026-05-22,143,81.870334,75,78,85,89
2026-05-23,143,82.537857,76,79,86,89
2026-05-24,143,81.789634,75,78,85,88
2026-05-25,143,82.459488,76,79,86,89
2026-05-26,143,83.059661,76,80,87,90
2026-05-27,143,83.704360,77,80,87,90
2026-05-28,143,83.697825,77,80,87,90
2026-05-29,143,83.240763,77,80,87,90
2026-05-30,143,83.851247,77,80,87,90
2026-05-31,143,82.969936,77,80,86,89
2026-06-01,143,83.015637,76,80,86,90
2026-06-02,143,83.516965,77,80,87,90
2026-06-03,143,83.979177,78,81,87,90
2026-06-04,143,84.488011,78,81,88,91
2026-06-05,143,85.038333,79,82,88,91
2026-06-06,143,84.173582,78,81,87,91
2026-06-07,143,84.809839,79,82,88,91
2026-06-08,143,85.466159,79,82,89,92
2026-06-09,143,84.937685,79,82,88,91
2026-06-10,143,85.660442,80,82,89,92
2026-06-11,143,85.590853,79,82,89,92
2026-06-12,143,84.836297,79,82,88,91
2026-06-13,143,85.491646,79,82,89,92
2026-06-14,143,84.734994,79,82,88,91
2026-06-15,143,85.603161,80,82,89,92
2026-06-16,143,86.273763,80,83,89,92
2026-06-17,143,85.214791,79,82,88,91
2026-06-18,143,84.699500,79,82,88,91
2026-06-19,143,84.659386,79,82,88,91
2026-06-20,143,85.755628,80,83,89,92
2026-06-21,143,86.459523,81,83,90,92
2026-06-22,143,85.660156,80,83,89,92
2026-06-23,143,86.460504,81,83,90,92
2026-06-24,143,86.948386,81,84,90,93
2026-06-25,143,87.650328,82,85,91,93
2026-06-26,143,88.226244,82,85,91,94
2026-06-27,143,87.550160,82,85,91,93
2026-06-28,143,88.083135,83,85,91,94
2026-06-29,143,87.366818,82,84,90,93
2026-06-30,143,88.049232,82,85,91,94
2026-07-01,143,88.593823,83,86,92,94
2026-07-02,143,87.972202,83,85,91,93
2026-07-03,143,87.880019,82,85,91,93
2026-07-04,143,88.445286,83,86,91,94
2026-07-05,143,87.846759,82,85,91,93
2026-07-06,143,86.793788,81,84,90,92
2026-07-07,143,87.375448,82,85,90,93
2026-07-08,143,86.588418,81,84,89,92
2026-07-09,143,87.013664,82,84,90,92
2026-07-10,143,86.269024,81,84,89,91
2026-07-11,143,86.992058,82,84,90,92
2026-07-12,143,87.587968,82,85,90,93
2026-07-13,143,87.615102,83,85,90,93
2026-07-14,143,87.579766,82,85,90,93
2026-07-15,143,87.625557,83,85,90,93
2026-07-16,143,86.999512,82,84,90,92
2026-07-17,143,86.930095,82,84,90,92
2026-07-18,143,87.533911,82,85,90,93
2026-07-19,143,86.835260,82,84,90,92
2026-07-20,143,87.553574,83,85,90,92
2026-07-21,143,87.203799,82,85,90,92
2026-07-22,143,86.618058,82,84,89,92
2026-07-23,143,86.557378,82,84,89,91
2026-07-24,143,86.102085,81,84,89,91
2026-07-25,143,85.550344,81,83,88,90
2026-07-26,143,86.274425,82,84,89,91
2026-07-27,143,85.724484,81,83,88,90
2026-07-28,143,85.225204,81,83,88,90
2026-07-29,143,84.688393,80,82,87,89
2026-07-30,143,84.657342,80,82,87,89
2026-07-31,143,84.216676,80,82,87,89
2026-08-01,143,84.724750,80,82,87,89
2026-08-02,143,85.430960,81,83,88,90
2026-08-03,143,85.859811,81,84,88,90
2026-08-04,143,86.394563,82,84,89,91
2026-08-05,143,85.602410,81,83,88,90
2026-08-06,143,86.132418,82,84,88,90
2026-08-07,143,85.522860,81,83,88,90
2026-08-08,143,84.953147,81,83,87,89
2026-08-09,143,85.356775,81,83,88,90
2026-08-10,143,85.873270,82,84,88,90
2026-08-11,143,85.268059,81,83,87,89
2026-08-12,143,84.586418,81,82,87,89
2026-08-13,143,85.111425,81,83,87,89
2026-08-14,143,85.158874,81,83,87,89
2026-08-15,143,85.773450,82,84,88,90
2026-08-16,143,86.228354,82,84,88,90
2026-08-17,143,86.656647,83,85,89,90
2026-08-18,143,87.177396,83,85,89,91
2026-08-19,143,87.647426,84,86,90,91
2026-08-20,143,87.595899,84,86,90,91
2026-08-21,143,88.009648,84,86,90,92
2026-08-22,143,88.593470,85,87,91,92
2026-08-23,143,89.037984,85,87,91,93
2026-08-24,143,88.398944,85,87,90,92
2026-08-25,143,87.899619,84,86,90,91
2026-08-26,143,88.475071,85,87,90,92
2026-08-27,143,88.481117,85,87,90,92
2026-08-28,143,88.867949,85,87,91,92
2026-08-29,143,89.287929,86,88,91,93
2026-08-30,143,89.822095,87,88,91,93
2026-03-25,144,86.865740,79,83,91,95
2026-03-26,144,86.834459,79,83,91,95
2026-03-27,144,87.906072,80,84,92,96
2026-03-28,144,88.883218,81,85,93,97
2026-03-29,144,88.135209,80,84,92,96
2026-03-30,144,89.205831,81,85,93,97
2026-03-31,144,88.120253,80,84,92,96
2026-04-01,144,88.956058,81,85,93,97
2026-04-02,144,90.732383,83,87,95,99
2026-04-03,144,91.660317,84,88,96,100
2026-04-04,144,91.206397,83,87,95,99
2026-04-05,144,90.361256,83,86,94,98
2026-04-06,144,89.344720,82,85,93,97
2026-04-07,144,90.126732,82,86,94,98
2026-04-08,144,91.197286,84,87,95,99
2026-04-09,144,91.130661,83,87,95,99
2026-04-10,144,92.028891,84,88,96,100
2026-04-11,144,91.022030,83,87,95,99
2026-04-12,144,92.453618,85,88,96,100
2026-04-13,144,91.097187,83,87,95,99
2026-04-14,144,91.510591,84,87,96,99
2026-04-15,144,92.235432,85,88,96,100
2026-04-16,144,92.196792,85,88,96,100
2026-04-17,144,93.618125,86,90,98,101
2026-04-18,144,94.288328,87,90,98,102
2026-04-19,144,94.985584,88,91,99,102
2026-04-20,144,95.566542,88,92,100,103
2026-04-21,144,94.285403,87,90,98,102
2026-04-22,144,94.650968,87,91,99,102
2026-04-23,144,95.582588,88,92,99,103
2026-04-24,144,96.031075,89,92,100,103
2026-04-25,144,95.056337,88,91,99,102
2026-04-26,144,95.862121,89,92,100,103
2026-04-27,144,95.800714,89,92,100,103
2026-04-28,144,96.381096,89,93,100,104
2026-04-29,144,96.957484,90,93,101,104
2026-04-30,144,96.132223,89,92,100,103
2026-05-01,144,96.603347,89,93,100,104
2026-05-02,144,97.506602,90,94,101,105
2026-05-03,144,98.007471,91,94,102,105
2026-05-04,144,97.353298,90,94,101,104
2026-05-05,144,97.936420,91,94,102,105
2026-05-06,144,97.207200,90,94,101,104
2026-05-07,144,97.303710,90,94,101,104
2026-05-08,144,96.707479,90,93,100,104
2026-05-09,144,97.615811,91,94,101,105
2026-05-10,144,98.600518,92,95,102,105
2026-05-11,144,98.515901,92,95,102,105
2026-05-12,144,99.083677,92,95,103,106
2026-05-13,144,99.777717,93,96,103,107
2026-05-14,144,99.002070,92,95,103,106
2026-05-15,144,99.572891,93,96,103,106
2026-05-16,144,98.841562,92,95,102,106
2026-05-17,144,99.565243,93,96,103,106
2026-05-18,144,98.097663,91,95,102,105
2026-05-19,144,98.679599,92,95,102,105
2026-05-20,144,99.481159,93,96,103,106
2026-05-21,144,100.250224,94,97,104,107
2026-05-22,144,100.512020,94,97,104,107
2026-05-23,144,99.797614,93,96,103,106
2026-05-24,144,99.085266,93,96,103,106
2026-05-25,144,99.166306,93,96,103,106
2026-05-26,144,99.576452,93,96,103,106
2026-05-27,144,98.509385,92,95,102,105
2026-05-28,144,99.317686,93,96,103,106
2026-05-29,144,99.988216,94,97,103,106
2026-05-30,144,100.543123,94,97,104,107
2026-05-31,144,99.728062,93,96,103,106
2026-06-01,144,99.725734,93,96,103,106
2026-06-02,144,100.250011,94,97,104,107
2026-06-03,144,100.813530,95,98,104,107
2026-06-04,144,99.897239,94,97,103,106
2026-06-05,144,100.315610,94,97,104,107
2026-06-06,144,100.776466,95,98,104,107
2026-06-07,144,101.211589,95,98,104,107
2026-06-08,144,101.248974,95,98,105,107
2026-06-09,144,100.544087,94,97,104,107
2026-06-10,144,99.888525,94,97,103,106
2026-06-11,144,99.924785,94,97,103,106
2026-06-12,144,99.223050,93,96,102,105
2026-06-13,144,99.757567,94,97,103,106
2026-06-14,144,98.790300,93,96,102,105
2026-06-15,144,98.829214,93,96,102,105
2026-06-16,144,97.950218,92,95,101,104
2026-06-17,144,97.089346,91,94,100,103
2026-06-18,144,97.101459,91,94,100,103
2026-06-19,144,97.633839,92,94,101,104
2026-06-20,144,98.139806,92,95,101,104
2026-06-21,144,97.301867,92,94,100,103
2026-06-22,144,96.769876,91,94,100,103
2026-06-23,144,96.088895,90,93,99,102
2026-06-24,144,95.458761,90,92,99,101
2026-06-25,144,95.399854,90,92,98,101
2026-06-26,144,95.986015,90,93,99,102
2026-06-27,144,95.100528,89,92,98,101
2026-06-28,144,94.505786,89,92,97,100
2026-06-29,144,94.457782,89,91,97,100
2026-06-30,144,93.750656,88,91,97,99
2026-07-01,144,94.193656,89,91,97,100
2026-07-02,144,93.307113,88,90,96,99
2026-07-03,144,93.838236,88,91,97,99
2026-07-04,144,94.610627,89,92,98,100
2026-07-05,144,93.907087,88,91,97,99
2026-07-06,144,93.332105,88,91,96,99
2026-07-07,144,92.421625,87,90,95,98
2026-07-08,144,93.065725,88,90,96,98
2026-07-09,144,93.585844,88,91,96,99
2026-07-10,144,93.072728,88,90,96,98
2026-07-11,144,92.292517,87,90,95,97
2026-07-12,144,92.799786,88,90,96,98
2026-07-13,144,92.836825,88,90,96,98
2026-07-14,144,92.757117,88,90,95,98
2026-07-15,144,92.761466,88,90,95,98
2026-07-16,144,92.779714,88,90,95,98
2026-07-17,144,93.645834,89,91,96,99
2026-07-18,144,92.909288,88,90,96,98
2026-07-19,144,93.380286,88,91,96,98
2026-07-20,144,93.811485,89,91,96,99
2026-07-21,144,92.974898,88,90,96,98
2026-07-22,144,93.400103,88,91,96,98
2026-07-23,144,93.800104,89,91,96,99
2026-07-24,144,94.235130,89,92,97,99
2026-07-25,144,93.633082,89,91,96,98
2026-07-26,144,94.165421,89,92,97,99
2026-07-27,144,93.284379,89,91,96,98
2026-07-28,144,93.723927,89,91,96,98
2026-07-29,144,93.245701,89,91,96,98
2026-07-30,144,93.591046,89,91,96,98
2026-07-31,144,94.095932,90,92,96,99
2026-08-01,144,94.521133,90,92,97,99
2026-08-02,144,94.838111,90,93,97,99
2026-08-03,144,94.889752,90,93,97,99
2026-08-04,144,95.307631,91,93,98,100
2026-08-05,144,95.784198,91,94,98,100
2026-08-06,144,96.260048,92,94,99,101
2026-08-07,144,95.759792,92,94,98,100
2026-08-08,144,95.270408,91,93,98,99
2026-08-09,144,95.737628,92,94,98,100
2026-08-10,144,95.082428,91,93,97,99
2026-08-11,144,95.627112,92,93,98,100
2026-08-12,144,96.052764,92,94,98,100
2026-08-13,144,96.070356,92,94,98,100
2026-08-14,144,95.433236,91,93,98,99
2026-08-15,144,94.732296,91,93,97,99
2026-08-16,144,95.152804,91,93,97,99
2026-08-17,144,94.530048,91,92,97,98
2026-08-18,144,93.823675,90,92,96,98
2026-08-19,144,93.289984,90,91,95,97
2026-08-20,144,93.739366,90,92,96,97
2026-08-21,144,93.297008,90,91,95,97
2026-08-22,144,92.722511,89,91,95,96
2026-08-23,144,93.254958,90,91,95,97
2026-08-24,144,93.302213,90,91,95,97
2026-08-25,144,93.815193,90,92,96,97
2026-08-26,144,94.340186,91,93,96,98
2026-08-27,144,94.932253,92,93,97,98
2026-08-28,144,95.254471,92,94,97,98
2026-08-29,144,95.513799,92,94,97,99
2026-08-30,144,95.757135,93,94,97,99
2026-03-25,145,66.930466,59,63,71,75
2026-03-26,145,66.100114,58,62,70,74
2026-03-27,145,66.023956,58,62,70,74
2026-03-28,145,65.215577,57,61,69,73
2026-03-29,145,64.668486,57,60,69,73
2026-03-30,145,65.686303,58,61,70,74
2026-03-31,145,64.659787,57,61,69,72
2026-04-01,145,63.583945,56,59,68,71
2026-04-02,145,63.529882,56,59,68,71
2026-04-03,145,64.123006,56,60,68,72
2026-04-04,145,64.904552,57,61,69,73
2026-04-05,145,65.842808,58,62,70,74
2026-04-06,145,65.286346,58,61,69,73
2026-04-07,145,64.809647,57,61,69,72
2026-04-08,145,64.160625,56,60,68,72
2026-04-09,145,64.970190,57,61,69,73
2026-04-10,145,64.390616,57,60,68,72
2026-04-11,145,63.550799,56,60,68,71
2026-04-12,145,64.483832,57,60,68,72
2026-04-13,145,64.330445,57,60,68,72
2026-04-14,145,63.705442,56,60,68,71
2026-04-15,145,62.934931,56,59,67,71
2026-04-16,145,62.379784,55,58,66,70
2026-04-17,145,63.803397,56,60,68,71
2026-04-18,145,63.430452,56,59,67,71
2026-04-19,145,64.409147,57,60,68,72
2026-04-20,145,64.520978,57,61,68,72
2026-04-21,145,65.857599,58,62,70,73
2026-04-22,145,65.218735,58,61,69,73
2026-04-23,145,66.199616,59,62,70,74
2026-04-24,145,66.797721,59,63,71,74
2026-04-25,145,66.140111,59,62,70,73
2026-04-26,145,65.496235,58,62,69,73
2026-04-27,145,66.248674,59,62,70,74
2026-04-28,145,67.136575,60,63,71,74
2026-04-29,145,67.833368,61,64,72,75
2026-04-30,145,67.777593,61,64,72,75
2026-05-01,145,68.942077,62,65,73,76
2026-05-02,145,69.967856,63,66,74,77
2026-05-03,145,69.562657,62,66,73,77
2026-05-04,145,70.575986,63,67,74,78
2026-05-05,145,70.048535,63,66,74,77
2026-05-06,145,69.385616,62,66,73,76
2026-05-07,145,69.415544,62,66,73,76
2026-05-08,145,68.674301,62,65,72,76
2026-05-09,145,69.783320,63,66,73,77
2026-05-10,145,70.469630,64,67,74,77
2026-05-11,145,70.489544,63,67,74,77
2026-05-12,145,71.116766,64,67,75,78
2026-05-13,145,71.887688,65,68,76,79
2026-05-14,145,72.696544,66,69,76,80
2026-05-15,145,72.030913,65,68,76,79
2026-05-16,145,73.065061,66,69,77,80
2026-05-17,145,73.763603,67,70,77,81
2026-05-18,145,73.101540,66,69,77,80
2026-05-19,145,73.787683,67,70,77,81
2026-05-20,145,73.534725,67,70,77,80
2026-05-21,145,73.437619,67,70,77,80
2026-05-22,145,74.376099,68,71,78,81
2026-05-23,145,73.549099,67,70,77,80
2026-05-24,145,72.910414,66,70,76,80
2026-05-25,145,73.757350,67,70,77,80
2026-05-26,145,73.182957,67,70,77,80
2026-05-27,145,74.536911,68,71,78,81
2026-05-28,145,75.459714,69,72,79,82
2026-05-29,145,76.112714,70,73,80,83
2026-05-30,145,76.988633,71,74,80,84
2026-05-31,145,77.716078,71,74,81,84
2026-06-01,145,76.962186,70,74,80,83
2026-06-02,145,76.408495,70,73,80,83
2026-06-03,145,77.407675,71,74,81,84
2026-06-04,145,77.444378,71,74,81,84
2026-06-05,145,76.897703,71,74,80,83
2026-06-06,145,77.662564,71,74,81,84
2026-06-07,145,77.150344,71,74,81,83
2026-06-08,145,77.195445,71,74,80,83
2026-06-09,145,77.897116,72,75,81,84
2026-06-10,145,78.636576,73,75,82,85
2026-06-11,145,78.595746,72,75,82,85
2026-06-12,145,79.524688,73,76,83,86
2026-06-13,145,78.956666,73,76,82,85
2026-06-14,145,79.779093,74,77,83,86
2026-06-15,145,79.788854,74,77,83,86
2026-06-16,145,78.971526,73,76,82,85
2026-06-17,145,78.551079,73,75,82,85
2026-06-18,145,79.340873,73,76,83,85
2026-06-19,145,78.906472,73,76,82,85
2026-06-20,145,78.309607,72,75,81,84
2026-06-21,145,77.951765,72,75,81,84
2026-06-22,145,78.484291,73,75,82,84
2026-06-23,145,79.157252,73,76,82,85
2026-06-24,145,78.623093,73,76,82,84
2026-06-25,145,78.659343,73,76,82,84
2026-06-26,145,80.142057,74,77,83,86
2026-06-27,145,80.543841,75,78,84,86
2026-06-28,145,80.060517,74,77,83,86
2026-06-29,145,80.859605,75,78,84,86
2026-06-30,145,81.745960,76,79,85,87
2026-07-01,145,81.075193,76,78,84,87
2026-07-02,145,80.556074,75,78,83,86
2026-07-03,145,80.092543,75,77,83,86
2026-07-04,145,80.732357,75,78,84,86
2026-07-05,145,81.313517,76,78,84,87
2026-07-06,145,81.330174,76,78,84,87
2026-07-07,145,80.589458,75,78,83,86
2026-07-08,145,79.946051,75,77,83,85
2026-07-09,145,79.484500,74,77,82,85
2026-07-10,145,80.318461,75,78,83,86
2026-07-11,145,80.840203,76,78,84,86
2026-07-12,145,81.635018,76,79,84,87
2026-07-13,145,81.547816,76,79,84,87
2026-07-14,145,81.593279,76,79,84,87
2026-07-15,145,81.541645,76,79,84,87
2026-07-16,145,81.624766,76,79,84,87
2026-07-17,145,82.377896,77,80,85,88
2026-07-18,145,81.894260,77,79,85,87
2026-07-19,145,82.634354,78,80,85,88
2026-07-20,145,83.494726,78,81,86,89
2026-07-21,145,82.607510,78,80,85,88
2026-07-22,145,83.250915,78,81,86,88
2026-07-23,145,83.283295,78,81,86,88
2026-07-24,145,82.655942,78,80,85,87
2026-07-25,145,82.060945,77,80,85,87
2026-07-26,145,82.891643,78,80,85,88
2026-07-27,145,82.346927,78,80,85,87
2026-07-28,145,81.823022,77,79,84,87
2026-07-29,145,82.411061,78,80,85,87
2026-07-30,145,82.977877,78,80,85,88
2026-07-31,145,83.650293,79,81,86,88
2026-08-01,145,83.188911,79,81,86,88
2026-08-02,145,83.930867,79,82,86,88
2026-08-03,145,83.860089,79,81,86,88
2026-08-04,145,83.206059,79,81,86,88
2026-08-05,145,82.680320,78,80,85,87
2026-08-06,145,82.256489,78,80,85,87
2026-08-07,145,81.556011,77,79,84,86
2026-08-08,145,82.123297,78,80,84,86
2026-08-09,145,82.710580,78,80,85,87
2026-08-10,145,82.672001,78,80,85,87
2026-08-11,145,82.177228,78,80,84,86
2026-08-12,145,82.640707,78,80,85,87
2026-08-13,145,82.148871,78,80,84,86
2026-08-14,145,82.814115,79,81,85,87
2026-08-15,145,83.466548,79,81,86,87
2026-08-16,145,84.158095,80,82,86,88
2026-08-17,145,83.677289,80,82,86,88
2026-08-18,145,83.219392,79,81,85,87
2026-08-19,145,83.906984,80,82,86,88
2026-08-20,145,83.483038,80,81,86,87
2026-08-21,145,84.000600,80,82,86,88
2026-08-22,145,83.501634,80,82,85,87
2026-08-23,145,84.053389,80,82,86,88
2026-08-24,145,83.403090,80,82,85,87
2026-08-25,145,83.936869,80,82,86,87
2026-08-26,145,84.507712,81,83,86,88
2026-08-27,145,84.457735,81,83,86,88
2026-08-28,145,84.989950,82,83,87,88
2026-08-29,145,85.513253,82,84,87,89
2026-08-30,145,85.015755,82,83,87,88
2026-03-25,146,72.432712,64,68,77,80
2026-03-26,146,72.417946,64,68,77,80
2026-03-27,146,73.056101,65,69,77,81
2026-03-28,146,73.482711,66,69,78,81
2026-03-29,146,74.230145,66,70,78,82
2026-03-30,146,72.787384,65,69,77,81
2026-03-31,146,74.230871,66,70,78,82
2026-04-01,146,75.954202,68,72,80,84
2026-04-02,146,75.877960,68,72,80,84
2026-04-03,146,74.840882,67,71,79,83
2026-04-04,146,74.140365,66,70,78,82
2026-04-05,146,74.929316,67,71,79,83
2026-04-06,146,74.296507,66,70,78,82
2026-04-07,146,73.523017,66,69,78,81
2026-04-08,146,74.486548,67,70,79,82
2026-04-09,146,75.863081,68,72,80,84
2026-04-10,146,75.243048,68,71,79,83
2026-04-11,146,74.373711,67,70,78,82
2026-04-12,146,73.339781,66,69,77,81
2026-04-13,146,74.682037,67,71,79,82
2026-04-14,146,74.298879,67,70,78,82
2026-04-15,146,73.829777,66,70,78,81
2026-04-16,146,73.643329,66,70,78,81
2026-04-17,146,73.100219,66,69,77,80
2026-04-18,146,72.438840,65,69,76,80
2026-04-19,146,73.337761,66,69,77,81
2026-04-20,146,74.140962,67,70,78,82
2026-04-21,146,73.427261,66,69,77,81
2026-04-22,146,74.124382,67,70,78,82
2026-04-23,146,74.166406,67,70,78,81
2026-04-24,146,75.283150,68,71,79,83
2026-04-25,146,74.400664,67,71,78,82
2026-04-26,146,73.692456,66,70,78,81
2026-04-27,146,73.514416,66,70,77,81
2026-04-28,146,74.239803,67,70,78,81
2026-04-29,146,75.164220,68,71,79,82
2026-04-30,146,75.101778,68,71,79,82
2026-05-01,146,74.650886,67,71,78,82
2026-05-02,146,75.696536,69,72,79,83
2026-05-03,146,74.651451,67,71,78,82
2026-05-04,146,74.123169,67,70,78,81
2026-05-05,146,73.544871,66,70,77,81
2026-05-06,146,72.693474,66,69,76,80
2026-05-07,146,73.351384,66,70,77,80
2026-05-08,146,72.718158,66,69,76,80
2026-05-09,146,73.265753,66,70,77,80
2026-05-10,146,73.912076,67,70,77,81
2026-05-11,146,74.000031,67,70,78,81
2026-05-12,146,73.173851,66,69,77,80
2026-05-13,146,74.034353,67,70,78,81
2026-05-14,146,73.014407,66,69,77,80
2026-05-15,146,72.087079,65,68,76,79
2026-05-16,146,72.958269,66,69,77,80
2026-05-17,146,72.346593,66,69,76,79
2026-05-18,146,73.905113,67,70,77,81
2026-05-19,146,73.201678,66,70,77,80
2026-05-20,146,72.332907,66,69,76,79
2026-05-21,146,71.454733,65,68,75,78
2026-05-22,146,72.049418,65,69,75,79
2026-05-23,146,72.951604,66,69,76,80
2026-05-24,146,73.850168,67,70,77,80
2026-05-25,146,74.777189,68,71,78,81
2026-05-26,146,73.973891,67,71,77,81
2026-05-27,146,73.551079,67,70,77,80
2026-05-28,146,73.602281,67,70,77,80
2026-05-29,146,73.094922,67,70,76,80
2026-05-30,146,72.391601,66,69,76,79
2026-05-31,146,71.457192,65,68,75,78
2026-06-01,146,72.257520,66,69,76,79
2026-06-02,146,72.994333,67,70,76,79
2026-06-03,146,73.651391,67,70,77,80
2026-06-04,146,73.770738,68,70,77,80
2026-06-05,146,72.860284,67,70,76,79
2026-06-06,146,73.521185,67,70,77,80
2026-06-07,146,74.178384,68,71,77,80
2026-06-08,146,74.216427,68,71,77,80
2026-06-09,146,74.914154,69,72,78,81
2026-06-10,146,75.933100,70,73,79,82
2026-06-11,146,76.597473,71,73,80,83
2026-06-12,146,77.530524,72,74,81,84
2026-06-13,146,76.960447,71,74,80,83
2026-06-14,146,77.640609,72,74,81,84
2026-06-15,146,76.851503,71,74,80,83
2026-06-16,146,76.218786,70,73,79,82
2026-06-17,146,77.191085,71,74,80,83
2026-06-18,146,77.204489,71,74,80,83
2026-06-19,146,77.676414,72,75,81,84
2026-06-20,146,78.339990,73,75,81,84
2026-06-21,146,78.872237,73,76,82,85
2026-06-22,146,78.350579,73,75,81,84
2026-06-23,146,78.926100,73,76,82,85
2026-06-24,146,79.644568,74,77,83,85
2026-06-25,146,79.581777,74,77,83,85
2026-06-26,146,80.346390,75,77,83,86
2026-06-27,146,81.005827,75,78,84,87
2026-06-28,146,80.497491,75,78,83,86
2026-06-29,146,81.052146,76,78,84,87
2026-06-30,146,81.898667,76,79,85,87
2026-07-01,146,81.269178,76,78,84,87
2026-07-02,146,80.286823,75,77,83,86
2026-07-03,146,81.158189,76,78,84,87
2026-07-04,146,81.819567,76,79,85,87
2026-07-05,146,82.341177,77,80,85,88
2026-07-06,146,82.418799,77,80,85,88
2026-07-07,146,82.921544,78,80,86,88
2026-07-08,146,83.471434,78,81,86,89
2026-07-09,146,84.128947,79,81,87,89
2026-07-10,146,83.608486,78,81,86,89
2026-07-11,146,83.111231,78,80,86,88
2026-07-12,146,82.489414,77,80,85,88
2026-07-13,146,82.479356,77,80,85,88
2026-07-14,146,82.450537,77,80,85,88
2026-07-15,146,82.501107,77,80,85,88
2026-07-16,146,82.513217,77,80,85,88
2026-07-17,146,81.943364,77,79,85,87
2026-07-18,146,81.575182,77,79,84,87
2026-07-19,146,81.107761,76,78,84,86
2026-07-20,146,80.540877,76,78,83,85
2026-07-21,146,79.920956,75,77,83,85
2026-07-22,146,79.449793,75,77,82,84
2026-07-23,146,79.423509,75,77,82,84
2026-07-24,146,78.869652,74,76,81,84
2026-07-25,146,78.281354,73,76,81,83
2026-07-26,146,77.700335,73,75,80,82
2026-07-27,146,78.181821,74,76,81,83
2026-07-28,146,78.715882,74,76,81,83
2026-07-29,146,79.354291,75,77,82,84
2026-07-30,146,78.845260,74,76,81,83
2026-07-31,146,79.468365,75,77,82,84
2026-08-01,146,80.107448,76,78,82,85
2026-08-02,146,80.717806,76,78,83,85
2026-08-03,146,80.771080,76,78,83,85
2026-08-04,146,80.319895,76,78,83,85
2026-08-05,146,79.807673,75,78,82,84
2026-08-06,146,79.298220,75,77,82,84
2026-08-07,146,78.661690,74,76,81,83
2026-08-08,146,79.234029,75,77,81,83
2026-08-09,146,79.824433,76,78,82,84
2026-08-10,146,79.800584,76,78,82,84
2026-08-11,146,80.373592,76,78,83,84
2026-08-12,146,80.988633,77,79,83,85
2026-08-13,146,80.210798,76,78,82,84
2026-08-14,146,79.760626,76,78,82,84
2026-08-15,146,80.306607,76,78,82,84
2026-08-16,146,80.987486,77,79,83,85
2026-08-17,146,80.548459,77,79,83,84
2026-08-18,146,80.100598,76,78,82,84
2026-08-19,146,79.573137,76,78,82,83
2026-08-20,146,79.602001,76,78,82,83
2026-08-21,146,80.072147,76,78,82,84
2026-08-22,146,80.535270,77,79,82,84
2026-08-23,146,80.996530,77,79,83,85
2026-08-24,146,80.495852,77,79,82,84
2026-08-25,146,80.063944,77,78,82,83
2026-08-26,146,80.630067,77,79,82,84
2026-08-27,146,80.670453,77,79,82,84
2026-08-28,146,80.035181,77,78,82,83
2026-08-29,146,79.546956,76,78,81,83
2026-08-30,146,80.132169,77,78,82,83
2026-03-25,147,91.142838,83,87,95,99
2026-03-26,147,91.008424,83,87,95,99
2026-03-27,147,92.018648,84,88,96,100
2026-03-28,147,93.076496,85,89,97,101
2026-03-29,147,93.054132,85,89,97,101
2026-03-30,147,92.799250,85,89,97,101
2026-03-31,147,94.171610,86,90,98,102
2026-04-01,147,94.826320,87,91,99,103
2026-04-02,147,94.817228,87,91,99,103
2026-04-03,147,95.628299,88,92,100,103
2026-04-04,147,95.752848,88,92,100,104
2026-04-05,147,94.999714,87,91,99,103
2026-04-06,147,95.003437,87,91,99,103
2026-04-07,147,95.746530,88,92,100,103
2026-04-08,147,95.042342,87,91,99,103
2026-04-09,147,94.312714,87,90,98,102
2026-04-10,147,93.486266,86,89,98,101
2026-04-11,147,92.587231,85,89,97,100
2026-04-12,147,91.709297,84,88,96,99
2026-04-13,147,91.888056,84,88,96,100
2026-04-14,147,90.462874,83,87,94,98
2026-04-15,147,90.974710,83,87,95,99
2026-04-16,147,89.333855,82,85,93,97
2026-04-17,147,90.027503,82,86,94,98
2026-04-18,147,91.293499,84,87,95,99
2026-04-19,147,92.480746,85,89,96,100
2026-04-20,147,92.371639,85,88,96,100
2026-04-21,147,93.338811,86,89,97,101
2026-04-22,147,94.140775,87,90,98,101
2026-04-23,147,94.757722,87,91,99,102
2026-04-24,147,95.748629,88,92,100,103
2026-04-25,147,96.613645,89,93,100,104
2026-04-26,147,95.800318,89,92,100,103
2026-04-27,147,96.277822,89,92,100,104
2026-04-28,147,96.833833,90,93,101,104
2026-04-29,147,96.065534,89,92,100,103
2026-04-30,147,96.051666,89,92,100,103
2026-05-01,147,96.770136,90,93,100,104
2026-05-02,147,97.526352,90,94,101,105
2026-05-03,147,98.417410,91,95,102,105
2026-05-04,147,99.590135,93,96,103,107
2026-05-05,147,100.025900,93,96,104,107
2026-05-06,147,99.073634,92,95,103,106
2026-05-07,147,99.876296,93,96,104,107
2026-05-08,147,98.854418,92,95,102,106
2026-05-09,147,98.115692,91,94,102,105
2026-05-10,147,97.552743,91,94,101,104
2026-05-11,147,96.904809,90,93,101,104
2026-05-12,147,97.719038,91,94,101,105
2026-05-13,147,96.415920,90,93,100,103
2026-05-14,147,96.400705,90,93,100,103
2026-05-15,147,97.065200,90,93,101,104
2026-05-16,147,96.355763,90,93,100,103
2026-05-17,147,95.607619,89,92,99,102
2026-05-18,147,95.945883,89,92,100,103
2026-05-19,147,96.402250,90,93,100,103
2026-05-20,147,95.565281,89,92,99,102
2026-05-21,147,94.972196,88,91,98,102
2026-05-22,147,94.085907,88,91,98,101
2026-05-23,147,94.088943,87,91,98,101
2026-05-24,147,94.748077,88,91,98,101
2026-05-25,147,95.253470,89,92,99,102
2026-05-26,147,96.397035,90,93,100,103
2026-05-27,147,97.200392,91,94,101,104
2026-05-28,147,97.253387,91,94,101,104
2026-05-29,147,97.897647,92,95,101,104
2026-05-30,147,97.123548,91,94,100,103
2026-05-31,147,97.585604,91,94,101,104
2026-06-01,147,97.620905,91,94,101,104
2026-06-02,147,96.641939,90,93,100,103
2026-06-03,147,95.980302,90,93,99,102
2026-06-04,147,96.322527,90,93,100,103
2026-06-05,147,95.594744,89,92,99,102
2026-06-06,147,95.521800,89,92,99,102
2026-06-07,147,96.376884,90,93,100,103
2026-06-08,147,96.821297,91,94,100,103
2026-06-09,147,97.257823,91,94,101,103
2026-06-10,147,97.886186,92,95,101,104
2026-06-11,147,97.734046,92,95,101,104
2026-06-12,147,97.008620,91,94,100,103
2026-06-13,147,97.599415,92,94,101,104
2026-06-14,147,98.186725,92,95,101,104
2026-06-15,147,98.151549,92,95,101,104
2026-06-16,147,98.962218,93,96,102,105
2026-06-17,147,99.504342,94,96,103,105
2026-06-18,147,98.513191,93,95,102,104
2026-06-19,147,99.082805,93,96,102,105
2026-06-20,147,98.081052,92,95,101,104
2026-06-21,147,97.204742,91,94,100,103
2026-06-22,147,96.558165,91,94,100,102
2026-06-23,147,97.044208,91,94,100,103
2026-06-24,147,97.530184,92,95,101,103
2026-06-25,147,96.852382,91,94,100,102
2026-06-26,147,95.953992,90,93,99,102
2026-06-27,147,95.307627,90,92,98,101
2026-06-28,147,94.683492,89,92,98,100
2026-06-29,147,93.794651,88,91,97,99
2026-06-30,147,92.929983,87,90,96,98
2026-07-01,147,92.186393,87,89,95,98
2026-07-02,147,92.135985,87,89,95,98
2026-07-03,147,92.650720,87,90,96,98
2026-07-04,147,91.615725,86,89,94,97
2026-07-05,147,90.783184,85,88,94,96
2026-07-06,147,91.495616,86,89,94,97
2026-07-07,147,90.785465,85,88,94,96
2026-07-08,147,90.114457,85,87,93,95
2026-07-09,147,90.721267,85,88,93,96
2026-07-10,147,91.268944,86,89,94,96
2026-07-11,147,91.648592,86,89,94,97
2026-07-12,147,92.009194,87,89,95,97
2026-07-13,147,92.040342,87,89,95,97
2026-07-14,147,91.976045,87,89,95,97
2026-07-15,147,92.007845,87,89,95,97
2026-07-16,147,92.035252,87,89,95,97
2026-07-17,147,91.554761,86,89,94,97
2026-07-18,147,91.588083,86,89,94,97
2026-07-19,147,91.393933,86,89,94,96
2026-07-20,147,91.909132,87,89,95,97
2026-07-21,147,91.919133,87,89,95,97
2026-07-22,147,91.777607,87,89,94,97
2026-07-23,147,91.688070,87,89,94,97
2026-07-24,147,92.122070,87,90,95,97
2026-07-25,147,92.751484,88,90,95,98
2026-07-26,147,91.937139,87,89,94,97
2026-07-27,147,92.440486,88,90,95,97
2026-07-28,147,92.916887,88,90,95,98
2026-07-29,147,92.317898,88,90,95,97
2026-07-30,147,91.672856,87,89,94,96
2026-07-31,147,92.242172,88,90,95,97
2026-08-01,147,91.627743,87,89,94,96
2026-08-02,147,92.186272,88,90,95,97
2026-08-03,147,91.373808,87,89,94,96
2026-08-04,147,91.805713,87,90,94,96
2026-08-05,147,91.078315,87,89,93,95
2026-08-06,147,91.119821,87,89,93,95
2026-08-07,147,91.594444,87,89,94,96
2026-08-08,147,92.055540,88,90,94,96
2026-08-09,147,91.507960,87,89,94,96
2026-08-10,147,91.518074,87,89,94,96
2026-08-11,147,91.964522,88,90,94,96
2026-08-12,147,92.406984,88,90,95,96
2026-08-13,147,91.826928,88,90,94,96
2026-08-14,147,91.217992,87,89,93,95
2026-08-15,147,90.656241,87,89,93,95
2026-08-16,147,91.115870,87,89,93,95
2026-08-17,147,91.080808,87,89,93,95
2026-08-18,147,91.594136,88,90,94,95
2026-08-19,147,92.039348,88,90,94,96
2026-08-20,147,92.556041,89,91,95,96
2026-08-21,147,93.051268,89,91,95,97
2026-08-22,147,92.395682,89,91,94,96
2026-08-23,147,92.854819,89,91,95,96
2026-08-24,147,92.880522,89,91,95,96
2026-08-25,147,92.197608,89,90,94,96
2026-08-26,147,92.642091,89,91,94,96
2026-08-27,147,92.031348,89,90,94,95
2026-08-28,147,92.539150,89,91,94,96
2026-08-29,147,92.456608,89,91,94,96
2026-08-30,147,93.016159,90,91,95,96
2026-03-25,158,84.995602,77,81,89,93
2026-03-26,158,86.092820,78,82,90,94
2026-03-27,158,86.143554,78,82,90,94
2026-03-28,158,86.961384,79,83,91,95
2026-03-29,158,87.701363,80,84,92,96
2026-03-30,158,87.222332,79,83,91,95
2026-03-31,158,87.997530,80,84,92,96
2026-04-01,158,88.937723,81,85,93,97
2026-04-02,158,88.897366,81,85,93,97
2026-04-03,158,88.935983,81,85,93,97
2026-04-04,158,88.895216,81,85,93,97
2026-04-05,158,89.506084,82,85,94,97
2026-04-06,158,90.245944,83,86,94,98
2026-04-07,158,89.526319,82,86,94,97
2026-04-08,158,88.453438,81,84,93,96
2026-04-09,158,88.571993,81,84,93,96
2026-04-10,158,87.495924,80,83,92,95
2026-04-11,158,86.715453,79,83,91,94
2026-04-12,158,85.935887,78,82,90,94
2026-04-13,158,85.802159,78,82,90,93
2026-04-14,158,85.035617,77,81,89,93
2026-04-15,158,85.385519,78,81,89,93
2026-04-16,158,86.079544,78,82,90,94
2026-04-17,158,86.623442,79,83,91,94
2026-04-18,158,87.243189,80,83,91,95
2026-04-19,158,86.415416,79,82,90,94
2026-04-20,158,86.370775,79,82,90,94
2026-04-21,158,87.639566,80,84,92,95
2026-04-22,158,86.778418,79,83,91,94
2026-04-23,158,86.219742,79,82,90,94
2026-04-24,158,85.086270,78,81,89,93
2026-04-25,158,84.159421,77,80,88,92
2026-04-26,158,85.292202,78,81,89,93
2026-04-27,158,85.241514,78,81,89,93
2026-04-28,158,86.645078,79,83,91,94
2026-04-29,158,85.692551,78,82,89,93
2026-04-30,158,87.073758,80,83,91,94
2026-05-01,158,87.921663,81,84,92,95
2026-05-02,158,88.679566,82,85,92,96
2026-05-03,158,88.034484,81,84,92,95
2026-05-04,158,87.104818,80,83,91,94
2026-05-05,158,87.091819,80,83,91,94
2026-05-06,158,87.836579,81,84,92,95
2026-05-07,158,87.942060,81,84,92,95
2026-05-08,158,88.878824,82,85,93,96
2026-05-09,158,89.535128,83,86,93,97
2026-05-10,158,89.987074,83,86,94,97
2026-05-11,158,90.050146,83,86,94,97
2026-05-12,158,90.610294,84,87,94,98
2026-05-13,158,89.923714,83,86,94,97
2026-05-14,158,90.605020,84,87,94,97
2026-05-15,158,91.063697,84,87,95,98
2026-05-16,158,91.669124,85,88,95,98
2026-05-17,158,90.975385,84,87,95,98
2026-05-18,158,91.959145,85,88,96,99
2026-05-19,158,92.686494,86,89,96,100
2026-05-20,158,93.448802,87,90,97,100
2026-05-21,158,93.525143,87,90,97,100
2026-05-22,158,94.381032,88,91,98,101
2026-05-23,158,93.315977,87,90,97,100
2026-05-24,158,92.651570,86,89,96,99
2026-05-25,158,93.276314,87,90,97,100
2026-05-26,158,94.037666,87,91,97,101
2026-05-27,158,94.513038,88,91,98,101
2026-05-28,158,94.498753,88,91,98,101
2026-05-29,158,94.952178,88,91,98,102
2026-05-30,158,93.918090,87,91,97,100
2026-05-31,158,94.411874,88,91,98,101
2026-06-01,158,95.645154,89,92,99,102
2026-06-02,158,96.226471,90,93,100,103
2026-06-03,158,95.658389,89,92,99,102
2026-06-04,158,94.673529,88,91,98,101
2026-06-05,158,95.099080,89,92,98,101
2026-06-06,158,95.710542,89,92,99,102
2026-06-07,158,96.369854,90,93,100,103
2026-06-08,158,96.696632,91,93,100,103
2026-06-09,158,96.029775,90,93,99,102
2026-06-10,158,95.410467,89,92,99,102
2026-06-11,158,95.359350,89,92,99,102
2026-06-12,158,96.107683,90,93,99,102
2026-06-13,158,95.471248,89,92,99,102
2026-06-14,158,96.023397,90,93,99,102
2026-06-15,158,95.983978,90,93,99,102
2026-06-16,158,96.421080,90,93,100,103
2026-06-17,158,96.966048,91,94,100,103
2026-06-18,158,96.390773,90,93,100,102
2026-06-19,158,95.814899,90,93,99,102
2026-06-20,158,95.261317,89,92,98,101
2026-06-21,158,95.852469,90,93,99,102
2026-06-22,158,96.400841,91,93,99,102
2026-06-23,158,96.883579,91,94,100,103
2026-06-24,158,97.284277,92,94,100,103
2026-06-25,158,97.198562,91,94,100,103
2026-06-26,158,97.812590,92,95,101,103
2026-06-27,158,97.029290,91,94,100,103
2026-06-28,158,96.377411,91,93,99,102
2026-06-29,158,96.880371,91,94,100,103
2026-06-30,158,97.468123,92,95,100,103
2026-07-01,158,97.863523,92,95,101,103
2026-07-02,158,97.006401,91,94,100,102
2026-07-03,158,97.491518,92,95,100,103
2026-07-04,158,96.839667,91,94,100,102
2026-07-05,158,97.318461,92,95,100,103
2026-07-06,158,97.703343,92,95,101,103
2026-07-07,158,98.811613,94,96,102,104
2026-07-08,158,98.020825,93,95,101,103
2026-07-09,158,98.591902,93,96,101,104
2026-07-10,158,98.614970,93,96,101,104
2026-07-11,158,97.427334,92,95,100,103
2026-07-12,158,96.536651,91,94,99,102
2026-07-13,158,96.493570,91,94,99,102
2026-07-14,158,96.484105,91,94,99,102
2026-07-15,158,96.510415,91,94,99,102
2026-07-16,158,96.419009,91,94,99,101
2026-07-17,158,96.869765,92,94,100,102
2026-07-18,158,97.344134,92,95,100,102
2026-07-19,158,97.663566,93,95,100,103
2026-07-20,158,98.309015,93,96,101,103
2026-07-21,158,97.504195,93,95,100,102
2026-07-22,158,97.967657,93,95,101,103
2026-07-23,158,98.046182,93,96,101,103
2026-07-24,158,97.136221,92,95,100,102
2026-07-25,158,97.438229,93,95,100,102
2026-07-26,158,97.979884,93,95,100,103
2026-07-27,158,97.319393,93,95,100,102
2026-07-28,158,97.857163,93,95,100,103
2026-07-29,158,96.945604,92,95,99,102
2026-07-30,158,96.939608,92,95,99,102
2026-07-31,158,97.433977,93,95,100,102
2026-08-01,158,97.855678,93,96,100,102
2026-08-02,158,97.156387,93,95,100,102
2026-08-03,158,96.588447,92,94,99,101
2026-08-04,158,97.000792,93,95,99,101
2026-08-05,158,97.528531,93,95,100,102
2026-08-06,158,97.870746,94,96,100,102
2026-08-07,158,97.192108,93,95,99,101
2026-08-08,158,97.561456,93,95,100,102
2026-08-09,158,97.999864,94,96,100,102
2026-08-10,158,97.413054,93,95,100,102
2026-08-11,158,96.659792,93,95,99,101
2026-08-12,158,96.119143,92,94,98,100
2026-08-13,158,96.762991,93,95,99,101
2026-08-14,158,96.288584,92,94,98,100
2026-08-15,158,96.935533,93,95,99,101
2026-08-16,158,97.590305,94,96,100,101
2026-08-17,158,97.525734,94,95,100,101
2026-08-18,158,98.291650,95,96,100,102
2026-08-19,158,97.657937,94,96,100,101
2026-08-20,158,98.135399,94,96,100,102
2026-08-21,158,98.602671,95,97,100,102
2026-08-22,158,99.115817,96,97,101,103
2026-08-23,158,98.476634,95,97,100,102
2026-08-24,158,98.512265,95,97,100,102
2026-08-25,158,97.960077,95,96,100,101
2026-08-26,158,98.465640,95,97,100,102
2026-08-27,158,99.012751,96,97,101,102
2026-08-28,158,99.440192,96,98,101,103
2026-08-29,158,99.802573,97,98,102,103
2026-08-30,158,99.104689,96,97,101,102
