as_of_date,team_id,pythagenpat_pct,weighted_strength
2026-03-25,108,0.50000,0.43520
2026-03-25,109,0.50000,0.49070
2026-03-25,110,0.50000,0.52780
2026-03-25,111,0.50000,0.54010
2026-03-25,112,0.50000,0.54630
2026-03-25,113,0.50000,0.49690
2026-03-25,114,0.50000,0.49070
2026-03-25,115,0.50000,0.34260
2026-03-25,116,0.50000,0.52780
2026-03-25,117,0.50000,0.53400
2026-03-25,118,0.50000,0.50930
2026-03-25,119,0.50000,0.63890
2026-03-25,120,0.50000,0.40430
2026-03-25,121,0.50000,0.55860
2026-03-25,133,0.50000,0.46600
2026-03-25,134,0.50000,0.48460
2026-03-25,135,0.50000,0.51540
2026-03-25,136,0.50000,0.55250
2026-03-25,137,0.00000,0.49279
2026-03-25,138,0.50000,0.42900
2026-03-25,139,0.50000,0.47220
2026-03-25,140,0.50000,0.51540
2026-03-25,141,0.50000,0.54630
2026-03-25,142,0.50000,0.44750
2026-03-25,143,0.50000,0.55250
2026-03-25,144,0.50000,0.53400
2026-03-25,145,0.50000,0.41670
2026-03-25,146,0.50000,0.44750
2026-03-25,147,1.00000,0.56225
2026-03-25,158,0.50000,0.52160
2026-03-26,108,1.00000,0.43987
2026-03-26,109,0.06390,0.48717
2026-03-26,110,0.72113,0.52940
2026-03-26,111,1.00000,0.54390
2026-03-26,112,0.12409,0.54281
2026-03-26,113,0.00000,0.49279
2026-03-26,114,0.68679,0.49232
2026-03-26,115,0.50000,0.34260
2026-03-26,116,0.93610,0.53117
2026-03-26,117,0.00000,0.52959
2026-03-26,118,0.50000,0.50930
2026-03-26,119,0.93610,0.64136
2026-03-26,120,0.87591,0.40820
2026-03-26,121,0.73809,0.56008
2026-03-26,133,0.50000,0.46600
2026-03-26,134,0.26191,0.48276
2026-03-26,135,0.06390,0.51167
2026-03-26,136,0.31321,0.55052
2026-03-26,137,0.00000,0.49279
2026-03-26,138,0.63574,0.43071
2026-03-26,139,0.36426,0.47131
2026-03-26,140,0.28337,0.51348
2026-03-26,141,0.50000,0.54630
2026-03-26,142,0.27887,0.44611
2026-03-26,143,0.71663,0.55386
2026-03-26,144,0.50000,0.53400
2026-03-26,145,0.01323,0.41337
2026-03-26,146,0.50000,0.44750
2026-03-26,147,1.00000,0.56225
2026-03-26,158,0.98677,0.52544
2026-03-27,108,0.92080,0.44316
2026-03-27,109,0.18613,0.48571
2026-03-27,110,0.72113,0.52940
2026-03-27,111,1.00000,0.54390
2026-03-27,112,0.12409,0.54281
2026-03-27,113,0.00000,0.49279
2026-03-27,114,0.38783,0.48901
2026-03-27,115,0.27887,0.34207
2026-03-27,116,0.89829,0.53387
2026-03-27,117,0.07920,0.52654
2026-03-27,118,0.00000,0.50509
2026-03-27,119,0.81387,0.64177
2026-03-27,120,0.87591,0.40820
2026-03-27,121,0.73809,0.56008
2026-03-27,133,0.34445,0.46500
2026-03-27,134,0.26191,0.48276
2026-03-27,135,0.10171,0.50862
2026-03-27,136,0.61217,0.55348
2026-03-27,137,0.00000,0.48875
2026-03-27,138,0.63574,0.43071
2026-03-27,139,0.36426,0.47131
2026-03-27,140,0.28337,0.51348
2026-03-27,141,0.65555,0.54720
2026-03-27,142,0.27887,0.44611
2026-03-27,143,0.71663,0.55386
2026-03-27,144,1.00000,0.53785
2026-03-27,145,0.01323,0.41337
2026-03-27,146,0.72113,0.44976
2026-03-27,147,1.00000,0.56584
2026-03-27,158,0.98677,0.52544
2026-03-28,108,0.65387,0.44053
2026-03-28,109,0.22115,0.48413
2026-03-28,110,0.31855,0.52437
2026-03-28,111,0.62313,0.54146
2026-03-28,112,0.57977,0.54685
2026-03-28,113,0.37687,0.49493
2026-03-28,114,0.46525,0.49008
2026-03-28,115,0.34445,0.34263
2026-03-28,116,0.74403,0.53307
2026-03-28,117,0.34613,0.52942
2026-03-28,118,0.04181,0.50164
2026-03-28,119,0.77885,0.64231
2026-03-28,120,0.42023,0.40456
2026-03-28,121,0.73930,0.56156
2026-03-28,133,0.40406,0.46498
2026-03-28,134,0.26070,0.48093
2026-03-28,135,0.25597,0.50907
2026-03-28,136,0.53475,0.55207
2026-03-28,137,0.01815,0.48522
2026-03-28,138,0.61561,0.43206
2026-03-28,139,0.38439,0.47076
2026-03-28,140,0.44579,0.51426
2026-03-28,141,0.59594,0.54711
2026-03-28,142,0.68145,0.45134
2026-03-28,143,0.55421,0.55253
2026-03-28,144,0.95819,0.54095
2026-03-28,145,0.02137,0.41022
2026-03-28,146,0.65555,0.45091
2026-03-28,147,0.98185,0.56892
2026-03-28,158,0.97863,0.52909
2026-03-29,108,0.56446,0.43937
2026-03-29,109,0.22115,0.48413
2026-03-29,110,0.50000,0.52712
2026-03-29,111,0.54462,0.54021
2026-03-29,112,0.47111,0.54447
2026-03-29,113,0.45538,0.49589
2026-03-29,114,0.27281,0.48367
2026-03-29,115,0.35737,0.34296
2026-03-29,116,0.74403,0.53307
2026-03-29,117,0.43554,0.53082
2026-03-29,118,0.21194,0.50205
2026-03-29,119,0.77885,0.64231
2026-03-29,120,0.52889,0.40734
2026-03-29,121,0.65387,0.56092
2026-03-29,133,0.33094,0.46271
2026-03-29,134,0.34613,0.48122
2026-03-29,135,0.25597,0.50907
2026-03-29,136,0.72719,0.55814
2026-03-29,137,0.01815,0.48522
2026-03-29,138,0.47584,0.43014
2026-03-29,139,0.52416,0.47347
2026-03-29,140,0.63324,0.51827
2026-03-29,141,0.66906,0.54929
2026-03-29,142,0.50000,0.44878
2026-03-29,143,0.36676,0.54797
2026-03-29,144,0.78806,0.54020
2026-03-29,145,0.09771,0.40892
2026-03-29,146,0.64263,0.45226
2026-03-29,147,0.98185,0.56892
2026-03-29,158,0.90229,0.53089
2026-03-30,108,0.46432,0.43636
2026-03-30,109,0.37856,0.48708
2026-03-30,110,0.40936,0.52398
2026-03-30,111,0.31844,0.53295
2026-03-30,112,0.58973,0.54770
2026-03-30,113,0.53827,0.49823
2026-03-30,114,0.34733,0.48497
2026-03-30,115,0.65298,0.35261
2026-03-30,116,0.57939,0.52946
2026-03-30,117,0.57108,0.53548
2026-03-30,118,0.32521,0.50336
2026-03-30,119,0.67325,0.64001
2026-03-30,120,0.73315,0.41491
2026-03-30,121,0.67376,0.56231
2026-03-30,133,0.25426,0.45917
2026-03-30,134,0.31230,0.47904
2026-03-30,135,0.27417,0.50762
2026-03-30,136,0.72406,0.55936
2026-03-30,137,0.11234,0.48449
2026-03-30,138,0.43917,0.42933
2026-03-30,139,0.54122,0.47443
2026-03-30,140,0.68040,0.52072
2026-03-30,141,0.41303,0.54200
2026-03-30,142,0.43443,0.44708
2026-03-30,143,0.19158,0.54086
2026-03-30,144,0.84820,0.54414
2026-03-30,145,0.24001,0.41100
2026-03-30,146,0.44076,0.44728
2026-03-30,147,0.91161,0.56999
2026-03-30,158,0.84935,0.53217
2026-03-31,108,0.50000,0.43829
2026-03-31,109,0.44291,0.48879
2026-03-31,110,0.37054,0.52151
2026-03-31,111,0.22273,0.52741
2026-03-31,112,0.54103,0.54609
2026-03-31,113,0.39457,0.49281
2026-03-31,114,0.31158,0.48217
2026-03-31,115,0.54378,0.35065
2026-03-31,116,0.52023,0.52750
2026-03-31,117,0.65978,0.53999
2026-03-31,118,0.32521,0.50336
2026-03-31,119,0.71496,0.64194
2026-03-31,120,0.69145,0.41579
2026-03-31,121,0.59012,0.55986
2026-03-31,133,0.36125,0.46181
2026-03-31,134,0.45765,0.48352
2026-03-31,135,0.21356,0.50333
2026-03-31,136,0.60136,0.55483
2026-03-31,137,0.36601,0.49166
2026-03-31,138,0.50000,0.43184
2026-03-31,139,0.46520,0.47192
2026-03-31,140,0.69196,0.52246
2026-03-31,141,0.50000,0.54445
2026-03-31,142,0.43443,0.44708
2026-03-31,143,0.24053,0.54002
2026-03-31,144,0.71382,0.54119
2026-03-31,145,0.19243,0.40773
2026-03-31,146,0.61025,0.45401
2026-03-31,147,0.94396,0.57401
2026-03-31,158,0.85422,0.53490
2026-04-01,108,0.44249,0.43560
2026-04-01,109,0.46430,0.48944
2026-04-01,110,0.48238,0.52564
2026-04-01,111,0.23946,0.52578
2026-04-01,112,0.60330,0.54901
2026-04-01,113,0.32132,0.48854
2026-04-01,114,0.38025,0.48461
2026-04-01,115,0.55924,0.35292
2026-04-01,116,0.50000,0.52648
2026-04-01,117,0.66340,0.54113
2026-04-01,118,0.47913,0.50809
2026-04-01,119,0.62739,0.63835
2026-04-01,120,0.64743,0.41588
2026-04-01,121,0.56118,0.55872
2026-04-01,133,0.30586,0.45837
2026-04-01,134,0.55138,0.48778
2026-04-01,135,0.36372,0.50818
2026-04-01,136,0.55188,0.55247
2026-04-01,137,0.27048,0.48612
2026-04-01,138,0.51673,0.43318
2026-04-01,139,0.38355,0.46798
2026-04-01,140,0.58113,0.51853
2026-04-01,141,0.48284,0.54328
2026-04-01,142,0.38202,0.44488
2026-04-01,143,0.29663,0.54032
2026-04-01,144,0.76119,0.54482
2026-04-01,145,0.13500,0.40329
2026-04-01,146,0.75403,0.46210
2026-04-01,147,0.90027,0.57487
2026-04-01,158,0.87021,0.53820
2026-04-02,108,0.44249,0.43560
2026-04-02,109,0.27898,0.47903
2026-04-02,110,0.48238,0.52564
2026-04-02,111,0.23946,0.52578
2026-04-02,112,0.60330,0.54901
2026-04-02,113,0.32132,0.48854
2026-04-02,114,0.38025,0.48461
2026-04-02,115,0.55924,0.35292
2026-04-02,116,0.50000,0.52648
2026-04-02,117,0.66340,0.54113
2026-04-02,118,0.41010,0.50458
2026-04-02,119,0.62739,0.63835
2026-04-02,120,0.64743,0.41588
2026-04-02,121,0.46584,0.55349
2026-04-02,133,0.30586,0.45837
2026-04-02,134,0.55138,0.48778
2026-04-02,135,0.36372,0.50818
2026-04-02,136,0.55188,0.55247
2026-04-02,137,0.39253,0.49115
2026-04-02,138,0.51673,0.43318
2026-04-02,139,0.38355,0.46798
2026-04-02,140,0.58113,0.51853
2026-04-02,141,0.48284,0.54328
2026-04-02,142,0.46525,0.44835
2026-04-02,143,0.29663,0.54032
2026-04-02,144,0.87452,0.55277
2026-04-02,145,0.13500,0.40329
2026-04-02,146,0.75403,0.46210
2026-04-02,147,0.90027,0.57487
2026-04-02,158,0.87021,0.53820
2026-04-03,108,0.42061,0.43429
2026-04-03,109,0.26796,0.47678
2026-04-03,110,0.46986,0.52461
2026-04-03,111,0.31203,0.52753
2026-04-03,112,0.54678,0.54633
2026-04-03,113,0.38025,0.49047
2026-04-03,114,0.43779,0.48739
2026-04-03,115,0.40355,0.34596
2026-04-03,116,0.56810,0.53002
2026-04-03,117,0.56544,0.53597
2026-04-03,118,0.41010,0.50458
2026-04-03,119,0.69551,0.64202
2026-04-03,120,0.53608,0.41156
2026-04-03,121,0.56985,0.55930
2026-04-03,133,0.45322,0.46530
2026-04-03,134,0.55878,0.48869
2026-04-03,135,0.33348,0.50537
2026-04-03,136,0.57861,0.55413
2026-04-03,137,0.31530,0.48555
2026-04-03,138,0.45432,0.43040
2026-04-03,139,0.33208,0.46448
2026-04-03,140,0.54274,0.51691
2026-04-03,141,0.47054,0.54212
2026-04-03,142,0.55631,0.45350
2026-04-03,143,0.44484,0.54657
2026-04-03,144,0.87777,0.55549
2026-04-03,145,0.17440,0.40334
2026-04-03,146,0.63490,0.45783
2026-04-03,147,0.90772,0.57784
2026-04-03,158,0.87021,0.53820
2026-04-04,108,0.43654,0.43529
2026-04-04,109,0.29096,0.47676
2026-04-04,110,0.45886,0.52349
2026-04-04,111,0.31530,0.52605
2026-04-04,112,0.54678,0.54633
2026-04-04,113,0.41931,0.49205
2026-04-04,114,0.43779,0.48739
2026-04-04,115,0.39579,0.34592
2026-04-04,116,0.61938,0.53352
2026-04-04,117,0.66163,0.54290
2026-04-04,118,0.47284,0.50702
2026-04-04,119,0.71911,0.64391
2026-04-04,120,0.47936,0.40899
2026-04-04,121,0.66844,0.56626
2026-04-04,133,0.31960,0.45685
2026-04-04,134,0.56696,0.48975
2026-04-04,135,0.36366,0.50592
2026-04-04,136,0.56016,0.55303
2026-04-04,137,0.23647,0.47873
2026-04-04,138,0.40234,0.42733
2026-04-04,139,0.41168,0.46842
2026-04-04,140,0.51345,0.51528
2026-04-04,141,0.43566,0.53939
2026-04-04,142,0.47491,0.44921
2026-04-04,143,0.46130,0.54680
2026-04-04,144,0.85116,0.55613
2026-04-04,145,0.22630,0.40480
2026-04-04,146,0.58642,0.45618
2026-04-04,147,0.85292,0.57699
2026-04-04,158,0.77981,0.53774
2026-04-05,108,0.45695,0.43687
2026-04-05,109,0.32375,0.47786
2026-04-05,110,0.39297,0.51839
2026-04-05,111,0.32188,0.52488
2026-04-05,112,0.53817,0.54573
2026-04-05,113,0.43984,0.49292
2026-04-05,114,0.44913,0.48750
2026-04-05,115,0.44528,0.34976
2026-04-05,116,0.58361,0.53169
2026-04-05,117,0.62196,0.54077
2026-04-05,118,0.44220,0.50462
2026-04-05,119,0.70891,0.64378
2026-04-05,120,0.46369,0.40844
2026-04-05,121,0.68496,0.56832
2026-04-05,133,0.37490,0.45964
2026-04-05,134,0.62781,0.49459
2026-04-05,135,0.41148,0.50815
2026-04-05,136,0.53703,0.55131
2026-04-05,137,0.22964,0.47634
2026-04-05,138,0.43361,0.42932
2026-04-05,139,0.44838,0.47054
2026-04-05,140,0.50000,0.51433
2026-04-05,141,0.40376,0.53636
2026-04-05,142,0.44220,0.44713
2026-04-05,143,0.42886,0.54387
2026-04-05,144,0.80305,0.55470
2026-04-05,145,0.26427,0.40607
2026-04-05,146,0.58544,0.45712
2026-04-05,147,0.79609,0.57517
2026-04-05,158,0.77293,0.53913
2026-04-06,108,0.50000,0.44064
2026-04-06,109,0.32375,0.47786
2026-04-06,110,0.40988,0.51873
2026-04-06,111,0.32644,0.52366
2026-04-06,112,0.51125,0.54360
2026-04-06,113,0.47147,0.49494
2026-04-06,114,0.43024,0.48562
2026-04-06,115,0.47731,0.35296
2026-04-06,116,0.53205,0.52813
2026-04-06,117,0.59497,0.53912
2026-04-06,118,0.46795,0.50612
2026-04-06,119,0.77652,0.64949
2026-04-06,120,0.49193,0.41104
2026-04-06,121,0.68496,0.56832
2026-04-06,133,0.37490,0.45964
2026-04-06,134,0.56552,0.49082
2026-04-06,135,0.47646,0.51240
2026-04-06,136,0.52334,0.55005
2026-04-06,137,0.23831,0.47519
2026-04-06,138,0.41411,0.42785
2026-04-06,139,0.47197,0.47218
2026-04-06,140,0.51188,0.51513
2026-04-06,141,0.30252,0.52755
2026-04-06,142,0.48965,0.45074
2026-04-06,143,0.45765,0.54520
2026-04-06,144,0.74190,0.55146
2026-04-06,145,0.26653,0.40515
2026-04-06,146,0.56143,0.45626
2026-04-06,147,0.79609,0.57517
2026-04-06,158,0.75875,0.53984
2026-04-07,108,0.45510,0.43701
2026-04-07,109,0.32789,0.47703
2026-04-07,110,0.43729,0.52020
2026-04-07,111,0.34608,0.52381
2026-04-07,112,0.57951,0.54909
2026-04-07,113,0.51253,0.49821
2026-04-07,114,0.44479,0.48653
2026-04-07,115,0.52097,0.35758
2026-04-07,116,0.50992,0.52630
2026-04-07,117,0.56258,0.53660
2026-04-07,118,0.45944,0.50511
2026-04-07,119,0.78343,0.65104
2026-04-07,120,0.48533,0.41110
2026-04-07,121,0.67998,0.56879
2026-04-07,133,0.36684,0.45837
2026-04-07,134,0.61837,0.49583
2026-04-07,135,0.41522,0.50699
2026-04-07,136,0.51087,0.54872
2026-04-07,137,0.30426,0.47939
2026-04-07,138,0.43167,0.42922
2026-04-07,139,0.41585,0.46747
2026-04-07,140,0.52208,0.51596
2026-04-07,141,0.28845,0.52465
2026-04-07,142,0.50963,0.45272
2026-04-07,143,0.40244,0.53990
2026-04-07,144,0.76276,0.55480
2026-04-07,145,0.26502,0.40396
2026-04-07,146,0.52804,0.45426
2026-04-07,147,0.78846,0.57628
2026-04-07,158,0.73857,0.53982
2026-04-08,108,0.41016,0.43275
2026-04-08,109,0.38453,0.48105
2026-04-08,110,0.46164,0.52179
2026-04-08,111,0.39918,0.52729
2026-04-08,112,0.60902,0.55200
2026-04-08,113,0.47807,0.49519
2026-04-08,114,0.52925,0.49447
2026-04-08,115,0.59382,0.36544
2026-04-08,116,0.49124,0.52448
2026-04-08,117,0.50651,0.53131
2026-04-08,118,0.39248,0.49868
2026-04-08,119,0.76099,0.65000
2026-04-08,120,0.45171,0.40861
2026-04-08,121,0.62040,0.56422
2026-04-08,133,0.38330,0.45906
2026-04-08,134,0.55421,0.49093
2026-04-08,135,0.48080,0.51225
2026-04-08,136,0.47932,0.54535
2026-04-08,137,0.35702,0.48323
2026-04-08,138,0.47595,0.43327
2026-04-08,139,0.39096,0.46481
2026-04-08,140,0.55234,0.51876
2026-04-08,141,0.31038,0.52485
2026-04-08,142,0.52557,0.45460
2026-04-08,143,0.36364,0.53533
2026-04-08,144,0.78459,0.55849
2026-04-08,145,0.26641,0.40304
2026-04-08,146,0.55073,0.45688
2026-04-08,147,0.76296,0.57576
2026-04-08,158,0.69107,0.53701
2026-04-09,108,0.41016,0.43275
2026-04-09,109,0.44184,0.48592
2026-04-09,110,0.46164,0.52179
2026-04-09,111,0.39918,0.52729
2026-04-09,112,0.60902,0.55200
2026-04-09,113,0.41137,0.48854
2026-04-09,114,0.52925,0.49447
2026-04-09,115,0.55156,0.36302
2026-04-09,116,0.47501,0.52264
2026-04-09,117,0.50651,0.53131
2026-04-09,118,0.37943,0.49661
2026-04-09,119,0.76099,0.65000
2026-04-09,120,0.45171,0.40861
2026-04-09,121,0.56050,0.55879
2026-04-09,133,0.39534,0.45958
2026-04-09,134,0.55421,0.49093
2026-04-09,135,0.51746,0.51560
2026-04-09,136,0.47932,0.54535
2026-04-09,137,0.35702,0.48323
2026-04-09,138,0.47595,0.43327
2026-04-09,139,0.39096,0.46481
2026-04-09,140,0.55234,0.51876
2026-04-09,141,0.31038,0.52485
2026-04-09,142,0.54058,0.45660
2026-04-09,143,0.36364,0.53533
2026-04-09,144,0.78459,0.55849
2026-04-09,145,0.28774,0.40409
2026-04-09,146,0.60089,0.46249
2026-04-09,147,0.74706,0.57573
2026-04-09,158,0.69107,0.53701
2026-04-10,108,0.47752,0.43962
2026-04-10,109,0.45378,0.48684
2026-04-10,110,0.43867,0.51909
2026-04-10,111,0.39627,0.52604
2026-04-10,112,0.58790,0.55037
2026-04-10,113,0.35249,0.48181
2026-04-10,114,0.47454,0.48901
2026-04-10,115,0.52416,0.36157
2026-04-10,116,0.49194,0.52405
2026-04-10,117,0.48806,0.52920
2026-04-10,118,0.39974,0.49785
2026-04-10,119,0.74322,0.64910
2026-04-10,120,0.48065,0.41176
2026-04-10,121,0.52479,0.55507
2026-04-10,133,0.43316,0.46279
2026-04-10,134,0.56954,0.49290
2026-04-10,135,0.54074,0.51805
2026-04-10,136,0.50898,0.54795
2026-04-10,137,0.39228,0.48597
2026-04-10,138,0.48477,0.43445
2026-04-10,139,0.41227,0.46634
2026-04-10,140,0.53640,0.51745
2026-04-10,141,0.37428,0.52949
2026-04-10,142,0.49267,0.45222
2026-04-10,143,0.36632,0.53430
2026-04-10,144,0.79215,0.56097
2026-04-10,145,0.28022,0.40244
2026-04-10,146,0.58288,0.46164
2026-04-10,147,0.71160,0.57356
2026-04-10,158,0.64895,0.53405
2026-04-11,108,0.45140,0.43700
2026-04-11,109,0.44925,0.48609
2026-04-11,110,0.47553,0.52234
2026-04-11,111,0.45146,0.53084
2026-04-11,112,0.57402,0.54920
2026-04-11,113,0.39569,0.48565
2026-04-11,114,0.52399,0.49440
2026-04-11,115,0.49273,0.35928
2026-04-11,116,0.53025,0.52807
2026-04-11,117,0.48346,0.52838
2026-04-11,118,0.41890,0.49926
2026-04-11,119,0.74616,0.65011
2026-04-11,120,0.49380,0.41365
2026-04-11,121,0.48538,0.55046
2026-04-11,133,0.47777,0.46723
2026-04-11,134,0.57308,0.49384
2026-04-11,135,0.56589,0.52101
2026-04-11,136,0.51590,0.54843
2026-04-11,137,0.36949,0.48274
2026-04-11,138,0.44310,0.43047
2026-04-11,139,0.42473,0.46724
2026-04-11,140,0.50838,0.51467
2026-04-11,141,0.36326,0.52718
2026-04-11,142,0.51356,0.45484
2026-04-11,143,0.38221,0.53471
2026-04-11,144,0.74234,0.55715
2026-04-11,145,0.27312,0.40075
2026-04-11,146,0.54281,0.45809
2026-04-11,147,0.68707,0.57202
2026-04-11,158,0.62910,0.53283
2026-04-12,108,0.47467,0.43984
2026-04-12,109,0.45886,0.48695
2026-04-12,110,0.50761,0.52556
2026-04-12,111,0.50000,0.53564
2026-04-12,112,0.57440,0.54942
2026-04-12,113,0.38531,0.48377
2026-04-12,114,0.43531,0.48418
2026-04-12,115,0.45930,0.35633
2026-04-12,116,0.56985,0.53275
2026-04-12,117,0.45788,0.52504
2026-04-12,118,0.41830,0.49859
2026-04-12,119,0.71803,0.64769
2026-04-12,120,0.50574,0.41557
2026-04-12,121,0.47860,0.54919
2026-04-12,133,0.48555,0.46817
2026-04-12,134,0.55895,0.49286
2026-04-12,135,0.59531,0.52480
2026-04-12,136,0.55218,0.55246
2026-04-12,137,0.34996,0.47961
2026-04-12,138,0.40863,0.42674
2026-04-12,139,0.43571,0.46815
2026-04-12,140,0.53137,0.51717
2026-04-12,141,0.33426,0.52274
2026-04-12,142,0.55056,0.45963
2026-04-12,143,0.38191,0.53355
2026-04-12,144,0.78868,0.56396
2026-04-12,145,0.29577,0.40247
2026-04-12,146,0.50000,0.45368
2026-04-12,147,0.66584,0.57052
2026-04-12,158,0.60517,0.53089
2026-04-13,108,0.47166,0.43972
2026-04-13,109,0.45030,0.48569
2026-04-13,110,0.52048,0.52694
2026-04-13,111,0.45420,0.52999
2026-04-13,112,0.52634,0.54395
2026-04-13,113,0.38531,0.48377
2026-04-13,114,0.48008,0.48938
2026-04-13,115,0.45930,0.35633
2026-04-13,116,0.56985,0.53275
2026-04-13,117,0.43979,0.52231
2026-04-13,118,0.41830,0.49859
2026-04-13,119,0.73235,0.64989
2026-04-13,120,0.44816,0.40946
2026-04-13,121,0.45209,0.54538
2026-04-13,133,0.43938,0.46287
2026-04-13,134,0.62156,0.50071
2026-04-13,135,0.59531,0.52480
2026-04-13,136,0.57671,0.55550
2026-04-13,137,0.34996,0.47961
2026-04-13,138,0.37963,0.42319
2026-04-13,139,0.43571,0.46815
2026-04-13,140,0.57982,0.52298
2026-04-13,141,0.33426,0.52274
2026-04-13,142,0.58518,0.46458
2026-04-13,143,0.43438,0.53860
2026-04-13,144,0.73721,0.55922
2026-04-13,145,0.29577,0.40247
2026-04-13,146,0.53662,0.45856
2026-04-13,147,0.65101,0.56947
2026-04-13,158,0.60517,0.53089
2026-04-14,108,0.50540,0.44436
2026-04-14,109,0.45856,0.48651
2026-04-14,110,0.51295,0.52596
2026-04-14,111,0.41917,0.52509
2026-04-14,112,0.56034,0.54804
2026-04-14,113,0.39588,0.48436
2026-04-14,114,0.47528,0.48869
2026-04-14,115,0.45628,0.35671
2026-04-14,116,0.57425,0.53356
2026-04-14,117,0.44802,0.52278
2026-04-14,118,0.41400,0.49747
2026-04-14,119,0.73120,0.65035
2026-04-14,120,0.45555,0.41066
2026-04-14,121,0.44703,0.54405
2026-04-14,133,0.44781,0.46374
2026-04-14,134,0.60874,0.50000
2026-04-14,135,0.61048,0.52720
2026-04-14,136,0.55354,0.55264
2026-04-14,137,0.34821,0.47845
2026-04-14,138,0.39257,0.42448
2026-04-14,139,0.45827,0.47056
2026-04-14,140,0.57019,0.52220
2026-04-14,141,0.36038,0.52443
2026-04-14,142,0.61378,0.46919
2026-04-14,143,0.40398,0.53407
2026-04-14,144,0.72829,0.55934
2026-04-14,145,0.29416,0.40149
2026-04-14,146,0.52859,0.45808
2026-04-14,147,0.60464,0.56431
2026-04-14,158,0.58413,0.52896
2026-04-15,108,0.50000,0.44406
2026-04-15,109,0.47794,0.48896
2026-04-15,110,0.49402,0.52339
2026-04-15,111,0.44818,0.52811
2026-04-15,112,0.60573,0.55405
2026-04-15,113,0.43524,0.48886
2026-04-15,114,0.46485,0.48717
2026-04-15,115,0.44579,0.35606
2026-04-15,116,0.57838,0.53440
2026-04-15,117,0.45863,0.52370
2026-04-15,118,0.40997,0.49634
2026-04-15,119,0.74777,0.65310
2026-04-15,120,0.44696,0.40986
2026-04-15,121,0.41367,0.53879
2026-04-15,133,0.45740,0.46488
2026-04-15,134,0.61755,0.50194
2026-04-15,135,0.60801,0.52748
2026-04-15,136,0.54318,0.55123
2026-04-15,137,0.32847,0.47493
2026-04-15,138,0.40822,0.42629
2026-04-15,139,0.48880,0.47426
2026-04-15,140,0.55863,0.52104
2026-04-15,141,0.35881,0.52303
2026-04-15,142,0.58632,0.46648
2026-04-15,143,0.36198,0.52765
2026-04-15,144,0.73154,0.56100
2026-04-15,145,0.28043,0.39893
2026-04-15,146,0.51085,0.45616
2026-04-15,147,0.60456,0.56459
2026-04-15,158,0.58737,0.52976
2026-04-16,108,0.53349,0.44924
2026-04-16,109,0.47794,0.48896
2026-04-16,110,0.48280,0.52165
2026-04-16,111,0.44818,0.52811
2026-04-16,112,0.60573,0.55405
2026-04-16,113,0.41855,0.48619
2026-04-16,114,0.47751,0.48882
2026-04-16,115,0.45360,0.35777
2026-04-16,116,0.57618,0.53441
2026-04-16,117,0.45544,0.52278
2026-04-16,118,0.41367,0.49623
2026-04-16,119,0.74777,0.65310
2026-04-16,120,0.45478,0.41120
2026-04-16,121,0.41367,0.53879
2026-04-16,133,0.44406,0.46300
2026-04-16,134,0.60330,0.50083
2026-04-16,135,0.61984,0.52968
2026-04-16,136,0.52354,0.54836
2026-04-16,137,0.35109,0.47697
2026-04-16,138,0.40822,0.42629
2026-04-16,139,0.50000,0.47583
2026-04-16,140,0.57136,0.52305
2026-04-16,141,0.35728,0.52165
2026-04-16,142,0.58632,0.46648
2026-04-16,143,0.36198,0.52765
2026-04-16,144,0.73154,0.56100
2026-04-16,145,0.28058,0.39809
2026-04-16,146,0.51085,0.45616
2026-04-16,147,0.55692,0.55837
2026-04-16,158,0.59046,0.53058
2026-04-17,108,0.56861,0.45507
2026-04-17,109,0.49476,0.49128
2026-04-17,110,0.49459,0.52306
2026-04-17,111,0.45481,0.52844
2026-04-17,112,0.63760,0.55878
2026-04-17,113,0.42693,0.48690
2026-04-17,114,0.46814,0.48734
2026-04-17,115,0.42303,0.35409
2026-04-17,116,0.56905,0.53369
2026-04-17,117,0.43681,0.51953
2026-04-17,118,0.40569,0.49450
2026-04-17,119,0.76397,0.65600
2026-04-17,120,0.43631,0.40887
2026-04-17,121,0.37691,0.53264
2026-04-17,133,0.41090,0.45813
2026-04-17,134,0.61979,0.50391
2026-04-17,135,0.57123,0.52338
2026-04-17,136,0.49433,0.54384
2026-04-17,137,0.39091,0.48176
2026-04-17,138,0.43907,0.43038
2026-04-17,139,0.47947,0.47319
2026-04-17,140,0.59694,0.52705
2026-04-17,141,0.34898,0.51933
2026-04-17,142,0.57926,0.46632
2026-04-17,143,0.32408,0.52128
2026-04-17,144,0.76044,0.56635
2026-04-17,145,0.32660,0.40383
2026-04-17,146,0.50000,0.45500
2026-04-17,147,0.56552,0.55959
2026-04-17,158,0.59524,0.53167
2026-04-18,108,0.55336,0.45351
2026-04-18,109,0.51502,0.49432
2026-04-18,110,0.48438,0.52133
2026-04-18,111,0.44016,0.52582
2026-04-18,112,0.64218,0.56000
2026-04-18,113,0.43667,0.48793
2026-04-18,114,0.47953,0.48897
2026-04-18,115,0.43148,0.35584
2026-04-18,116,0.58305,0.53603
2026-04-18,117,0.43183,0.51817
2026-04-18,118,0.36657,0.48804
2026-04-18,119,0.75012,0.65479
2026-04-18,120,0.43550,0.40895
2026-04-18,121,0.37120,0.53069
2026-04-18,133,0.42125,0.45933
2026-04-18,134,0.60692,0.50282
2026-04-18,135,0.58448,0.52569
2026-04-18,136,0.51607,0.54686
2026-04-18,137,0.40355,0.48300
2026-04-18,138,0.45204,0.43229
2026-04-18,139,0.48563,0.47412
2026-04-18,140,0.57025,0.52357
2026-04-18,141,0.33610,0.51627
2026-04-18,142,0.57100,0.46589
2026-04-18,143,0.31961,0.51923
2026-04-18,144,0.76214,0.56798
2026-04-18,145,0.33248,0.40416
2026-04-18,146,0.48531,0.45313
2026-04-18,147,0.60486,0.56549
2026-04-18,158,0.60629,0.53370
2026-04-19,108,0.54785,0.45332
2026-04-19,109,0.48592,0.48996
2026-04-19,110,0.46571,0.51818
2026-04-19,111,0.42232,0.52256
2026-04-19,112,0.64340,0.56076
2026-04-19,113,0.45666,0.49067
2026-04-19,114,0.50000,0.49220
2026-04-19,115,0.45088,0.35938
2026-04-19,116,0.59998,0.53898
2026-04-19,117,0.42730,0.51684
2026-04-19,118,0.33770,0.48271
2026-04-19,119,0.72243,0.65134
2026-04-19,120,0.44864,0.41117
2026-04-19,121,0.36934,0.52928
2026-04-19,133,0.41149,0.45756
2026-04-19,134,0.61581,0.50493
2026-04-19,135,0.58745,0.52656
2026-04-19,136,0.53079,0.54901
2026-04-19,137,0.39063,0.48044
2026-04-19,138,0.46366,0.43416
2026-04-19,139,0.47254,0.47225
2026-04-19,140,0.55189,0.52105
2026-04-19,141,0.37419,0.52067
2026-04-19,142,0.55407,0.46401
2026-04-19,143,0.31671,0.51738
2026-04-19,144,0.76200,0.56932
2026-04-19,145,0.35438,0.40705
2026-04-19,146,0.49531,0.45491
2026-04-19,147,0.63345,0.57020
2026-04-19,158,0.59227,0.53212
2026-04-20,108,0.53365,0.45161
2026-04-20,109,0.48592,0.48996
2026-04-20,110,0.47684,0.51960
2026-04-20,111,0.43696,0.52412
2026-04-20,112,0.65631,0.56334
2026-04-20,113,0.48440,0.49489
2026-04-20,114,0.46799,0.48691
2026-04-20,115,0.41320,0.35396
2026-04-20,116,0.58368,0.53679
2026-04-20,117,0.45581,0.52097
2026-04-20,118,0.33768,0.48170
2026-04-20,119,0.74418,0.65521
2026-04-20,120,0.43237,0.40881
2026-04-20,121,0.36934,0.52928
2026-04-20,133,0.42432,0.45930
2026-04-20,134,0.61581,0.50493
2026-04-20,135,0.58745,0.52656
2026-04-20,136,0.51950,0.54700
2026-04-20,137,0.39063,0.48044
2026-04-20,138,0.45636,0.43324
2026-04-20,139,0.45154,0.46900
2026-04-20,140,0.55189,0.52105
2026-04-20,141,0.39249,0.52247
2026-04-20,142,0.55407,0.46401
2026-04-20,143,0.30540,0.51422
2026-04-20,144,0.76721,0.57151
2026-04-20,145,0.35438,0.40705
2026-04-20,146,0.50451,0.45667
2026-04-20,147,0.63345,0.57020
2026-04-20,158,0.59227,0.53212
2026-04-21,108,0.52449,0.45060
2026-04-21,109,0.46057,0.48585
2026-04-21,110,0.47357,0.51876
2026-04-21,111,0.41999,0.52078
2026-04-21,112,0.66138,0.56481
2026-04-21,113,0.51435,0.49981
2026-04-21,114,0.48270,0.48932
2026-04-21,115,0.41010,0.35385
2026-04-21,116,0.54143,0.53007
2026-04-21,117,0.44724,0.51904
2026-04-21,118,0.35004,0.48276
2026-04-21,119,0.73123,0.65375
2026-04-21,120,0.46061,0.41368
2026-04-21,121,0.36533,0.52751
2026-04-21,133,0.43972,0.46162
2026-04-21,134,0.59448,0.50227
2026-04-21,135,0.59100,0.52756
2026-04-21,136,0.50469,0.54426
2026-04-21,137,0.40365,0.48190
2026-04-21,138,0.46636,0.43501
2026-04-21,139,0.43029,0.46546
2026-04-21,140,0.56987,0.52416
2026-04-21,141,0.40487,0.52355
2026-04-21,142,0.56062,0.46569
2026-04-21,143,0.30235,0.51227
2026-04-21,144,0.72745,0.56624
2026-04-21,145,0.38942,0.41231
2026-04-21,146,0.49567,0.45553
2026-04-21,147,0.64780,0.57295
2026-04-21,158,0.62147,0.53707
2026-04-22,108,0.53914,0.45371
2026-04-22,109,0.47953,0.48884
2026-04-22,110,0.48336,0.52014
2026-04-22,111,0.40884,0.51822
2026-04-22,112,0.67482,0.56772
2026-04-22,113,0.49079,0.49585
2026-04-22,114,0.47451,0.48782
2026-04-22,115,0.43557,0.35863
2026-04-22,116,0.55321,0.53218
2026-04-22,117,0.45497,0.51993
2026-04-22,118,0.35033,0.48189
2026-04-22,119,0.71559,0.65168
2026-04-22,120,0.45556,0.41314
2026-04-22,121,0.37413,0.52785
2026-04-22,133,0.43800,0.46117
2026-04-22,134,0.60648,0.50491
2026-04-22,135,0.56243,0.52324
2026-04-22,136,0.50898,0.54475
2026-04-22,137,0.42059,0.48418
2026-04-22,138,0.45504,0.43334
2026-04-22,139,0.45226,0.46888
2026-04-22,140,0.54720,0.52070
2026-04-22,141,0.39214,0.52061
2026-04-22,142,0.55476,0.46538
2026-04-22,143,0.29069,0.50886
2026-04-22,144,0.72316,0.56661
2026-04-22,145,0.38072,0.41070
2026-04-22,146,0.50843,0.45801
2026-04-22,147,0.65645,0.57491
2026-04-22,158,0.60453,0.53494
2026-04-23,108,0.53914,0.45371
2026-04-23,109,0.46813,0.48681
2026-04-23,110,0.48336,0.52014
2026-04-23,111,0.40306,0.51647
2026-04-23,112,0.66910,0.56747
2026-04-23,113,0.49079,0.49585
2026-04-23,114,0.47451,0.48782
2026-04-23,115,0.43185,0.35849
2026-04-23,116,0.55528,0.53269
2026-04-23,117,0.45497,0.51993
2026-04-23,118,0.35033,0.48189
2026-04-23,119,0.72249,0.65331
2026-04-23,120,0.44053,0.41075
2026-04-23,121,0.39221,0.52991
2026-04-23,133,0.43800,0.46117
2026-04-23,134,0.58269,0.50151
2026-04-23,135,0.56664,0.52424
2026-04-23,136,0.50898,0.54475
2026-04-23,137,0.40808,0.48159
2026-04-23,138,0.45504,0.43334
2026-04-23,139,0.45226,0.46888
2026-04-23,140,0.56806,0.52448
2026-04-23,141,0.39214,0.52061
2026-04-23,142,0.54339,0.46403
2026-04-23,143,0.29830,0.50867
2026-04-23,144,0.73240,0.56933
2026-04-23,145,0.39557,0.41306
2026-04-23,146,0.50843,0.45801
2026-04-23,147,0.65990,0.57607
2026-04-23,158,0.59628,0.53405
2026-04-24,108,0.52642,0.45196
2026-04-24,109,0.46813,0.48681
2026-04-24,110,0.51186,0.52496
2026-04-24,111,0.37964,0.51152
2026-04-24,112,0.66981,0.56830
2026-04-24,113,0.49571,0.49669
2026-04-24,114,0.48392,0.48946
2026-04-24,115,0.43783,0.36009
2026-04-24,116,0.54784,0.53148
2026-04-24,117,0.43097,0.51508
2026-04-24,118,0.36800,0.48414
2026-04-24,119,0.70687,0.65100
2026-04-24,120,0.43919,0.41071
2026-04-24,121,0.39168,0.52887
2026-04-24,133,0.46811,0.46638
2026-04-24,134,0.60392,0.50585
2026-04-24,135,0.56664,0.52424
2026-04-24,136,0.51309,0.54526
2026-04-24,137,0.39108,0.47806
2026-04-24,138,0.45226,0.43301
2026-04-24,139,0.46922,0.47169
2026-04-24,140,0.53489,0.51887
2026-04-24,141,0.38999,0.51935
2026-04-24,142,0.52671,0.46161
2026-04-24,143,0.29779,0.50714
2026-04-24,144,0.73186,0.57034
2026-04-24,145,0.40319,0.41429
2026-04-24,146,0.52799,0.46183
2026-04-24,147,0.68097,0.58039
2026-04-24,158,0.56933,0.52983
2026-04-25,108,0.48558,0.44473
2026-04-25,109,0.46176,0.48555
2026-04-25,110,0.45182,0.51384
2026-04-25,111,0.44897,0.52336
2026-04-25,112,0.63353,0.56232
2026-04-25,113,0.52457,0.50198
2026-04-25,114,0.47672,0.48805
2026-04-25,115,0.43783,0.36009
2026-04-25,116,0.51912,0.52616
2026-04-25,117,0.41771,0.51200
2026-04-25,118,0.41690,0.49233
2026-04-25,119,0.72270,0.65429
2026-04-25,120,0.45027,0.41300
2026-04-25,121,0.39168,0.52887
2026-04-25,133,0.46525,0.46586
2026-04-25,134,0.61142,0.50789
2026-04-25,135,0.57214,0.52550
2026-04-25,136,0.52020,0.54639
2026-04-25,137,0.41242,0.48138
2026-04-25,138,0.44800,0.43238
2026-04-25,139,0.48880,0.47516
2026-04-25,140,0.53791,0.51954
2026-04-25,141,0.40148,0.52051
2026-04-25,142,0.50741,0.45850
2026-04-25,143,0.31691,0.50923
2026-04-25,144,0.71280,0.56783
2026-04-25,145,0.39565,0.41283
2026-04-25,146,0.51160,0.45927
2026-04-25,147,0.69140,0.58299
2026-04-25,158,0.55504,0.52755
2026-04-26,108,0.47968,0.44386
2026-04-26,109,0.48203,0.48911
2026-04-26,110,0.44621,0.51236
2026-04-26,111,0.45823,0.52461
2026-04-26,112,0.60959,0.55827
2026-04-26,113,0.50392,0.49823
2026-04-26,114,0.46982,0.48664
2026-04-26,115,0.45889,0.36523
2026-04-26,116,0.53665,0.52952
2026-04-26,117,0.42956,0.51367
2026-04-26,118,0.42971,0.49424
2026-04-26,119,0.73628,0.65732
2026-04-26,120,0.45413,0.41400
2026-04-26,121,0.37615,0.52408
2026-04-26,133,0.46969,0.46670
2026-04-26,134,0.59030,0.50460
2026-04-26,135,0.54755,0.52131
2026-04-26,136,0.52362,0.54688
2026-04-26,137,0.42842,0.48394
2026-04-26,138,0.44565,0.43206
2026-04-26,139,0.49637,0.47664
2026-04-26,140,0.53303,0.51874
2026-04-26,141,0.41176,0.52159
2026-04-26,142,0.50000,0.45743
2026-04-26,143,0.30924,0.50648
2026-04-26,144,0.71902,0.57001
2026-04-26,145,0.39397,0.41240
2026-04-26,146,0.50000,0.45743
2026-04-26,147,0.67349,0.58034
2026-04-26,158,0.57265,0.53098
2026-04-27,108,0.47737,0.44363
2026-04-27,109,0.48203,0.48911
2026-04-27,110,0.44621,0.51236
2026-04-27,111,0.47774,0.52796
2026-04-27,112,0.59760,0.55628
2026-04-27,113,0.50392,0.49823
2026-04-27,114,0.46686,0.48593
2026-04-27,115,0.45889,0.36523
2026-04-27,116,0.53665,0.52952
2026-04-27,117,0.42956,0.51367
2026-04-27,118,0.42971,0.49424
2026-04-27,119,0.73204,0.65703
2026-04-27,120,0.45413,0.41400
2026-04-27,121,0.37615,0.52408
2026-04-27,133,0.46969,0.46670
2026-04-27,134,0.58068,0.50330
2026-04-27,135,0.55235,0.52239
2026-04-27,136,0.49627,0.54125
2026-04-27,137,0.42842,0.48394
2026-04-27,138,0.45408,0.43375
2026-04-27,139,0.50000,0.47746
2026-04-27,140,0.52407,0.51709
2026-04-27,141,0.39554,0.51778
2026-04-27,142,0.52401,0.46239
2026-04-27,143,0.30924,0.50648
2026-04-27,144,0.71902,0.57001
2026-04-27,145,0.40254,0.41394
2026-04-27,146,0.49640,0.45702
2026-04-27,147,0.67585,0.58142
2026-04-27,158,0.57265,0.53098
2026-04-28,108,0.46851,0.44204
2026-04-28,109,0.44539,0.48213
2026-04-28,110,0.45478,0.51359
2026-04-28,111,0.46723,0.52553
2026-04-28,112,0.61000,0.55904
2026-04-28,113,0.52265,0.50191
2026-04-28,114,0.46364,0.48514
2026-04-28,115,0.44236,0.36255
2026-04-28,116,0.52494,0.52723
2026-04-28,117,0.42552,0.51230
2026-04-28,118,0.44212,0.49623
2026-04-28,119,0.72541,0.65620
2026-04-28,120,0.43171,0.40978
2026-04-28,121,0.41177,0.53002
2026-04-28,133,0.45936,0.46471
2026-04-28,134,0.56239,0.50016
2026-04-28,135,0.53236,0.51870
2026-04-28,136,0.51805,0.54543
2026-04-28,137,0.40265,0.47856
2026-04-28,138,0.46990,0.43696
2026-04-28,139,0.50350,0.47829
2026-04-28,140,0.51956,0.51623
2026-04-28,141,0.40822,0.51943
2026-04-28,142,0.50333,0.45867
2026-04-28,143,0.33704,0.51057
2026-04-28,144,0.72241,0.57168
2026-04-28,145,0.41519,0.41640
2026-04-28,146,0.50000,0.45800
2026-04-28,147,0.67528,0.58194
2026-04-28,158,0.60812,0.53797
2026-04-29,108,0.46607,0.44170
2026-04-29,109,0.46019,0.48476
2026-04-29,110,0.45478,0.51359
2026-04-29,111,0.44383,0.52034
2026-04-29,112,0.60979,0.55933
2026-04-29,113,0.48209,0.49394
2026-04-29,114,0.47148,0.48665
2026-04-29,115,0.48282,0.37139
2026-04-29,116,0.52078,0.52636
2026-04-29,117,0.42552,0.51230
2026-04-29,118,0.43329,0.49410
2026-04-29,119,0.71787,0.65511
2026-04-29,120,0.46859,0.41750
2026-04-29,121,0.37256,0.52139
2026-04-29,133,0.47127,0.46705
2026-04-29,134,0.55706,0.49948
2026-04-29,135,0.52781,0.51788
2026-04-29,136,0.52448,0.54660
2026-04-29,137,0.40265,0.47856
2026-04-29,138,0.47407,0.43801
2026-04-29,139,0.49657,0.47707
2026-04-29,140,0.53070,0.51854
2026-04-29,141,0.43592,0.52422
2026-04-29,142,0.49676,0.45761
2026-04-29,143,0.33704,0.51057
2026-04-29,144,0.71987,0.57216
2026-04-29,145,0.42030,0.41744
2026-04-29,146,0.50346,0.45899
2026-04-29,147,0.66261,0.57995
2026-04-29,158,0.59109,0.53512
2026-04-30,108,0.46607,0.44170
2026-04-30,109,0.42406,0.47737
2026-04-30,110,0.46187,0.51426
2026-04-30,111,0.44383,0.52034
2026-04-30,112,0.60979,0.55933
2026-04-30,113,0.48963,0.49541
2026-04-30,114,0.47148,0.48665
2026-04-30,115,0.47678,0.37085
2026-04-30,116,0.53031,0.52833
2026-04-30,117,0.42833,0.51175
2026-04-30,118,0.42537,0.49207
2026-04-30,119,0.71787,0.65511
2026-04-30,120,0.47220,0.41860
2026-04-30,121,0.37341,0.52058
2026-04-30,133,0.48263,0.46941
2026-04-30,134,0.53851,0.49595
2026-04-30,135,0.52781,0.51788
2026-04-30,136,0.52448,0.54660
2026-04-30,137,0.40165,0.47735
2026-04-30,138,0.49070,0.44167
2026-04-30,139,0.49657,0.47707
2026-04-30,140,0.53070,0.51854
2026-04-30,141,0.41738,0.51983
2026-04-30,142,0.51572,0.46186
2026-04-30,143,0.35247,0.51143
2026-04-30,144,0.70613,0.57024
2026-04-30,145,0.42030,0.41744
2026-04-30,146,0.50346,0.45899
2026-04-30,147,0.66261,0.57995
2026-04-30,158,0.62617,0.54251
2026-05-01,108,0.46390,0.44139
2026-05-01,109,0.42360,0.47692
2026-05-01,110,0.44765,0.51093
2026-05-01,111,0.45178,0.52151
2026-05-01,112,0.60911,0.55952
2026-05-01,113,0.46335,0.48984
2026-05-01,114,0.48294,0.48903
2026-05-01,115,0.47142,0.37038
2026-05-01,116,0.52611,0.52743
2026-05-01,117,0.42414,0.51030
2026-05-01,118,0.43164,0.49295
2026-05-01,119,0.69675,0.65108
2026-05-01,120,0.45927,0.41616
2026-05-01,121,0.38034,0.52107
2026-05-01,133,0.47339,0.46756
2026-05-01,134,0.56198,0.50129
2026-05-01,135,0.50672,0.51362
2026-05-01,136,0.52009,0.54551
2026-05-01,137,0.39247,0.47491
2026-05-01,138,0.50602,0.44522
2026-05-01,139,0.50675,0.47929
2026-05-01,140,0.53330,0.51917
2026-05-01,141,0.43338,0.52253
2026-05-01,142,0.50305,0.45948
2026-05-01,143,0.36059,0.51210
2026-05-01,144,0.70369,0.57060
2026-05-01,145,0.44205,0.42204
2026-05-01,146,0.50000,0.45855
2026-05-01,147,0.67334,0.58276
2026-05-01,158,0.63853,0.54560
2026-05-02,108,0.46768,0.44237
2026-05-02,109,0.41866,0.47553
2026-05-02,110,0.43487,0.50776
2026-05-02,111,0.44337,0.51924
2026-05-02,112,0.61354,0.56080
2026-05-02,113,0.43479,0.48350
2026-05-02,114,0.50964,0.49488
2026-05-02,115,0.44783,0.36583
2026-05-02,116,0.53822,0.53010
2026-05-02,117,0.43390,0.51190
2026-05-02,118,0.43622,0.49354
2026-05-02,119,0.68995,0.64991
2026-05-02,120,0.45204,0.41484
2026-05-02,121,0.38025,0.52013
2026-05-02,133,0.44988,0.46252
2026-05-02,134,0.58700,0.50721
2026-05-02,135,0.49341,0.51077
2026-05-02,136,0.51639,0.54453
2026-05-02,137,0.38114,0.47193
2026-05-02,138,0.50886,0.44622
2026-05-02,139,0.51976,0.48221
2026-05-02,140,0.51803,0.51597
2026-05-02,141,0.45855,0.52737
2026-05-02,142,0.48248,0.45522
2026-05-02,143,0.35111,0.50906
2026-05-02,144,0.71895,0.57483
2026-05-02,145,0.45570,0.42511
2026-05-02,146,0.51306,0.46164
2026-05-02,147,0.68151,0.58511
2026-05-02,158,0.64481,0.54754
2026-05-03,108,0.45690,0.44010
2026-05-03,109,0.40997,0.47329
2026-05-03,110,0.41482,0.50286
2026-05-03,111,0.43793,0.51754
2026-05-03,112,0.62094,0.56278
2026-05-03,113,0.43244,0.48267
2026-05-03,114,0.49063,0.49068
2026-05-03,115,0.43567,0.36362
2026-05-03,116,0.55568,0.53410
2026-05-03,117,0.44010,0.51280
2026-05-03,118,0.44683,0.49551
2026-05-03,119,0.69491,0.65127
2026-05-03,120,0.45549,0.41586
2026-05-03,121,0.39618,0.52274
2026-05-03,133,0.46947,0.46677
2026-05-03,134,0.58893,0.50816
2026-05-03,135,0.49679,0.51139
2026-05-03,136,0.50642,0.54210
2026-05-03,137,0.37967,0.47102
2026-05-03,138,0.50000,0.44468
2026-05-03,139,0.52268,0.48309
2026-05-03,140,0.49650,0.51123
2026-05-03,141,0.45649,0.52647
2026-05-03,142,0.48573,0.45613
2026-05-03,143,0.36987,0.51218
2026-05-03,144,0.72239,0.57654
2026-05-03,145,0.45372,0.42487
2026-05-03,146,0.49683,0.45839
2026-05-03,147,0.69697,0.58915
2026-05-03,158,0.63898,0.54692
2026-05-04,108,0.44100,0.43654
2026-05-04,109,0.40997,0.47329
2026-05-04,110,0.38821,0.49628
2026-05-04,111,0.44295,0.51816
2026-05-04,112,0.62046,0.56305
2026-05-04,113,0.43141,0.48211
2026-05-04,114,0.47872,0.48794
2026-05-04,115,0.43134,0.36308
2026-05-04,116,0.55109,0.53318
2026-05-04,117,0.42923,0.50982
2026-05-04,118,0.46039,0.49826
2026-05-04,119,0.70245,0.65325
2026-05-04,120,0.45549,0.41586
2026-05-04,121,0.40503,0.52392
2026-05-04,133,0.46947,0.46677
2026-05-04,134,0.58893,0.50816
2026-05-04,135,0.49371,0.51061
2026-05-04,136,0.50934,0.54254
2026-05-04,137,0.38567,0.47178
2026-05-04,138,0.50845,0.44694
2026-05-04,139,0.53479,0.48602
2026-05-04,140,0.49650,0.51123
2026-05-04,141,0.44536,0.52351
2026-05-04,142,0.48573,0.45613
2026-05-04,143,0.37409,0.51221
2026-05-04,144,0.71455,0.57567
2026-05-04,145,0.47281,0.42937
2026-05-04,146,0.49374,0.45794
2026-05-04,147,0.71923,0.59487
2026-05-04,158,0.62634,0.54473
2026-05-05,108,0.44503,0.43752
2026-05-05,109,0.43759,0.47897
2026-05-05,110,0.39762,0.49776
2026-05-05,111,0.46642,0.52310
2026-05-05,112,0.62098,0.56353
2026-05-05,113,0.42982,0.48142
2026-05-05,114,0.47336,0.48661
2026-05-05,115,0.43134,0.36308
2026-05-05,116,0.52900,0.52808
2026-05-05,117,0.43263,0.51011
2026-05-05,118,0.46735,0.49962
2026-05-05,119,0.69695,0.65230
2026-05-05,120,0.43686,0.41181
2026-05-05,121,0.40503,0.52392
2026-05-05,133,0.44683,0.46167
2026-05-05,134,0.56166,0.50238
2026-05-05,135,0.50903,0.51396
2026-05-05,136,0.50611,0.54157
2026-05-05,137,0.37502,0.46877
2026-05-05,138,0.50845,0.44694
2026-05-05,139,0.53700,0.48683
2026-05-05,140,0.48655,0.50888
2026-05-05,141,0.44371,0.52263
2026-05-05,142,0.50825,0.46152
2026-05-05,143,0.40060,0.51745
2026-05-05,144,0.71343,0.57629
2026-05-05,145,0.47051,0.42912
2026-05-05,146,0.48803,0.45685
2026-05-05,147,0.72032,0.59592
2026-05-05,158,0.62634,0.54473
2026-05-06,108,0.46253,0.44177
2026-05-06,109,0.43545,0.47822
2026-05-06,110,0.40800,0.49957
2026-05-06,111,0.47899,0.52570
2026-05-06,112,0.61958,0.56357
2026-05-06,113,0.42951,0.48102
2026-05-06,114,0.47962,0.48804
2026-05-06,115,0.42039,0.36093
2026-05-06,116,0.51712,0.52523
2026-05-06,117,0.41094,0.50440
2026-05-06,118,0.46207,0.49817
2026-05-06,119,0.71558,0.65697
2026-05-06,120,0.47074,0.41996
2026-05-06,121,0.42472,0.52771
2026-05-06,133,0.43972,0.45994
2026-05-06,134,0.56381,0.50327
2026-05-06,135,0.52061,0.51660
2026-05-06,136,0.51200,0.54276
2026-05-06,137,0.36543,0.46592
2026-05-06,138,0.49725,0.44475
2026-05-06,139,0.54553,0.48912
2026-05-06,140,0.50328,0.51260
2026-05-06,141,0.43583,0.52027
2026-05-06,142,0.47365,0.45366
2026-05-06,143,0.41169,0.51931
2026-05-06,144,0.70565,0.57528
2026-05-06,145,0.45427,0.42555
2026-05-06,146,0.47974,0.45510
2026-05-06,147,0.70324,0.59269
2026-05-06,158,0.63446,0.54708
2026-05-07,108,0.46253,0.44177
2026-05-07,109,0.43129,0.47699
2026-05-07,110,0.40739,0.49884
2026-05-07,111,0.46814,0.52279
2026-05-07,112,0.62871,0.56612
2026-05-07,113,0.41813,0.47796
2026-05-07,114,0.48877,0.49023
2026-05-07,115,0.43289,0.36431
2026-05-07,116,0.51712,0.52523
2026-05-07,117,0.41094,0.50440
2026-05-07,118,0.45501,0.49624
2026-05-07,119,0.71558,0.65697
2026-05-07,120,0.47629,0.42161
2026-05-07,121,0.41468,0.52468
2026-05-07,133,0.47223,0.46747
2026-05-07,134,0.56794,0.50464
2026-05-07,135,0.51741,0.51587
2026-05-07,136,0.51200,0.54276
2026-05-07,137,0.36543,0.46592
2026-05-07,138,0.50000,0.44573
2026-05-07,139,0.55560,0.49185
2026-05-07,140,0.48105,0.50730
2026-05-07,141,0.43583,0.52027
2026-05-07,142,0.46934,0.45275
2026-05-07,143,0.38515,0.51225
2026-05-07,144,0.70565,0.57528
2026-05-07,145,0.45427,0.42555
2026-05-07,146,0.48303,0.45604
2026-05-07,147,0.71449,0.59609
2026-05-07,158,0.63446,0.54708
2026-05-08,108,0.45768,0.44071
2026-05-08,109,0.42702,0.47569
2026-05-08,110,0.40681,0.49812
2026-05-08,111,0.47423,0.52394
2026-05-08,112,0.64045,0.56939
2026-05-08,113,0.39432,0.47174
2026-05-08,114,0.49454,0.49166
2026-05-08,115,0.44058,0.36663
2026-05-08,116,0.51395,0.52440
2026-05-08,117,0.43635,0.51005
2026-05-08,118,0.45874,0.49690
2026-05-08,119,0.71738,0.65777
2026-05-08,120,0.47899,0.42262
2026-05-08,121,0.42204,0.52576
2026-05-08,133,0.47555,0.46830
2026-05-08,134,0.55857,0.50274
2026-05-08,135,0.50000,0.51170
2026-05-08,136,0.52276,0.54520
2026-05-08,137,0.37785,0.46827
2026-05-08,138,0.51595,0.44991
2026-05-08,139,0.54918,0.49071
2026-05-08,140,0.46315,0.50283
2026-05-08,141,0.44232,0.52129
2026-05-08,142,0.46516,0.45183
2026-05-08,143,0.38447,0.51129
2026-05-08,144,0.69802,0.57423
2026-05-08,145,0.44567,0.42367
2026-05-08,146,0.48056,0.45561
2026-05-08,147,0.69627,0.59237
2026-05-08,158,0.64819,0.55081
2026-05-09,108,0.42632,0.43298
2026-05-09,109,0.43064,0.47626
2026-05-09,110,0.39936,0.49569
2026-05-09,111,0.47423,0.52394
2026-05-09,112,0.62365,0.56564
2026-05-09,113,0.40099,0.47292
2026-05-09,114,0.49192,0.49101
2026-05-09,115,0.42743,0.36381
2026-05-09,116,0.50274,0.52153
2026-05-09,117,0.43262,0.50866
2026-05-09,118,0.47031,0.49955
2026-05-09,119,0.69972,0.65382
2026-05-09,120,0.47740,0.42257
2026-05-09,121,0.42023,0.52466
2026-05-09,133,0.48673,0.47108
2026-05-09,134,0.58167,0.50887
2026-05-09,135,0.50557,0.51299
2026-05-09,136,0.50835,0.54146
2026-05-09,137,0.35450,0.46197
2026-05-09,138,0.51043,0.44897
2026-05-09,139,0.54918,0.49071
2026-05-09,140,0.48196,0.50720
2026-05-09,141,0.48056,0.53017
2026-05-09,142,0.46805,0.45264
2026-05-09,143,0.40290,0.51510
2026-05-09,144,0.70499,0.57675
2026-05-09,145,0.46008,0.42734
2026-05-09,146,0.48396,0.45662
2026-05-09,147,0.69000,0.59145
2026-05-09,158,0.64760,0.55129
2026-05-10,108,0.44015,0.43646
2026-05-10,109,0.44236,0.47884
2026-05-10,110,0.40289,0.49599
2026-05-10,111,0.46628,0.52165
2026-05-10,112,0.61501,0.56380
2026-05-10,113,0.41525,0.47611
2026-05-10,114,0.48950,0.49039
2026-05-10,115,0.41417,0.36083
2026-05-10,116,0.51066,0.52344
2026-05-10,117,0.42234,0.50556
2026-05-10,118,0.46319,0.49756
2026-05-10,119,0.68259,0.64982
2026-05-10,120,0.47116,0.42133
2026-05-10,121,0.41047,0.52157
2026-05-10,133,0.48429,0.47057
2026-05-10,134,0.57670,0.50805
2026-05-10,135,0.50820,0.51360
2026-05-10,136,0.50549,0.54053
2026-05-10,137,0.36250,0.46330
2026-05-10,138,0.50769,0.44867
2026-05-10,139,0.55675,0.49294
2026-05-10,140,0.49111,0.50933
2026-05-10,141,0.46742,0.52658
2026-05-10,142,0.47118,0.45353
2026-05-10,143,0.41951,0.51863
2026-05-10,144,0.71154,0.57921
2026-05-10,145,0.46322,0.42833
2026-05-10,146,0.49215,0.45887
2026-05-10,147,0.68395,0.59052
2026-05-10,158,0.64705,0.55177
2026-05-11,108,0.42947,0.43371
2026-05-11,109,0.44547,0.47939
2026-05-11,110,0.40667,0.49640
2026-05-11,111,0.46628,0.52165
2026-05-11,112,0.61501,0.56380
2026-05-11,113,0.41525,0.47611
2026-05-11,114,0.50256,0.49383
2026-05-11,115,0.41417,0.36083
2026-05-11,116,0.51066,0.52344
2026-05-11,117,0.41892,0.50416
2026-05-11,118,0.46319,0.49756
2026-05-11,119,0.66260,0.64494
2026-05-11,120,0.47116,0.42133
2026-05-11,121,0.41047,0.52157
2026-05-11,133,0.48429,0.47057
2026-05-11,134,0.57670,0.50805
2026-05-11,135,0.50820,0.51360
2026-05-11,136,0.51081,0.54169
2026-05-11,137,0.38316,0.46794
2026-05-11,138,0.50769,0.44867
2026-05-11,139,0.56294,0.49488
2026-05-11,140,0.48825,0.50849
2026-05-11,141,0.46065,0.52449
2026-05-11,142,0.47118,0.45353
2026-05-11,143,0.41951,0.51863
2026-05-11,144,0.71154,0.57921
2026-05-11,145,0.46322,0.42833
2026-05-11,146,0.49215,0.45887
2026-05-11,147,0.67876,0.58975
2026-05-11,158,0.64705,0.55177
2026-05-12,108,0.42820,0.43335
2026-05-12,109,0.43947,0.47765
2026-05-12,110,0.39956,0.49397
2026-05-12,111,0.46397,0.52071
2026-05-12,112,0.60577,0.56172
2026-05-12,113,0.40340,0.47266
2026-05-12,114,0.50504,0.49455
2026-05-12,115,0.41061,0.36023
2026-05-12,116,0.48967,0.51791
2026-05-12,117,0.40375,0.49964
2026-05-12,118,0.46168,0.49696
2026-05-12,119,0.64943,0.64163
2026-05-12,120,0.48490,0.42520
2026-05-12,121,0.43558,0.52727
2026-05-12,133,0.47960,0.46946
2026-05-12,134,0.58044,0.50945
2026-05-12,135,0.50266,0.51216
2026-05-12,136,0.53139,0.54693
2026-05-12,137,0.39656,0.47089
2026-05-12,138,0.51249,0.45026
2026-05-12,139,0.56346,0.49544
2026-05-12,140,0.49716,0.51067
2026-05-12,141,0.45938,0.52376
2026-05-12,142,0.47864,0.45557
2026-05-12,143,0.42296,0.51892
2026-05-12,144,0.71418,0.58071
2026-05-12,145,0.46681,0.42946
2026-05-12,146,0.48450,0.45709
2026-05-12,147,0.68415,0.59172
2026-05-12,158,0.64817,0.55265
2026-05-13,108,0.42478,0.43240
2026-05-13,109,0.43867,0.47721
2026-05-13,110,0.41683,0.49803
2026-05-13,111,0.46997,0.52192
2026-05-13,112,0.59718,0.55972
2026-05-13,113,0.40429,0.47247
2026-05-13,114,0.50989,0.49593
2026-05-13,115,0.42727,0.36494
2026-05-13,116,0.48730,0.51712
2026-05-13,117,0.40753,0.50007
2026-05-13,118,0.46026,0.49636
2026-05-13,119,0.65688,0.64364
2026-05-13,120,0.48744,0.42623
2026-05-13,121,0.43945,0.52771
2026-05-13,133,0.49002,0.47223
2026-05-13,134,0.56387,0.50551
2026-05-13,135,0.50786,0.51345
2026-05-13,136,0.52819,0.54598
2026-05-13,137,0.38762,0.46807
2026-05-13,138,0.50244,0.44804
2026-05-13,139,0.55689,0.49416
2026-05-13,140,0.50000,0.51134
2026-05-13,141,0.46522,0.52491
2026-05-13,142,0.47011,0.45346
2026-05-13,143,0.41920,0.51734
2026-05-13,144,0.71746,0.58240
2026-05-13,145,0.47020,0.43057
2026-05-13,146,0.49501,0.46003
2026-05-13,147,0.66503,0.58715
2026-05-13,158,0.64100,0.55145
2026-05-14,108,0.42478,0.43240
2026-05-14,109,0.43867,0.47721
2026-05-14,110,0.41683,0.49803
2026-05-14,111,0.46506,0.52031
2026-05-14,112,0.60082,0.56093
2026-05-14,113,0.43962,0.48153
2026-05-14,114,0.50989,0.49593
2026-05-14,115,0.41753,0.36270
2026-05-14,116,0.47540,0.51374
2026-05-14,117,0.39935,0.49728
2026-05-14,118,0.45143,0.49377
2026-05-14,119,0.66085,0.64479
2026-05-14,120,0.45943,0.41909
2026-05-14,121,0.45474,0.53120
2026-05-14,133,0.48782,0.47176
2026-05-14,134,0.57392,0.50856
2026-05-14,135,0.49232,0.50931
2026-05-14,136,0.53983,0.54904
2026-05-14,137,0.38229,0.46615
2026-05-14,138,0.50478,0.44899
2026-05-14,139,0.55689,0.49416
2026-05-14,140,0.50000,0.51134
2026-05-14,141,0.46522,0.52491
2026-05-14,142,0.48876,0.45857
2026-05-14,143,0.42510,0.51832
2026-05-14,144,0.71125,0.58156
2026-05-14,145,0.48055,0.43354
2026-05-14,146,0.47568,0.45506
2026-05-14,147,0.66503,0.58715
2026-05-14,158,0.65255,0.55495
2026-05-15,108,0.41236,0.42897
2026-05-15,109,0.45925,0.48240
2026-05-15,110,0.41585,0.49727
2026-05-15,111,0.46302,0.51942
2026-05-15,112,0.60872,0.56332
2026-05-15,113,0.44358,0.48236
2026-05-15,114,0.50720,0.49527
2026-05-15,115,0.40182,0.35875
2026-05-15,116,0.47821,0.51427
2026-05-15,117,0.40435,0.49807
2026-05-15,118,0.45017,0.49317
2026-05-15,119,0.67172,0.64785
2026-05-15,120,0.46197,0.42003
2026-05-15,121,0.44790,0.52890
2026-05-15,133,0.49522,0.47384
2026-05-15,134,0.56661,0.50697
2026-05-15,135,0.49747,0.51059
2026-05-15,136,0.53451,0.54752
2026-05-15,137,0.37719,0.46425
2026-05-15,138,0.50700,0.44993
2026-05-15,139,0.56803,0.49748
2026-05-15,140,0.49455,0.50981
2026-05-15,141,0.46333,0.52404
2026-05-15,142,0.48671,0.45819
2026-05-15,143,0.43279,0.51985
2026-05-15,144,0.71036,0.58210
2026-05-15,145,0.46946,0.43086
2026-05-15,146,0.46437,0.45210
2026-05-15,147,0.66866,0.58862
2026-05-15,158,0.65251,0.55554
2026-05-16,108,0.38707,0.42186
2026-05-16,109,0.45526,0.48119
2026-05-16,110,0.39746,0.49168
2026-05-16,111,0.46623,0.51995
2026-05-16,112,0.59524,0.55986
2026-05-16,113,0.43839,0.48069
2026-05-16,114,0.51401,0.49726
2026-05-16,115,0.40770,0.36064
2026-05-16,116,0.47607,0.51347
2026-05-16,117,0.41170,0.49958
2026-05-16,118,0.44638,0.49186
2026-05-16,119,0.69351,0.65403
2026-05-16,120,0.48248,0.42596
2026-05-16,121,0.45676,0.53083
2026-05-16,133,0.49067,0.47273
2026-05-16,134,0.55251,0.50342
2026-05-16,135,0.50493,0.51254
2026-05-16,136,0.52640,0.54515
2026-05-16,137,0.38520,0.46595
2026-05-16,138,0.51147,0.45149
2026-05-16,139,0.55360,0.49404
2026-05-16,140,0.48661,0.50755
2026-05-16,141,0.46618,0.52445
2026-05-16,142,0.48467,0.45780
2026-05-16,143,0.44750,0.52340
2026-05-16,144,0.70537,0.58149
2026-05-16,145,0.48168,0.43442
2026-05-16,146,0.47700,0.45568
2026-05-16,147,0.65853,0.58629
2026-05-16,158,0.65306,0.55628
2026-05-17,108,0.37088,0.41710
2026-05-17,109,0.46117,0.48265
2026-05-17,110,0.40786,0.49405
2026-05-17,111,0.44938,0.51496
2026-05-17,112,0.58997,0.55859
2026-05-17,113,0.42520,0.47672
2026-05-17,114,0.52947,0.50178
2026-05-17,115,0.40611,0.36048
2026-05-17,116,0.46938,0.51136
2026-05-17,117,0.39743,0.49498
2026-05-17,118,0.45149,0.49303
2026-05-17,119,0.70728,0.65814
2026-05-17,120,0.47520,0.42425
2026-05-17,121,0.46057,0.53144
2026-05-17,133,0.47048,0.46724
2026-05-17,134,0.53881,0.49986
2026-05-17,135,0.51678,0.51578
2026-05-17,136,0.51403,0.54151
2026-05-17,137,0.40977,0.47238
2026-05-17,138,0.50682,0.45056
2026-05-17,139,0.55948,0.49600
2026-05-17,140,0.50785,0.51331
2026-05-17,141,0.47383,0.52622
2026-05-17,142,0.48713,0.45865
2026-05-17,143,0.46178,0.52697
2026-05-17,144,0.71530,0.58502
2026-05-17,145,0.48452,0.43549
2026-05-17,146,0.47076,0.45405
2026-05-17,147,0.65201,0.58489
2026-05-17,158,0.64729,0.55532
2026-05-18,108,0.37430,0.41780
2026-05-18,109,0.48447,0.48897
2026-05-18,110,0.39169,0.48891
2026-05-18,111,0.45506,0.51617
2026-05-18,112,0.57538,0.55461
2026-05-18,113,0.42462,0.47625
2026-05-18,114,0.54205,0.50559
2026-05-18,115,0.41059,0.36203
2026-05-18,116,0.45635,0.50739
2026-05-18,117,0.39356,0.49328
2026-05-18,118,0.44758,0.49167
2026-05-18,119,0.70383,0.65745
2026-05-18,120,0.45958,0.42010
2026-05-18,121,0.48356,0.53748
2026-05-18,133,0.46857,0.46672
2026-05-18,134,0.53881,0.49986
2026-05-18,135,0.51903,0.51642
2026-05-18,136,0.52524,0.54460
2026-05-18,137,0.38950,0.46622
2026-05-18,138,0.50682,0.45056
2026-05-18,139,0.57935,0.50189
2026-05-18,140,0.50506,0.51249
2026-05-18,141,0.47229,0.52547
2026-05-18,142,0.49369,0.46070
2026-05-18,143,0.46478,0.52744
2026-05-18,144,0.68621,0.57749
2026-05-18,145,0.47394,0.43281
2026-05-18,146,0.49781,0.46187
2026-05-18,147,0.64999,0.58471
2026-05-18,158,0.65670,0.55845
2026-05-19,108,0.36300,0.41427
2026-05-19,109,0.48912,0.49025
2026-05-19,110,0.38730,0.48706
2026-05-19,111,0.47066,0.52026
2026-05-19,112,0.56801,0.55259
2026-05-19,113,0.43178,0.47802
2026-05-19,114,0.54348,0.50622
2026-05-19,115,0.39252,0.35707
2026-05-19,116,0.45490,0.50666
2026-05-19,117,0.39652,0.49357
2026-05-19,118,0.43530,0.48784
2026-05-19,119,0.70178,0.65713
2026-05-19,120,0.46595,0.42217
2026-05-19,121,0.47728,0.53537
2026-05-19,133,0.48704,0.47201
2026-05-19,134,0.53140,0.49797
2026-05-19,135,0.51628,0.51565
2026-05-19,136,0.52269,0.54373
2026-05-19,137,0.38722,0.46510
2026-05-19,138,0.51321,0.45270
2026-05-19,139,0.58481,0.50389
2026-05-19,140,0.52958,0.51945
2026-05-19,141,0.47063,0.52468
2026-05-19,142,0.49168,0.46031
2026-05-19,143,0.45879,0.52533
2026-05-19,144,0.68955,0.57910
2026-05-19,145,0.47637,0.43375
2026-05-19,146,0.48932,0.45962
2026-05-19,147,0.64904,0.58482
2026-05-19,158,0.66043,0.56007
2026-05-20,108,0.36405,0.41427
2026-05-20,109,0.49574,0.49214
2026-05-20,110,0.38543,0.48593
2026-05-20,111,0.47361,0.52082
2026-05-20,112,0.55701,0.54945
2026-05-20,113,0.44351,0.48120
2026-05-20,114,0.54501,0.50690
2026-05-20,115,0.39260,0.35731
2026-05-20,116,0.45333,0.50590
2026-05-20,117,0.39217,0.49170
2026-05-20,118,0.43426,0.48723
2026-05-20,119,0.70724,0.65900
2026-05-20,120,0.47366,0.42470
2026-05-20,121,0.46905,0.53263
2026-05-20,133,0.48945,0.47280
2026-05-20,134,0.54524,0.50218
2026-05-20,135,0.50689,0.51293
2026-05-20,136,0.52443,0.54413
2026-05-20,137,0.38304,0.46341
2026-05-20,138,0.49784,0.44867
2026-05-20,139,0.58750,0.50514
2026-05-20,140,0.53129,0.52001
2026-05-20,141,0.47319,0.52510
2026-05-20,142,0.49795,0.46234
2026-05-20,143,0.44938,0.52217
2026-05-20,144,0.70088,0.58308
2026-05-20,145,0.47474,0.43353
2026-05-20,146,0.47284,0.45495
2026-05-20,147,0.64550,0.58416
2026-05-20,158,0.66883,0.56304
2026-05-21,108,0.36388,0.41393
2026-05-21,109,0.49789,0.49278
2026-05-21,110,0.38543,0.48593
2026-05-21,111,0.47361,0.52082
2026-05-21,112,0.55701,0.54945
2026-05-21,113,0.44351,0.48120
2026-05-21,114,0.54869,0.50823
2026-05-21,115,0.39174,0.35725
2026-05-21,116,0.44954,0.50446
2026-05-21,117,0.39217,0.49170
2026-05-21,118,0.43426,0.48723
2026-05-21,119,0.70724,0.65900
2026-05-21,120,0.47217,0.42454
2026-05-21,121,0.47156,0.53300
2026-05-21,133,0.49168,0.47355
2026-05-21,134,0.55248,0.50456
2026-05-21,135,0.50689,0.51293
2026-05-21,136,0.52443,0.54413
2026-05-21,137,0.38304,0.46341
2026-05-21,138,0.48938,0.44651
2026-05-21,139,0.58750,0.50514
2026-05-21,140,0.53129,0.52001
2026-05-21,141,0.47786,0.52617
2026-05-21,142,0.49795,0.46234
2026-05-21,143,0.44938,0.52217
2026-05-21,144,0.70730,0.58569
2026-05-21,145,0.47474,0.43353
2026-05-21,146,0.46129,0.45161
2026-05-21,147,0.64024,0.58295
2026-05-21,158,0.66883,0.56304
2026-05-22,108,0.37308,0.41642
2026-05-22,109,0.49584,0.49221
2026-05-22,110,0.39338,0.48771
2026-05-22,111,0.46981,0.51943
2026-05-22,112,0.55218,0.54805
2026-05-22,113,0.44351,0.48120
2026-05-22,114,0.55044,0.50900
2026-05-22,115,0.39500,0.35844
2026-05-22,116,0.44436,0.50257
2026-05-22,117,0.39738,0.49270
2026-05-22,118,0.43055,0.48581
2026-05-22,119,0.69656,0.65610
2026-05-22,120,0.47092,0.42444
2026-05-22,121,0.46971,0.53209
2026-05-22,133,0.48371,0.47128
2026-05-22,134,0.54366,0.50221
2026-05-22,135,0.51569,0.51549
2026-05-22,136,0.52860,0.54528
2026-05-22,137,0.37563,0.46073
2026-05-22,138,0.48938,0.44651
2026-05-22,139,0.59038,0.50646
2026-05-22,140,0.52328,0.51772
2026-05-22,141,0.48696,0.52860
2026-05-22,142,0.50200,0.46375
2026-05-22,143,0.44766,0.52123
2026-05-22,144,0.70538,0.58581
2026-05-22,145,0.48564,0.43698
2026-05-22,146,0.46369,0.45240
2026-05-22,147,0.63420,0.58146
2026-05-22,158,0.67455,0.56530
2026-05-23,108,0.38051,0.41844
2026-05-23,109,0.49796,0.49287
2026-05-23,110,0.39338,0.48771
2026-05-23,111,0.46575,0.51792
2026-05-23,112,0.54573,0.54613
2026-05-23,113,0.43442,0.47801
2026-05-23,114,0.54371,0.50715
2026-05-23,115,0.39503,0.35866
2026-05-23,116,0.44436,0.50257
2026-05-23,117,0.40389,0.49414
2026-05-23,118,0.44213,0.48899
2026-05-23,119,0.70633,0.65928
2026-05-23,120,0.47454,0.42582
2026-05-23,121,0.46374,0.52992
2026-05-23,133,0.47981,0.47018
2026-05-23,134,0.53713,0.50048
2026-05-23,135,0.51999,0.51677
2026-05-23,136,0.51736,0.54174
2026-05-23,137,0.39347,0.46563
2026-05-23,138,0.50203,0.45078
2026-05-23,139,0.59038,0.50646
2026-05-23,140,0.51600,0.51558
2026-05-23,141,0.49359,0.53037
2026-05-23,142,0.50590,0.46516
2026-05-23,143,0.45439,0.52284
2026-05-23,144,0.70022,0.58492
2026-05-23,145,0.47202,0.43320
2026-05-23,146,0.47013,0.45443
2026-05-23,147,0.63420,0.58146
2026-05-23,158,0.65329,0.55978
2026-05-24,108,0.38345,0.41914
2026-05-24,109,0.51398,0.49774
2026-05-24,110,0.39459,0.48699
2026-05-24,111,0.46438,0.51721
2026-05-24,112,0.53881,0.54401
2026-05-24,113,0.43442,0.47801
2026-05-24,114,0.54730,0.50849
2026-05-24,115,0.38245,0.35497
2026-05-24,116,0.44817,0.50309
2026-05-24,117,0.41154,0.49599
2026-05-24,118,0.44790,0.49049
2026-05-24,119,0.71077,0.66092
2026-05-24,120,0.47645,0.42669
2026-05-24,121,0.45577,0.52710
2026-05-24,133,0.48609,0.47216
2026-05-24,134,0.54243,0.50232
2026-05-24,135,0.51310,0.51470
2026-05-24,136,0.51265,0.54013
2026-05-24,137,0.40236,0.46794
2026-05-24,138,0.50203,0.45078
2026-05-24,139,0.58537,0.50548
2026-05-24,140,0.51356,0.51485
2026-05-24,141,0.48736,0.52824
2026-05-24,142,0.50770,0.46594
2026-05-24,143,0.45084,0.52136
2026-05-24,144,0.69663,0.58447
2026-05-24,145,0.46687,0.43187
2026-05-24,146,0.47833,0.45707
2026-05-24,147,0.63703,0.58263
2026-05-24,158,0.64282,0.55725
2026-05-25,108,0.38345,0.41914
2026-05-25,109,0.52159,0.50016
2026-05-25,110,0.40089,0.48842
2026-05-25,111,0.46438,0.51721
2026-05-25,112,0.53652,0.54326
2026-05-25,113,0.44502,0.48100
2026-05-25,114,0.53014,0.50325
2026-05-25,115,0.38075,0.35459
2026-05-25,116,0.44817,0.50309
2026-05-25,117,0.42918,0.50106
2026-05-25,118,0.44671,0.48988
2026-05-25,119,0.71088,0.66124
2026-05-25,120,0.49010,0.43126
2026-05-25,121,0.44637,0.52377
2026-05-25,133,0.47280,0.46811
2026-05-25,134,0.54392,0.50301
2026-05-25,135,0.50648,0.51267
2026-05-25,136,0.52677,0.54441
2026-05-25,137,0.39610,0.46562
2026-05-25,138,0.49401,0.44865
2026-05-25,139,0.57866,0.50395
2026-05-25,140,0.49336,0.50865
2026-05-25,141,0.47528,0.52426
2026-05-25,142,0.50381,0.46498
2026-05-25,143,0.45740,0.52298
2026-05-25,144,0.69663,0.58447
2026-05-25,145,0.47109,0.43336
2026-05-25,146,0.49034,0.46097
2026-05-25,147,0.63680,0.58287
2026-05-25,158,0.64874,0.55952
2026-05-26,108,0.39373,0.42217
2026-05-26,109,0.52493,0.50132
2026-05-26,110,0.41104,0.49110
2026-05-26,111,0.46320,0.51654
2026-05-26,112,0.51503,0.53647
2026-05-26,113,0.45527,0.48398
2026-05-26,114,0.52366,0.50132
2026-05-26,115,0.36917,0.35106
2026-05-26,116,0.44174,0.50075
2026-05-26,117,0.42588,0.49960
2026-05-26,118,0.42074,0.48147
2026-05-26,119,0.71907,0.66409
2026-05-26,120,0.49513,0.43320
2026-05-26,121,0.43736,0.52050
2026-05-26,133,0.46739,0.46644
2026-05-26,134,0.56327,0.50933
2026-05-26,135,0.50425,0.51194
2026-05-26,136,0.53251,0.54614
2026-05-26,137,0.39465,0.46476
2026-05-26,138,0.48228,0.44532
2026-05-26,139,0.56729,0.50095
2026-05-26,140,0.50000,0.51062
2026-05-26,141,0.48989,0.52857
2026-05-26,142,0.50749,0.46636
2026-05-26,143,0.46007,0.52345
2026-05-26,144,0.69385,0.58424
2026-05-26,145,0.46779,0.43255
2026-05-26,146,0.47726,0.45697
2026-05-26,147,0.65898,0.59015
2026-05-26,158,0.65837,0.56295
2026-05-27,108,0.38776,0.42010
2026-05-27,109,0.52651,0.50196
2026-05-27,110,0.42846,0.49619
2026-05-27,111,0.48087,0.52172
2026-05-27,112,0.52564,0.53973
2026-05-27,113,0.45221,0.48285
2026-05-27,114,0.52531,0.50198
2026-05-27,115,0.36559,0.35000
2026-05-27,116,0.45031,0.50314
2026-05-27,117,0.42864,0.50007
2026-05-27,118,0.40852,0.47723
2026-05-27,119,0.72159,0.66521
2026-05-27,120,0.49357,0.43305
2026-05-27,121,0.44222,0.52157
2026-05-27,133,0.45304,0.46188
2026-05-27,134,0.55091,0.50570
2026-05-27,135,0.49790,0.50990
2026-05-27,136,0.54770,0.55095
2026-05-27,137,0.39405,0.46417
2026-05-27,138,0.48051,0.44498
2026-05-27,139,0.54781,0.49536
2026-05-27,140,0.49790,0.50990
2026-05-27,141,0.49199,0.52902
2026-05-27,142,0.48362,0.45899
2026-05-27,143,0.46637,0.52510
2026-05-27,144,0.67693,0.57948
2026-05-27,145,0.49263,0.44056
2026-05-27,146,0.47560,0.45655
2026-05-27,147,0.66926,0.59381
2026-05-27,158,0.65876,0.56362
2026-05-28,108,0.39998,0.42386
2026-05-28,109,0.52651,0.50196
2026-05-28,110,0.42738,0.49546
2026-05-28,111,0.46478,0.51643
2026-05-28,112,0.53418,0.54240
2026-05-28,113,0.45221,0.48285
2026-05-28,114,0.52531,0.50198
2026-05-28,115,0.36559,0.35000
2026-05-28,116,0.43951,0.49937
2026-05-28,117,0.43635,0.50218
2026-05-28,118,0.40852,0.47723
2026-05-28,119,0.72159,0.66521
2026-05-28,120,0.49357,0.43305
2026-05-28,121,0.44222,0.52157
2026-05-28,133,0.45304,0.46188
2026-05-28,134,0.54114,0.50281
2026-05-28,135,0.49790,0.50990
2026-05-28,136,0.54770,0.55095
2026-05-28,137,0.39405,0.46417
2026-05-28,138,0.48051,0.44498
2026-05-28,139,0.54781,0.49536
2026-05-28,140,0.48965,0.50721
2026-05-28,141,0.49405,0.52947
2026-05-28,142,0.47672,0.45691
2026-05-28,143,0.46637,0.52510
2026-05-28,144,0.68683,0.58322
2026-05-28,145,0.50000,0.44320
2026-05-28,146,0.47560,0.45655
2026-05-28,147,0.66926,0.59381
2026-05-28,158,0.65876,0.56362
2026-05-29,108,0.39702,0.42276
2026-05-29,109,0.52405,0.50131
2026-05-29,110,0.42706,0.49497
2026-05-29,111,0.46332,0.51567
2026-05-29,112,0.53176,0.54156
2026-05-29,113,0.44420,0.48013
2026-05-29,114,0.52684,0.50261
2026-05-29,115,0.37190,0.35215
2026-05-29,116,0.43853,0.49871
2026-05-29,117,0.43570,0.50160
2026-05-29,118,0.39534,0.47260
2026-05-29,119,0.72211,0.66570
2026-05-29,120,0.49054,0.43240
2026-05-29,121,0.44775,0.52290
2026-05-29,133,0.44293,0.45857
2026-05-29,134,0.54209,0.50333
2026-05-29,135,0.50205,0.51115
2026-05-29,136,0.54845,0.55118
2026-05-29,137,0.39301,0.46344
2026-05-29,138,0.48283,0.44592
2026-05-29,139,0.55244,0.49710
2026-05-29,140,0.50608,0.51240
2026-05-29,141,0.49612,0.52995
2026-05-29,142,0.47542,0.45660
2026-05-29,143,0.46296,0.52366
2026-05-29,144,0.69153,0.58533
2026-05-29,145,0.50179,0.44410
2026-05-29,146,0.47261,0.45568
2026-05-29,147,0.67661,0.59660
2026-05-29,158,0.65770,0.56384
2026-05-30,108,0.41815,0.42958
2026-05-30,109,0.51643,0.49899
2026-05-30,110,0.43005,0.49558
2026-05-30,111,0.48003,0.52076
2026-05-30,112,0.53998,0.54422
2026-05-30,113,0.43971,0.47848
2026-05-30,114,0.51128,0.49756
2026-05-30,115,0.38239,0.35572
2026-05-30,116,0.42832,0.49501
2026-05-30,117,0.44844,0.50548
2026-05-30,118,0.39596,0.47237
2026-05-30,119,0.71745,0.66449
2026-05-30,120,0.49845,0.43533
2026-05-30,121,0.45804,0.52583
2026-05-30,133,0.44759,0.46000
2026-05-30,134,0.54256,0.50370
2026-05-30,135,0.49201,0.50787
2026-05-30,136,0.55539,0.55345
2026-05-30,137,0.38608,0.46079
2026-05-30,138,0.47370,0.44322
2026-05-30,139,0.53021,0.49043
2026-05-30,140,0.50790,0.51296
2026-05-30,141,0.49431,0.52916
2026-05-30,142,0.47443,0.45638
2026-05-30,143,0.46544,0.52413
2026-05-30,144,0.69380,0.58667
2026-05-30,145,0.51231,0.44785
2026-05-30,146,0.46403,0.45295
2026-05-30,147,0.66993,0.59488
2026-05-30,158,0.64122,0.55919
2026-05-31,108,0.41428,0.42823
2026-05-31,109,0.51443,0.49843
2026-05-31,110,0.43802,0.49787
2026-05-31,111,0.49026,0.52386
2026-05-31,112,0.53263,0.54174
2026-05-31,113,0.44425,0.47975
2026-05-31,114,0.50184,0.49445
2026-05-31,115,0.36605,0.35042
2026-05-31,116,0.42712,0.49424
2026-05-31,117,0.44552,0.50418
2026-05-31,118,0.39241,0.47077
2026-05-31,119,0.72638,0.66774
2026-05-31,120,0.50153,0.43671
2026-05-31,121,0.47569,0.53127
2026-05-31,133,0.44061,0.45763
2026-05-31,134,0.55169,0.50696
2026-05-31,135,0.48819,0.50653
2026-05-31,136,0.55659,0.55386
2026-05-31,137,0.41347,0.46940
2026-05-31,138,0.48146,0.44589
2026-05-31,139,0.53532,0.49228
2026-05-31,140,0.51357,0.51480
2026-05-31,141,0.48705,0.52655
2026-05-31,142,0.46494,0.45331
2026-05-31,143,0.45112,0.51908
2026-05-31,144,0.68729,0.58510
2026-05-31,145,0.51394,0.44875
2026-05-31,146,0.44893,0.44798
2026-05-31,147,0.67274,0.59622
2026-05-31,158,0.64385,0.56050
2026-06-01,108,0.41484,0.42834
2026-06-01,109,0.51961,0.50023
2026-06-01,110,0.43802,0.49787
2026-06-01,111,0.49026,0.52386
2026-06-01,112,0.53263,0.54174
2026-06-01,113,0.43343,0.47598
2026-06-01,114,0.50184,0.49445
2026-06-01,115,0.37079,0.35210
2026-06-01,116,0.43120,0.49524
2026-06-01,117,0.44552,0.50418
2026-06-01,118,0.40682,0.47514
2026-06-01,119,0.71928,0.66569
2026-06-01,120,0.49548,0.43503
2026-06-01,121,0.47414,0.53045
2026-06-01,133,0.44061,0.45763
2026-06-01,134,0.55169,0.50696
2026-06-01,135,0.48819,0.50653
2026-06-01,136,0.55776,0.55427
2026-06-01,137,0.39193,0.46191
2026-06-01,138,0.47980,0.44555
2026-06-01,139,0.53243,0.49160
2026-06-01,140,0.51536,0.51539
2026-06-01,141,0.48705,0.52655
2026-06-01,142,0.47062,0.45529
2026-06-01,143,0.45112,0.51908
2026-06-01,144,0.68729,0.58510
2026-06-01,145,0.50851,0.44730
2026-06-01,146,0.45674,0.45061
2026-06-01,147,0.67274,0.59622
2026-06-01,158,0.66454,0.56763
2026-06-02,108,0.40674,0.42550
2026-06-02,109,0.51748,0.49963
2026-06-02,110,0.44196,0.49887
2026-06-02,111,0.48655,0.52245
2026-06-02,112,0.53065,0.54103
2026-06-02,113,0.43601,0.47660
2026-06-02,114,0.51077,0.49754
2026-06-02,115,0.38187,0.35598
2026-06-02,116,0.44645,0.50009
2026-06-02,117,0.44042,0.50212
2026-06-02,118,0.40639,0.47462
2026-06-02,119,0.71685,0.66517
2026-06-02,120,0.48962,0.43337
2026-06-02,121,0.46563,0.52727
2026-06-02,133,0.44285,0.45828
2026-06-02,134,0.55692,0.50897
2026-06-02,135,0.48639,0.50584
2026-06-02,136,0.56565,0.55698
2026-06-02,137,0.38562,0.45940
2026-06-02,138,0.47481,0.44410
2026-06-02,139,0.51775,0.48704
2026-06-02,140,0.52067,0.51718
2026-06-02,141,0.48541,0.52578
2026-06-02,142,0.47432,0.45664
2026-06-02,143,0.45355,0.51952
2026-06-02,144,0.68641,0.58537
2026-06-02,145,0.50502,0.44646
2026-06-02,146,0.46428,0.45322
2026-06-02,147,0.66090,0.59270
2026-06-02,158,0.66993,0.56993
2026-06-03,108,0.41964,0.42984
2026-06-03,109,0.50517,0.49558
2026-06-03,110,0.43182,0.49510
2026-06-03,111,0.50000,0.52673
2026-06-03,112,0.52849,0.54023
2026-06-03,113,0.43192,0.47500
2026-06-03,114,0.51235,0.49815
2026-06-03,115,0.37402,0.35342
2026-06-03,116,0.45609,0.50311
2026-06-03,117,0.44518,0.50342
2026-06-03,118,0.41284,0.47644
2026-06-03,119,0.72471,0.66813
2026-06-03,120,0.48533,0.43219
2026-06-03,121,0.47684,0.53075
2026-06-03,133,0.44547,0.45908
2026-06-03,134,0.55218,0.50762
2026-06-03,135,0.48464,0.50515
2026-06-03,136,0.55391,0.55299
2026-06-03,137,0.38793,0.45978
2026-06-03,138,0.47874,0.44558
2026-06-03,139,0.50873,0.48424
2026-06-03,140,0.51664,0.51582
2026-06-03,141,0.47853,0.52321
2026-06-03,142,0.46204,0.45251
2026-06-03,143,0.45593,0.51995
2026-06-03,144,0.68951,0.58697
2026-06-03,145,0.51812,0.45125
2026-06-03,146,0.46971,0.45515
2026-06-03,147,0.65672,0.59167
2026-06-03,158,0.66721,0.56959
2026-06-04,108,0.41964,0.42984
2026-06-04,109,0.50682,0.49619
2026-06-04,110,0.44221,0.49833
2026-06-04,111,0.48890,0.52284
2026-06-04,112,0.52954,0.54053
2026-06-04,113,0.43192,0.47500
2026-06-04,114,0.51050,0.49759
2026-06-04,115,0.37402,0.35342
2026-06-04,116,0.45609,0.50311
2026-06-04,117,0.43965,0.50118
2026-06-04,118,0.41819,0.47793
2026-06-04,119,0.72093,0.66714
2026-06-04,120,0.48533,0.43219
2026-06-04,121,0.47684,0.53075
2026-06-04,133,0.44496,0.45883
2026-06-04,134,0.55779,0.50980
2026-06-04,135,0.48118,0.50387
2026-06-04,136,0.55391,0.55299
2026-06-04,137,0.39619,0.46223
2026-06-04,138,0.47874,0.44558
2026-06-04,139,0.50873,0.48424
2026-06-04,140,0.51664,0.51582
2026-06-04,141,0.48768,0.52612
2026-06-04,142,0.45974,0.45176
2026-06-04,143,0.46035,0.52111
2026-06-04,144,0.67898,0.58391
2026-06-04,145,0.51812,0.45125
2026-06-04,146,0.46971,0.45515
2026-06-04,147,0.65705,0.59214
2026-06-04,158,0.65677,0.56666
2026-06-05,108,0.41855,0.42941
2026-06-05,109,0.48502,0.48874
2026-06-05,110,0.45871,0.50377
2026-06-05,111,0.49272,0.52396
2026-06-05,112,0.50478,0.53186
2026-06-05,113,0.42205,0.47140
2026-06-05,114,0.50865,0.49701
2026-06-05,115,0.37387,0.35348
2026-06-05,116,0.46375,0.50552
2026-06-05,117,0.44641,0.50323
2026-06-05,118,0.41607,0.47687
2026-06-05,119,0.72129,0.66756
2026-06-05,120,0.50431,0.43909
2026-06-05,121,0.48591,0.53357
2026-06-05,133,0.43907,0.45673
2026-06-05,134,0.55235,0.50817
2026-06-05,135,0.47211,0.50065
2026-06-05,136,0.54590,0.55020
2026-06-05,137,0.42293,0.47117
2026-06-05,138,0.49133,0.45001
2026-06-05,139,0.51895,0.48778
2026-06-05,140,0.51827,0.51639
2026-06-05,141,0.47088,0.52007
2026-06-05,142,0.46333,0.45306
2026-06-05,143,0.46480,0.52231
2026-06-05,144,0.68084,0.58507
2026-06-05,145,0.51451,0.45037
2026-06-05,146,0.46013,0.45189
2026-06-05,147,0.65162,0.59062
2026-06-05,158,0.65610,0.56693
2026-06-06,108,0.40931,0.42610
2026-06-06,109,0.47701,0.48594
2026-06-06,110,0.45636,0.50270
2026-06-06,111,0.49272,0.52396
2026-06-06,112,0.50631,0.53225
2026-06-06,113,0.42184,0.47106
2026-06-06,114,0.51879,0.50067
2026-06-06,115,0.36698,0.35117
2026-06-06,116,0.45729,0.50303
2026-06-06,117,0.46398,0.50915
2026-06-06,118,0.41861,0.47744
2026-06-06,119,0.72769,0.67010
2026-06-06,120,0.51137,0.44192
2026-06-06,121,0.48432,0.53276
2026-06-06,133,0.42293,0.45102
2026-06-06,134,0.54706,0.50655
2026-06-06,135,0.47428,0.50124
2026-06-06,136,0.55240,0.55247
2026-06-06,137,0.42216,0.47064
2026-06-06,138,0.49320,0.45087
2026-06-06,139,0.51700,0.48730
2026-06-06,140,0.50722,0.51255
2026-06-06,141,0.47475,0.52116
2026-06-06,142,0.46218,0.45271
2026-06-06,143,0.46020,0.52040
2026-06-06,144,0.68264,0.58622
2026-06-06,145,0.51905,0.45230
2026-06-06,146,0.46229,0.45270
2026-06-06,147,0.65162,0.59062
2026-06-06,158,0.66346,0.56993
2026-06-07,108,0.42336,0.43100
2026-06-07,109,0.48377,0.48826
2026-06-07,110,0.45407,0.50164
2026-06-07,111,0.48386,0.52074
2026-06-07,112,0.50469,0.53154
2026-06-07,113,0.41981,0.47009
2026-06-07,114,0.50168,0.49463
2026-06-07,115,0.35873,0.34832
2026-06-07,116,0.45965,0.50362
2026-06-07,117,0.45692,0.50638
2026-06-07,118,0.42169,0.47821
2026-06-07,119,0.71057,0.66433
2026-06-07,120,0.50563,0.44025
2026-06-07,121,0.49144,0.53500
2026-06-07,133,0.43160,0.45391
2026-06-07,134,0.54510,0.50607
2026-06-07,135,0.46756,0.49876
2026-06-07,136,0.54983,0.55155
2026-06-07,137,0.42433,0.47115
2026-06-07,138,0.49665,0.45229
2026-06-07,139,0.51177,0.48568
2026-06-07,140,0.52478,0.51869
2026-06-07,141,0.47849,0.52224
2026-06-07,142,0.46132,0.45245
2026-06-07,143,0.46786,0.52276
2026-06-07,144,0.68231,0.58663
2026-06-07,145,0.51244,0.45034
2026-06-07,146,0.46754,0.45461
2026-06-07,147,0.65750,0.59300
2026-06-07,158,0.67196,0.57336
2026-06-08,108,0.42298,0.43082
2026-06-08,109,0.48377,0.48826
2026-06-08,110,0.45035,0.50005
2026-06-08,111,0.48047,0.51936
2026-06-08,112,0.50469,0.53154
2026-06-08,113,0.41478,0.46805
2026-06-08,114,0.49835,0.49347
2026-06-08,115,0.35873,0.34832
2026-06-08,116,0.45965,0.50362
2026-06-08,117,0.45899,0.50687
2026-06-08,118,0.42169,0.47821
2026-06-08,119,0.71057,0.66433
2026-06-08,120,0.50695,0.44108
2026-06-08,121,0.49144,0.53500
2026-06-08,133,0.43265,0.45417
2026-06-08,134,0.54510,0.50607
2026-06-08,135,0.47515,0.50126
2026-06-08,136,0.55407,0.55306
2026-06-08,137,0.42373,0.47068
2026-06-08,138,0.49665,0.45229
2026-06-08,139,0.51498,0.48693
2026-06-08,140,0.52478,0.51869
2026-06-08,141,0.47387,0.52035
2026-06-08,142,0.46132,0.45245
2026-06-08,143,0.47329,0.52439
2026-06-08,144,0.68231,0.58663
2026-06-08,145,0.51244,0.45034
2026-06-08,146,0.46754,0.45461
2026-06-08,147,0.65762,0.59339
2026-06-08,158,0.66689,0.57213
2026-06-09,108,0.43722,0.43593
2026-06-09,109,0.47782,0.48613
2026-06-09,110,0.44971,0.49955
2026-06-09,111,0.47899,0.51863
2026-06-09,112,0.49846,0.52916
2026-06-09,113,0.41894,0.46924
2026-06-09,114,0.49674,0.49291
2026-06-09,115,0.36617,0.35104
2026-06-09,116,0.47039,0.50723
2026-06-09,117,0.44673,0.50214
2026-06-09,118,0.42598,0.47945
2026-06-09,119,0.71877,0.66752
2026-06-09,120,0.51098,0.44289
2026-06-09,121,0.47975,0.53062
2026-06-09,133,0.43683,0.45555
2026-06-09,134,0.53095,0.50121
2026-06-09,135,0.47205,0.50002
2026-06-09,136,0.55472,0.55330
2026-06-09,137,0.42030,0.46919
2026-06-09,138,0.50827,0.45657
2026-06-09,139,0.51643,0.48758
2026-06-09,140,0.52091,0.51736
2026-06-09,141,0.47576,0.52079
2026-06-09,142,0.45335,0.44962
2026-06-09,143,0.47192,0.52363
2026-06-09,144,0.67782,0.58553
2026-06-09,145,0.51375,0.45114
2026-06-09,146,0.47464,0.45722
2026-06-09,147,0.65755,0.59371
2026-06-09,158,0.66098,0.57057
2026-06-10,108,0.43925,0.43668
2026-06-10,109,0.46564,0.48172
2026-06-10,110,0.45745,0.50212
2026-06-10,111,0.47600,0.51735
2026-06-10,112,0.49695,0.52845
2026-06-10,113,0.41862,0.46885
2026-06-10,114,0.49042,0.49060
2026-06-10,115,0.36873,0.35205
2026-06-10,116,0.46766,0.50605
2026-06-10,117,0.44581,0.50151
2026-06-10,118,0.42405,0.47847
2026-06-10,119,0.71244,0.66550
2026-06-10,120,0.50937,0.44266
2026-06-10,121,0.46855,0.52633
2026-06-10,133,0.43906,0.45626
2026-06-10,134,0.53169,0.50163
2026-06-10,135,0.47422,0.50065
2026-06-10,136,0.54574,0.55003
2026-06-10,137,0.42398,0.47028
2026-06-10,138,0.51948,0.46079
2026-06-10,139,0.51933,0.48876
2026-06-10,140,0.52396,0.51847
2026-06-10,141,0.47143,0.51897
2026-06-10,142,0.45691,0.45093
2026-06-10,143,0.47729,0.52530
2026-06-10,144,0.67508,0.58503
2026-06-10,145,0.51516,0.45198
2026-06-10,146,0.48749,0.46196
2026-06-10,147,0.66063,0.59516
2026-06-10,158,0.65759,0.56985
2026-06-11,108,0.43925,0.43668
2026-06-11,109,0.46278,0.48060
2026-06-11,110,0.46093,0.50316
2026-06-11,111,0.47600,0.51735
2026-06-11,112,0.50599,0.53158
2026-06-11,113,0.41862,0.46885
2026-06-11,114,0.49042,0.49060
2026-06-11,115,0.36288,0.35000
2026-06-11,116,0.48569,0.51243
2026-06-11,117,0.44581,0.50151
2026-06-11,118,0.42182,0.47736
2026-06-11,119,0.71110,0.66526
2026-06-11,120,0.50937,0.44266
2026-06-11,121,0.47066,0.52679
2026-06-11,133,0.43906,0.45626
2026-06-11,134,0.52828,0.50055
2026-06-11,135,0.47422,0.50065
2026-06-11,136,0.54167,0.54851
2026-06-11,137,0.42398,0.47028
2026-06-11,138,0.51758,0.46043
2026-06-11,139,0.51933,0.48876
2026-06-11,140,0.52705,0.51961
2026-06-11,141,0.47143,0.51897
2026-06-11,142,0.44211,0.44552
2026-06-11,143,0.47729,0.52530
2026-06-11,144,0.67508,0.58503
2026-06-11,145,0.51516,0.45198
2026-06-11,146,0.49068,0.46326
2026-06-11,147,0.66063,0.59516
2026-06-11,158,0.65759,0.56985
2026-06-12,108,0.44137,0.43747
2026-06-12,109,0.46782,0.48235
2026-06-12,110,0.46697,0.50519
2026-06-12,111,0.49158,0.52272
2026-06-12,112,0.51185,0.53361
2026-06-12,113,0.41518,0.46734
2026-06-12,114,0.49210,0.49122
2026-06-12,115,0.36215,0.34980
2026-06-12,116,0.48426,0.51176
2026-06-12,117,0.44981,0.50271
2026-06-12,118,0.42076,0.47668
2026-06-12,119,0.70004,0.66143
2026-06-12,120,0.49868,0.43907
2026-06-12,121,0.47442,0.52787
2026-06-12,133,0.44289,0.45756
2026-06-12,134,0.52089,0.49797
2026-06-12,135,0.46793,0.49823
2026-06-12,136,0.55341,0.55284
2026-06-12,137,0.41897,0.46819
2026-06-12,138,0.51559,0.46003
2026-06-12,139,0.51750,0.48827
2026-06-12,140,0.51162,0.51402
2026-06-12,141,0.47666,0.52064
2026-06-12,142,0.44472,0.44647
2026-06-12,143,0.46795,0.52163
2026-06-12,144,0.66918,0.58335
2026-06-12,145,0.52388,0.45547
2026-06-12,146,0.49847,0.46628
2026-06-12,147,0.65322,0.59282
2026-06-12,158,0.66450,0.57280
2026-06-13,108,0.45335,0.44195
2026-06-13,109,0.46655,0.48180
2026-06-13,110,0.45940,0.50215
2026-06-13,111,0.49669,0.52440
2026-06-13,112,0.51902,0.53616
2026-06-13,113,0.41727,0.46783
2026-06-13,114,0.49530,0.49242
2026-06-13,115,0.36172,0.34971
2026-06-13,116,0.48129,0.51051
2026-06-13,117,0.45214,0.50330
2026-06-13,118,0.42096,0.47646
2026-06-13,119,0.70555,0.66367
2026-06-13,120,0.50520,0.44181
2026-06-13,121,0.47148,0.52650
2026-06-13,133,0.44672,0.45890
2026-06-13,134,0.52208,0.49853
2026-06-13,135,0.47848,0.50192
2026-06-13,136,0.54481,0.54962
2026-06-13,137,0.41274,0.46561
2026-06-13,138,0.51983,0.46185
2026-06-13,139,0.50471,0.48385
2026-06-13,140,0.50654,0.51213
2026-06-13,141,0.47378,0.51934
2026-06-13,142,0.44173,0.44534
2026-06-13,143,0.47030,0.52222
2026-06-13,144,0.67060,0.58433
2026-06-13,145,0.51474,0.45249
2026-06-13,146,0.49698,0.46589
2026-06-13,147,0.65481,0.59373
2026-06-13,158,0.65940,0.57144
2026-06-14,108,0.44714,0.43968
2026-06-14,109,0.46998,0.48300
2026-06-14,110,0.45584,0.50058
2026-06-14,111,0.49349,0.52308
2026-06-14,112,0.51303,0.53382
2026-06-14,113,0.41545,0.46689
2026-06-14,114,0.49530,0.49242
2026-06-14,115,0.38381,0.35805
2026-06-14,116,0.48129,0.51051
2026-06-14,117,0.44712,0.50114
2026-06-14,118,0.42748,0.47862
2026-06-14,119,0.70005,0.66183
2026-06-14,120,0.51664,0.44643
2026-06-14,121,0.48283,0.53043
2026-06-14,133,0.42944,0.45241
2026-06-14,134,0.51912,0.49755
2026-06-14,135,0.48366,0.50371
2026-06-14,136,0.53041,0.54414
2026-06-14,137,0.41933,0.46781
2026-06-14,138,0.51804,0.46151
2026-06-14,139,0.51234,0.48672
2026-06-14,140,0.50964,0.51326
2026-06-14,141,0.46666,0.51644
2026-06-14,142,0.44381,0.44610
2026-06-14,143,0.46438,0.51974
2026-06-14,144,0.65845,0.58026
2026-06-14,145,0.51742,0.45381
2026-06-14,146,0.50000,0.46719
2026-06-14,147,0.65941,0.59574
2026-06-14,158,0.66364,0.57346
2026-06-15,108,0.44636,0.43942
2026-06-15,109,0.47182,0.48362
2026-06-15,110,0.45584,0.50058
2026-06-15,111,0.49349,0.52308
2026-06-15,112,0.51428,0.53419
2026-06-15,113,0.43391,0.47349
2026-06-15,114,0.49530,0.49242
2026-06-15,115,0.38397,0.35825
2026-06-15,116,0.49081,0.51393
2026-06-15,117,0.43999,0.49814
2026-06-15,118,0.42280,0.47658
2026-06-15,119,0.69918,0.66170
2026-06-15,120,0.52148,0.44862
2026-06-15,121,0.46478,0.52342
2026-06-15,133,0.44279,0.45730
2026-06-15,134,0.50672,0.49297
2026-06-15,135,0.47893,0.50184
2026-06-15,136,0.53041,0.54414
2026-06-15,137,0.41933,0.46781
2026-06-15,138,0.52238,0.46340
2026-06-15,139,0.51066,0.48624
2026-06-15,140,0.50635,0.51201
2026-06-15,141,0.46666,0.51644
2026-06-15,142,0.44699,0.44730
2026-06-15,143,0.47551,0.52363
2026-06-15,144,0.65845,0.58026
2026-06-15,145,0.51742,0.45381
2026-06-15,146,0.48965,0.46344
2026-06-15,147,0.65941,0.59574
2026-06-15,158,0.66364,0.57346
2026-06-16,108,0.45643,0.44330
2026-06-16,109,0.46192,0.47981
2026-06-16,110,0.45354,0.49947
2026-06-16,111,0.48554,0.52000
2026-06-16,112,0.50988,0.53241
2026-06-16,113,0.43755,0.47464
2026-06-16,114,0.49378,0.49186
2026-06-16,115,0.38884,0.36024
2026-06-16,116,0.48788,0.51270
2026-06-16,117,0.44320,0.49908
2026-06-16,118,0.42110,0.47566
2026-06-16,119,0.69957,0.66204
2026-06-16,120,0.52369,0.44984
2026-06-16,121,0.46223,0.52215
2026-06-16,133,0.44231,0.45704
2026-06-16,134,0.50794,0.49350
2026-06-16,135,0.47755,0.50121
2026-06-16,136,0.53316,0.54512
2026-06-16,137,0.42745,0.47063
2026-06-16,138,0.52364,0.46418
2026-06-16,139,0.50909,0.48579
2026-06-16,140,0.49067,0.50605
2026-06-16,141,0.47454,0.51916
2026-06-16,142,0.46088,0.45265
2026-06-16,143,0.48493,0.52694
2026-06-16,144,0.64930,0.57724
2026-06-16,145,0.50285,0.44872
2026-06-16,146,0.48108,0.46031
2026-06-16,147,0.67017,0.60007
2026-06-16,158,0.66386,0.57401
2026-06-17,108,0.44763,0.43998
2026-06-17,109,0.47254,0.48377
2026-06-17,110,0.45669,0.50045
2026-06-17,111,0.48087,0.51808
2026-06-17,112,0.51247,0.53329
2026-06-17,113,0.42737,0.47060
2026-06-17,114,0.48628,0.48901
2026-06-17,115,0.38822,0.36015
2026-06-17,116,0.48502,0.51148
2026-06-17,117,0.44634,0.50001
2026-06-17,118,0.42769,0.47791
2026-06-17,119,0.69831,0.66175
2026-06-17,120,0.51850,0.44822
2026-06-17,121,0.47469,0.52659
2026-06-17,133,0.43298,0.45341
2026-06-17,134,0.51817,0.49751
2026-06-17,135,0.48575,0.50418
2026-06-17,136,0.52975,0.54375
2026-06-17,137,0.43142,0.47192
2026-06-17,138,0.51607,0.46165
2026-06-17,139,0.50747,0.48531
2026-06-17,140,0.49067,0.50605
2026-06-17,141,0.47918,0.52070
2026-06-17,142,0.46088,0.45265
2026-06-17,143,0.47348,0.52236
2026-06-17,144,0.64404,0.57562
2026-06-17,145,0.49581,0.44637
2026-06-17,146,0.49288,0.46495
2026-06-17,147,0.67354,0.60170
2026-06-17,158,0.66772,0.57592
2026-06-18,108,0.44147,0.43763
2026-06-18,109,0.47254,0.48377
2026-06-18,110,0.45309,0.49883
2026-06-18,111,0.47954,0.51739
2026-06-18,112,0.51247,0.53329
2026-06-18,113,0.42737,0.47060
2026-06-18,114,0.48944,0.49022
2026-06-18,115,0.38822,0.36015
2026-06-18,116,0.48502,0.51148
2026-06-18,117,0.44634,0.50001
2026-06-18,118,0.44046,0.48261
2026-06-18,119,0.69831,0.66175
2026-06-18,120,0.51850,0.44822
2026-06-18,121,0.47801,0.52760
2026-06-18,133,0.44002,0.45601
2026-06-18,134,0.51817,0.49751
2026-06-18,135,0.48575,0.50418
2026-06-18,136,0.53396,0.54531
2026-06-18,137,0.43142,0.47192
2026-06-18,138,0.50427,0.45747
2026-06-18,139,0.50747,0.48531
2026-06-18,140,0.48169,0.50254
2026-06-18,141,0.48089,0.52114
2026-06-18,142,0.46916,0.45590
2026-06-18,143,0.47098,0.52115
2026-06-18,144,0.64404,0.57562
2026-06-18,145,0.50138,0.44873
2026-06-18,146,0.49288,0.46495
2026-06-18,147,0.66649,0.59941
2026-06-18,158,0.66339,0.57477
2026-06-19,108,0.44170,0.43774
2026-06-19,109,0.47873,0.48610
2026-06-19,110,0.45247,0.49836
2026-06-19,111,0.48602,0.51965
2026-06-19,112,0.53114,0.54042
2026-06-19,113,0.42118,0.46802
2026-06-19,114,0.48075,0.48684
2026-06-19,115,0.39053,0.36118
2026-06-19,116,0.48668,0.51198
2026-06-19,117,0.45486,0.50307
2026-06-19,118,0.44272,0.48327
2026-06-19,119,0.69669,0.66131
2026-06-19,120,0.51466,0.44709
2026-06-19,121,0.47801,0.52760
2026-06-19,133,0.44280,0.45700
2026-06-19,134,0.51670,0.49705
2026-06-19,135,0.48299,0.50304
2026-06-19,136,0.52770,0.54281
2026-06-19,137,0.43081,0.47148
2026-06-19,138,0.50280,0.45715
2026-06-19,139,0.51180,0.48705
2026-06-19,140,0.48508,0.50374
2026-06-19,141,0.46130,0.51334
2026-06-19,142,0.46464,0.45420
2026-06-19,143,0.47098,0.52115
2026-06-19,144,0.64410,0.57600
2026-06-19,145,0.50000,0.44847
2026-06-19,146,0.49437,0.46567
2026-06-19,147,0.67162,0.60171
2026-06-19,158,0.66061,0.57418
2026-06-20,108,0.45123,0.44152
2026-06-20,109,0.46834,0.48203
2026-06-20,110,0.45414,0.49878
2026-06-20,111,0.49232,0.52188
2026-06-20,112,0.52793,0.53912
2026-06-20,113,0.43323,0.47241
2026-06-20,114,0.49124,0.49091
2026-06-20,115,0.39241,0.36207
2026-06-20,116,0.49120,0.51361
2026-06-20,117,0.44654,0.49954
2026-06-20,118,0.44272,0.48327
2026-06-20,119,0.69380,0.66036
2026-06-20,120,0.51572,0.44785
2026-06-20,121,0.46139,0.52091
2026-06-20,133,0.43465,0.45374
2026-06-20,134,0.51531,0.49660
2026-06-20,135,0.48630,0.50421
2026-06-20,136,0.52165,0.54035
2026-06-20,137,0.42765,0.47005
2026-06-20,138,0.50280,0.45715
2026-06-20,139,0.51021,0.48658
2026-06-20,140,0.48237,0.50259
2026-06-20,141,0.46484,0.51446
2026-06-20,142,0.47537,0.45848
2026-06-20,143,0.48866,0.52774
2026-06-20,144,0.64386,0.57625
2026-06-20,145,0.49594,0.44718
2026-06-20,146,0.49861,0.46748
2026-06-20,147,0.65847,0.59701
2026-06-20,158,0.65756,0.57346
2026-06-21,108,0.45465,0.44292
2026-06-21,109,0.46594,0.48102
2026-06-21,110,0.46862,0.50431
2026-06-21,111,0.48934,0.52058
2026-06-21,112,0.52793,0.53912
2026-06-21,113,0.43784,0.47400
2026-06-21,114,0.48985,0.49036
2026-06-21,115,0.39175,0.36196
2026-06-21,116,0.49277,0.51411
2026-06-21,117,0.44814,0.49991
2026-06-21,118,0.44155,0.48261
2026-06-21,119,0.67703,0.65392
2026-06-21,120,0.51437,0.44766
2026-06-21,121,0.45624,0.51859
2026-06-21,133,0.43338,0.45315
2026-06-21,134,0.51757,0.49759
2026-06-21,135,0.48496,0.50360
2026-06-21,136,0.52433,0.54132
2026-06-21,137,0.42680,0.46950
2026-06-21,138,0.50546,0.45841
2026-06-21,139,0.51153,0.48720
2026-06-21,140,0.48403,0.50314
2026-06-21,141,0.46484,0.51446
2026-06-21,142,0.47803,0.45962
2026-06-21,143,0.49440,0.52979
2026-06-21,144,0.63470,0.57305
2026-06-21,145,0.49465,0.44693
2026-06-21,146,0.50000,0.46818
2026-06-21,147,0.65319,0.59528
2026-06-21,158,0.66137,0.57536
2026-06-22,108,0.44890,0.44068
2026-06-22,109,0.46489,0.48053
2026-06-22,110,0.47514,0.50674
2026-06-22,111,0.48794,0.51987
2026-06-22,112,0.52793,0.53912
2026-06-22,113,0.43692,0.47346
2026-06-22,114,0.48858,0.48986
2026-06-22,115,0.39377,0.36291
2026-06-22,116,0.49572,0.51516
2026-06-22,117,0.44612,0.49885
2026-06-22,118,0.44325,0.48308
2026-06-22,119,0.67715,0.65409
2026-06-22,120,0.51782,0.44937
2026-06-22,121,0.45624,0.51859
2026-06-22,133,0.43338,0.45315
2026-06-22,134,0.51757,0.49759
2026-06-22,135,0.48653,0.50412
2026-06-22,136,0.52433,0.54132
2026-06-22,137,0.42680,0.46950
2026-06-22,138,0.50676,0.45915
2026-06-22,139,0.51002,0.48675
2026-06-22,140,0.48565,0.50368
2026-06-22,141,0.46797,0.51544
2026-06-22,142,0.47696,0.45928
2026-06-22,143,0.49029,0.52799
2026-06-22,144,0.63274,0.57259
2026-06-22,145,0.49605,0.44771
2026-06-22,146,0.49863,0.46780
2026-06-22,147,0.64882,0.59386
2026-06-22,158,0.66160,0.57588
2026-06-23,108,0.45428,0.44289
2026-06-23,109,0.46660,0.48113
2026-06-23,110,0.47045,0.50469
2026-06-23,111,0.49255,0.52151
2026-06-23,112,0.53133,0.54040
2026-06-23,113,0.43463,0.47237
2026-06-23,114,0.48725,0.48932
2026-06-23,115,0.39131,0.36209
2026-06-23,116,0.49435,0.51452
2026-06-23,117,0.44955,0.49997
2026-06-23,118,0.45341,0.48694
2026-06-23,119,0.68490,0.65730
2026-06-23,120,0.51161,0.44722
2026-06-23,121,0.45296,0.51699
2026-06-23,133,0.43144,0.45228
2026-06-23,134,0.51618,0.49714
2026-06-23,135,0.48825,0.50470
2026-06-23,136,0.52553,0.54171
2026-06-23,137,0.43003,0.47056
2026-06-23,138,0.50535,0.45884
2026-06-23,139,0.50000,0.48298
2026-06-23,140,0.48303,0.50255
2026-06-23,141,0.46591,0.51438
2026-06-23,142,0.46663,0.45521
2026-06-23,143,0.49730,0.53059
2026-06-23,144,0.62918,0.57149
2026-06-23,145,0.49738,0.44848
2026-06-23,146,0.50135,0.46904
2026-06-23,147,0.64853,0.59403
2026-06-23,158,0.66325,0.57697
2026-06-24,108,0.45619,0.44372
2026-06-24,109,0.47371,0.48391
2026-06-24,110,0.46969,0.50421
2026-06-24,111,0.48978,0.52028
2026-06-24,112,0.54536,0.54592
2026-06-24,113,0.43428,0.47204
2026-06-24,114,0.48879,0.48993
2026-06-24,115,0.39525,0.36382
2026-06-24,116,0.49162,0.51333
2026-06-24,117,0.45234,0.50085
2026-06-24,118,0.45138,0.48596
2026-06-24,119,0.68426,0.65718
2026-06-24,120,0.51033,0.44703
2026-06-24,121,0.43874,0.51065
2026-06-24,133,0.43066,0.45186
2026-06-24,134,0.52819,0.50204
2026-06-24,135,0.49274,0.50641
2026-06-24,136,0.51116,0.53584
2026-06-24,137,0.43182,0.47106
2026-06-24,138,0.49868,0.45645
2026-06-24,139,0.50277,0.48415
2026-06-24,140,0.48040,0.50140
2026-06-24,141,0.46347,0.51317
2026-06-24,142,0.46577,0.45492
2026-06-24,143,0.49867,0.53097
2026-06-24,144,0.62389,0.56968
2026-06-24,145,0.49611,0.44823
2026-06-24,146,0.50400,0.47027
2026-06-24,147,0.64967,0.59475
2026-06-24,158,0.66217,0.57698
2026-06-25,108,0.45619,0.44372
2026-06-25,109,0.47371,0.48391
2026-06-25,110,0.46969,0.50421
2026-06-25,111,0.49424,0.52189
2026-06-25,112,0.54614,0.54624
2026-06-25,113,0.43428,0.47204
2026-06-25,114,0.48879,0.48993
2026-06-25,115,0.39525,0.36382
2026-06-25,116,0.49029,0.51268
2026-06-25,117,0.45384,0.50123
2026-06-25,118,0.43851,0.48056
2026-06-25,119,0.68426,0.65718
2026-06-25,120,0.50452,0.44498
2026-06-25,121,0.43807,0.51003
2026-06-25,133,0.43538,0.45366
2026-06-25,134,0.53279,0.50402
2026-06-25,135,0.49274,0.50641
2026-06-25,136,0.50553,0.53343
2026-06-25,137,0.42918,0.46981
2026-06-25,138,0.49868,0.45645
2026-06-25,139,0.51762,0.49009
2026-06-25,140,0.48208,0.50197
2026-06-25,141,0.46268,0.51260
2026-06-25,142,0.46577,0.45492
2026-06-25,143,0.50523,0.53345
2026-06-25,144,0.62389,0.56968
2026-06-25,145,0.49611,0.44823
2026-06-25,146,0.50400,0.47027
2026-06-25,147,0.64407,0.59279
2026-06-25,158,0.66217,0.57698
2026-06-26,108,0.44965,0.44111
2026-06-26,109,0.46750,0.48135
2026-06-26,110,0.47230,0.50511
2026-06-26,111,0.50142,0.52463
2026-06-26,112,0.54072,0.54404
2026-06-26,113,0.43773,0.47323
2026-06-26,114,0.48610,0.48883
2026-06-26,115,0.39596,0.36426
2026-06-26,116,0.50137,0.51707
2026-06-26,117,0.44477,0.49726
2026-06-26,118,0.41462,0.47059
2026-06-26,119,0.67515,0.65362
2026-06-26,120,0.50225,0.44435
2026-06-26,121,0.43718,0.50931
2026-06-26,133,0.44331,0.45679
2026-06-26,134,0.52999,0.50303
2026-06-26,135,0.50143,0.50981
2026-06-26,136,0.50822,0.53440
2026-06-26,137,0.42713,0.46879
2026-06-26,138,0.49347,0.45459
2026-06-26,139,0.52413,0.49282
2026-06-26,140,0.48367,0.50252
2026-06-26,141,0.46184,0.51201
2026-06-26,142,0.46754,0.45569
2026-06-26,143,0.50650,0.53383
2026-06-26,144,0.62555,0.57062
2026-06-26,145,0.52271,0.45911
2026-06-26,146,0.50926,0.47257
2026-06-26,147,0.63636,0.58993
2026-06-26,158,0.66530,0.57865
2026-06-27,108,0.45368,0.44281
2026-06-27,109,0.46523,0.48036
2026-06-27,110,0.47138,0.50457
2026-06-27,111,0.50564,0.52621
2026-06-27,112,0.54749,0.54679
2026-06-27,113,0.44144,0.47455
2026-06-27,114,0.48763,0.48944
2026-06-27,115,0.40073,0.36637
2026-06-27,116,0.49865,0.51588
2026-06-27,117,0.44799,0.49834
2026-06-27,118,0.41395,0.47004
2026-06-27,119,0.68561,0.65800
2026-06-27,120,0.50334,0.44508
2026-06-27,121,0.44303,0.51135
2026-06-27,133,0.44036,0.45551
2026-06-27,134,0.52711,0.50198
2026-06-27,135,0.48460,0.50299
2026-06-27,136,0.50678,0.53367
2026-06-27,137,0.43414,0.47142
2026-06-27,138,0.48836,0.45275
2026-06-27,139,0.52655,0.49394
2026-06-27,140,0.48794,0.50417
2026-06-27,141,0.45851,0.51041
2026-06-27,142,0.46458,0.45453
2026-06-27,143,0.50128,0.53156
2026-06-27,144,0.61805,0.56787
2026-06-27,145,0.52382,0.45987
2026-06-27,146,0.51441,0.47486
2026-06-27,147,0.63150,0.58819
2026-06-27,158,0.65583,0.57529
2026-06-28,108,0.45756,0.44447
2026-06-28,109,0.46047,0.47834
2026-06-28,110,0.46938,0.50358
2026-06-28,111,0.50696,0.52665
2026-06-28,112,0.54823,0.54710
2026-06-28,113,0.43614,0.47223
2026-06-28,114,0.48917,0.49007
2026-06-28,115,0.40036,0.36639
2026-06-28,116,0.49603,0.51472
2026-06-28,117,0.45103,0.49936
2026-06-28,118,0.41611,0.47066
2026-06-28,119,0.68630,0.65842
2026-06-28,120,0.50550,0.44626
2026-06-28,121,0.44246,0.51078
2026-06-28,133,0.43736,0.45421
2026-06-28,134,0.53252,0.50433
2026-06-28,135,0.48199,0.50184
2026-06-28,136,0.50534,0.53295
2026-06-28,137,0.43596,0.47198
2026-06-28,138,0.48972,0.45347
2026-06-28,139,0.53155,0.49612
2026-06-28,140,0.48937,0.50468
2026-06-28,141,0.45757,0.50977
2026-06-28,142,0.46598,0.45516
2026-06-28,143,0.50254,0.53193
2026-06-28,144,0.61577,0.56719
2026-06-28,145,0.52230,0.45957
2026-06-28,146,0.51302,0.47448
2026-06-28,147,0.62869,0.58726
2026-06-28,158,0.65305,0.57457
2026-06-29,108,0.45335,0.44278
2026-06-29,109,0.46220,0.47897
2026-06-29,110,0.46278,0.50066
2026-06-29,111,0.51099,0.52820
2026-06-29,112,0.54905,0.54744
2026-06-29,113,0.43438,0.47134
2026-06-29,114,0.48530,0.48846
2026-06-29,115,0.39881,0.36591
2026-06-29,116,0.50131,0.51682
2026-06-29,117,0.45042,0.49887
2026-06-29,118,0.41611,0.47066
2026-06-29,119,0.68916,0.65974
2026-06-29,120,0.50218,0.44516
2026-06-29,121,0.44156,0.51007
2026-06-29,133,0.43258,0.45214
2026-06-29,134,0.53646,0.50610
2026-06-29,135,0.48078,0.50124
2026-06-29,136,0.51056,0.53499
2026-06-29,137,0.43548,0.47161
2026-06-29,138,0.48972,0.45347
2026-06-29,139,0.53155,0.49612
2026-06-29,140,0.49344,0.50629
2026-06-29,141,0.45912,0.51015
2026-06-29,142,0.46747,0.45584
2026-06-29,143,0.49751,0.52970
2026-06-29,144,0.61577,0.56719
2026-06-29,145,0.52935,0.46276
2026-06-29,146,0.51658,0.47614
2026-06-29,147,0.62216,0.58477
2026-06-29,158,0.65379,0.57526
2026-06-30,108,0.44821,0.44067
2026-06-30,109,0.47014,0.48217
2026-06-30,110,0.45642,0.49780
2026-06-30,111,0.50136,0.52415
2026-06-30,112,0.55053,0.54807
2026-06-30,113,0.42908,0.46897
2026-06-30,114,0.48279,0.48740
2026-06-30,115,0.38886,0.36191
2026-06-30,116,0.50901,0.51995
2026-06-30,117,0.45327,0.49984
2026-06-30,118,0.41045,0.46803
2026-06-30,119,0.69320,0.66157
2026-06-30,120,0.50969,0.44860
2026-06-30,121,0.44569,0.51146
2026-06-30,133,0.42678,0.44963
2026-06-30,134,0.52709,0.50234
2026-06-30,135,0.47848,0.50020
2026-06-30,136,0.51691,0.53754
2026-06-30,137,0.42888,0.46870
2026-06-30,138,0.49238,0.45473
2026-06-30,139,0.53873,0.49921
2026-06-30,140,0.49610,0.50734
2026-06-30,141,0.45558,0.50843
2026-06-30,142,0.46562,0.45512
2026-06-30,143,0.50738,0.53366
2026-06-30,144,0.61192,0.56586
2026-06-30,145,0.53615,0.46588
2026-06-30,146,0.52999,0.48194
2026-06-30,147,0.61312,0.58121
2026-06-30,158,0.65793,0.57734
2026-07-01,108,0.44821,0.44067
2026-07-01,109,0.46806,0.48125
2026-07-01,110,0.46249,0.50017
2026-07-01,111,0.49066,0.51960
2026-07-01,112,0.57195,0.55708
2026-07-01,113,0.42731,0.46804
2026-07-01,114,0.48958,0.49023
2026-07-01,115,0.39311,0.36383
2026-07-01,116,0.51399,0.52200
2026-07-01,117,0.44825,0.49748
2026-07-01,118,0.40645,0.46607
2026-07-01,119,0.68472,0.65816
2026-07-01,120,0.51807,0.45243
2026-07-01,121,0.43907,0.50836
2026-07-01,133,0.43413,0.45261
2026-07-01,134,0.52221,0.50041
2026-07-01,135,0.45310,0.48957
2026-07-01,136,0.51691,0.53754
2026-07-01,137,0.43222,0.46990
2026-07-01,138,0.48741,0.45288
2026-07-01,139,0.54356,0.50137
2026-07-01,140,0.48977,0.50463
2026-07-01,141,0.46372,0.51159
2026-07-01,142,0.47151,0.45766
2026-07-01,143,0.51207,0.53551
2026-07-01,144,0.61592,0.56773
2026-07-01,145,0.52984,0.46361
2026-07-01,146,0.52594,0.48047
2026-07-01,147,0.60710,0.57885
2026-07-01,158,0.65890,0.57813
2026-07-02,108,0.44728,0.44031
2026-07-02,109,0.46806,0.48125
2026-07-02,110,0.46249,0.50017
2026-07-02,111,0.49066,0.51960
2026-07-02,112,0.57195,0.55708
2026-07-02,113,0.43407,0.47067
2026-07-02,114,0.49102,0.49083
2026-07-02,115,0.40522,0.36909
2026-07-02,116,0.50625,0.51868
2026-07-02,117,0.44825,0.49748
2026-07-02,118,0.40390,0.46471
2026-07-02,119,0.68654,0.65905
2026-07-02,120,0.51807,0.45243
2026-07-02,121,0.43907,0.50836
2026-07-02,133,0.43413,0.45261
2026-07-02,134,0.52751,0.50275
2026-07-02,135,0.44779,0.48718
2026-07-02,136,0.51813,0.53796
2026-07-02,137,0.43222,0.46990
2026-07-02,138,0.49506,0.45620
2026-07-02,139,0.54690,0.50296
2026-07-02,140,0.49749,0.50782
2026-07-02,141,0.46372,0.51159
2026-07-02,142,0.47151,0.45766
2026-07-02,143,0.50598,0.53282
2026-07-02,144,0.60633,0.56399
2026-07-02,145,0.52828,0.46328
2026-07-02,146,0.51332,0.47535
2026-07-02,147,0.60710,0.57885
2026-07-02,158,0.65128,0.57537
2026-07-03,108,0.44438,0.43911
2026-07-03,109,0.46486,0.47984
2026-07-03,110,0.46609,0.50152
2026-07-03,111,0.49472,0.52116
2026-07-03,112,0.55282,0.54906
2026-07-03,113,0.43092,0.46917
2026-07-03,114,0.49238,0.49141
2026-07-03,115,0.41904,0.37515
2026-07-03,116,0.50625,0.51868
2026-07-03,117,0.44636,0.49644
2026-07-03,118,0.40390,0.46471
2026-07-03,119,0.68595,0.65894
2026-07-03,120,0.52201,0.45443
2026-07-03,121,0.43729,0.50728
2026-07-03,133,0.42764,0.44977
2026-07-03,134,0.52278,0.50086
2026-07-03,135,0.44707,0.48668
2026-07-03,136,0.51546,0.53673
2026-07-03,137,0.41924,0.46426
2026-07-03,138,0.51453,0.46446
2026-07-03,139,0.54907,0.50407
2026-07-03,140,0.49749,0.50782
2026-07-03,141,0.46639,0.51249
2026-07-03,142,0.46851,0.45645
2026-07-03,143,0.50598,0.53282
2026-07-03,144,0.60762,0.56473
2026-07-03,145,0.52684,0.46299
2026-07-03,146,0.52139,0.47896
2026-07-03,147,0.60964,0.58005
2026-07-03,158,0.65275,0.57635
2026-07-04,108,0.43717,0.43605
2026-07-04,109,0.46640,0.48042
2026-07-04,110,0.46990,0.50298
2026-07-04,111,0.50391,0.52489
2026-07-04,112,0.54918,0.54753
2026-07-04,113,0.42846,0.46794
2026-07-04,114,0.48991,0.49036
2026-07-04,115,0.41787,0.37486
2026-07-04,116,0.50995,0.52020
2026-07-04,117,0.44951,0.49756
2026-07-04,118,0.39916,0.46240
2026-07-04,119,0.68811,0.65999
2026-07-04,120,0.51558,0.45199
2026-07-04,121,0.42533,0.50185
2026-07-04,133,0.42303,0.44770
2026-07-04,134,0.52900,0.50363
2026-07-04,135,0.44366,0.48505
2026-07-04,136,0.52919,0.54251
2026-07-04,137,0.42258,0.46546
2026-07-04,138,0.51805,0.46618
2026-07-04,139,0.54562,0.50285
2026-07-04,140,0.49375,0.50618
2026-07-04,141,0.45339,0.50674
2026-07-04,142,0.47646,0.45991
2026-07-04,143,0.51184,0.53519
2026-07-04,144,0.61872,0.56961
2026-07-04,145,0.52898,0.46420
2026-07-04,146,0.52701,0.48158
2026-07-04,147,0.59958,0.57594
2026-07-04,158,0.65018,0.57564
2026-07-05,108,0.43580,0.43546
2026-07-05,109,0.46547,0.47996
2026-07-05,110,0.46901,0.50245
2026-07-05,111,0.50642,0.52585
2026-07-05,112,0.55082,0.54824
2026-07-05,113,0.43015,0.46848
2026-07-05,114,0.48883,0.48989
2026-07-05,115,0.41991,0.37594
2026-07-05,116,0.51351,0.52168
2026-07-05,117,0.45192,0.49838
2026-07-05,118,0.40342,0.46392
2026-07-05,119,0.68333,0.65806
2026-07-05,120,0.50921,0.44955
2026-07-05,121,0.42802,0.50264
2026-07-05,133,0.42324,0.44767
2026-07-05,134,0.53488,0.50628
2026-07-05,135,0.44792,0.48666
2026-07-05,136,0.53401,0.54453
2026-07-05,137,0.42256,0.46524
2026-07-05,138,0.51545,0.46533
2026-07-05,139,0.54294,0.50193
2026-07-05,140,0.49012,0.50457
2026-07-05,141,0.44887,0.50454
2026-07-05,142,0.48196,0.46236
2026-07-05,143,0.50821,0.53352
2026-07-05,144,0.61512,0.56832
2026-07-05,145,0.52970,0.46482
2026-07-05,146,0.52768,0.48208
2026-07-05,147,0.59280,0.57316
2026-07-05,158,0.65018,0.57600
2026-07-06,108,0.43580,0.43546
2026-07-06,109,0.47524,0.48408
2026-07-06,110,0.46901,0.50245
2026-07-06,111,0.50642,0.52585
2026-07-06,112,0.55082,0.54824
2026-07-06,113,0.43015,0.46848
2026-07-06,114,0.48883,0.48989
2026-07-06,115,0.42003,0.37620
2026-07-06,116,0.51351,0.52168
2026-07-06,117,0.45188,0.49815
2026-07-06,118,0.42044,0.47098
2026-07-06,119,0.68158,0.65742
2026-07-06,120,0.51003,0.45018
2026-07-06,121,0.43022,0.50323
2026-07-06,133,0.42324,0.44767
2026-07-06,134,0.53488,0.50628
2026-07-06,135,0.43873,0.48254
2026-07-06,136,0.53401,0.54453
2026-07-06,137,0.43388,0.46989
2026-07-06,138,0.51413,0.46502
2026-07-06,139,0.53771,0.49992
2026-07-06,140,0.49012,0.50457
2026-07-06,141,0.43881,0.49994
2026-07-06,142,0.48196,0.46236
2026-07-06,143,0.49193,0.52638
2026-07-06,144,0.61227,0.56733
2026-07-06,145,0.52970,0.46482
2026-07-06,146,0.52768,0.48208
2026-07-06,147,0.59664,0.57490
2026-07-06,158,0.64992,0.57624
2026-07-07,108,0.43115,0.43344
2026-07-07,109,0.47193,0.48260
2026-07-07,110,0.46600,0.50098
2026-07-07,111,0.51521,0.52950
2026-07-07,112,0.55364,0.54946
2026-07-07,113,0.42725,0.46705
2026-07-07,114,0.48644,0.48885
2026-07-07,115,0.42165,0.37712
2026-07-07,116,0.51823,0.52367
2026-07-07,117,0.45553,0.49953
2026-07-07,118,0.42682,0.47351
2026-07-07,119,0.67900,0.65641
2026-07-07,120,0.50695,0.44912
2026-07-07,121,0.42763,0.50176
2026-07-07,133,0.41978,0.44606
2026-07-07,134,0.54264,0.50979
2026-07-07,135,0.44283,0.48410
2026-07-07,136,0.53230,0.54373
2026-07-07,137,0.42798,0.46717
2026-07-07,138,0.50345,0.46091
2026-07-07,139,0.53964,0.50092
2026-07-07,140,0.49635,0.50718
2026-07-07,141,0.44672,0.50309
2026-07-07,142,0.48418,0.46342
2026-07-07,143,0.49542,0.52773
2026-07-07,144,0.60124,0.56282
2026-07-07,145,0.52148,0.46161
2026-07-07,146,0.52846,0.48264
2026-07-07,147,0.59320,0.57352
2026-07-07,158,0.65640,0.57974
2026-07-08,108,0.44498,0.43947
2026-07-08,109,0.46547,0.47975
2026-07-08,110,0.46439,0.50012
2026-07-08,111,0.52137,0.53207
2026-07-08,112,0.55493,0.55004
2026-07-08,113,0.43522,0.47030
2026-07-08,114,0.48541,0.48839
2026-07-08,115,0.42130,0.37717
2026-07-08,116,0.52406,0.52618
2026-07-08,117,0.44976,0.49678
2026-07-08,118,0.42324,0.47172
2026-07-08,119,0.67850,0.65630
2026-07-08,120,0.51278,0.45195
2026-07-08,121,0.43278,0.50367
2026-07-08,133,0.41529,0.44399
2026-07-08,134,0.53932,0.50849
2026-07-08,135,0.45090,0.48741
2026-07-08,136,0.52967,0.54253
2026-07-08,137,0.41765,0.46251
2026-07-08,138,0.50799,0.46307
2026-07-08,139,0.54297,0.50253
2026-07-08,140,0.48203,0.50092
2026-07-08,141,0.45902,0.50819
2026-07-08,142,0.48541,0.46405
2026-07-08,143,0.48875,0.52467
2026-07-08,144,0.60406,0.56422
2026-07-08,145,0.51571,0.45940
2026-07-08,146,0.53059,0.48378
2026-07-08,147,0.58924,0.57190
2026-07-08,158,0.65082,0.57768
2026-07-09,108,0.44465,0.43935
2026-07-09,109,0.46798,0.48078
2026-07-09,110,0.46571,0.50053
2026-07-09,111,0.52249,0.53250
2026-07-09,112,0.55348,0.54943
2026-07-09,113,0.43436,0.46976
2026-07-09,114,0.48916,0.49002
2026-07-09,115,0.41633,0.37518
2026-07-09,116,0.52745,0.52765
2026-07-09,117,0.44976,0.49678
2026-07-09,118,0.41986,0.47001
2026-07-09,119,0.67850,0.65630
2026-07-09,120,0.51278,0.45195
2026-07-09,121,0.43794,0.50560
2026-07-09,133,0.41280,0.44277
2026-07-09,134,0.53367,0.50616
2026-07-09,135,0.44886,0.48635
2026-07-09,136,0.52437,0.54014
2026-07-09,137,0.42521,0.46560
2026-07-09,138,0.50338,0.46128
2026-07-09,139,0.53286,0.49836
2026-07-09,140,0.48348,0.50146
2026-07-09,141,0.45902,0.50819
2026-07-09,142,0.48243,0.46284
2026-07-09,143,0.48991,0.52501
2026-07-09,144,0.60797,0.56610
2026-07-09,145,0.51451,0.45915
2026-07-09,146,0.53465,0.48578
2026-07-09,147,0.59669,0.57523
2026-07-09,158,0.65313,0.57903
2026-07-10,108,0.44617,0.44005
2026-07-10,109,0.47517,0.48388
2026-07-10,110,0.46815,0.50144
2026-07-10,111,0.52718,0.53449
2026-07-10,112,0.54891,0.54745
2026-07-10,113,0.43925,0.47173
2026-07-10,114,0.49044,0.49059
2026-07-10,115,0.41793,0.37608
2026-07-10,116,0.53646,0.53160
2026-07-10,117,0.44618,0.49497
2026-07-10,118,0.41851,0.46918
2026-07-10,119,0.67022,0.65274
2026-07-10,120,0.51072,0.45132
2026-07-10,121,0.43419,0.50363
2026-07-10,133,0.40098,0.43744
2026-07-10,134,0.53367,0.50616
2026-07-10,135,0.44705,0.48538
2026-07-10,136,0.51807,0.53729
2026-07-10,137,0.42478,0.46522
2026-07-10,138,0.50448,0.46196
2026-07-10,139,0.53828,0.50088
2026-07-10,140,0.48834,0.50351
2026-07-10,141,0.46175,0.50916
2026-07-10,142,0.48155,0.46255
2026-07-10,143,0.48120,0.52100
2026-07-10,144,0.60626,0.56555
2026-07-10,145,0.52855,0.46554
2026-07-10,146,0.53329,0.48541
2026-07-10,147,0.59795,0.57589
2026-07-10,158,0.65313,0.57903
2026-07-11,108,0.44459,0.43937
2026-07-11,109,0.48327,0.48742
2026-07-11,110,0.47368,0.50375
2026-07-11,111,0.53189,0.53652
2026-07-11,112,0.55056,0.54818
2026-07-11,113,0.43763,0.47087
2026-07-11,114,0.49407,0.49220
2026-07-11,115,0.41662,0.37569
2026-07-11,116,0.53383,0.53046
2026-07-11,117,0.45293,0.49776
2026-07-11,118,0.41403,0.46696
2026-07-11,119,0.66119,0.64881
2026-07-11,120,0.50871,0.45070
2026-07-11,121,0.43028,0.50157
2026-07-11,133,0.40035,0.43699
2026-07-11,134,0.53502,0.50701
2026-07-11,135,0.44907,0.48609
2026-07-11,136,0.51193,0.53447
2026-07-11,137,0.42755,0.46626
2026-07-11,138,0.50778,0.46360
2026-07-11,139,0.54365,0.50340
2026-07-11,140,0.48161,0.50047
2026-07-11,141,0.46123,0.50871
2026-07-11,142,0.48375,0.46361
2026-07-11,143,0.48355,0.52185
2026-07-11,144,0.60219,0.56395
2026-07-11,145,0.52953,0.46626
2026-07-11,146,0.52975,0.48406
2026-07-11,147,0.59936,0.57661
2026-07-11,158,0.64789,0.57740
2026-07-12,108,0.44295,0.43866
2026-07-12,109,0.48564,0.48845
2026-07-12,110,0.48021,0.50653
2026-07-12,111,0.53285,0.53692
2026-07-12,112,0.55407,0.54976
2026-07-12,113,0.43408,0.46914
2026-07-12,114,0.49765,0.49381
2026-07-12,115,0.41521,0.37524
2026-07-12,116,0.52779,0.52780
2026-07-12,117,0.45245,0.49734
2026-07-12,118,0.40881,0.46438
2026-07-12,119,0.65772,0.64731
2026-07-12,120,0.50672,0.45008
2026-07-12,121,0.42970,0.50098
2026-07-12,133,0.39350,0.43378
2026-07-12,134,0.54327,0.51082
2026-07-12,135,0.45077,0.48667
2026-07-12,136,0.51886,0.53746
2026-07-12,137,0.43016,0.46724
2026-07-12,138,0.50661,0.46329
2026-07-12,139,0.53635,0.50038
2026-07-12,140,0.48297,0.50099
2026-07-12,141,0.46053,0.50818
2026-07-12,142,0.48588,0.46466
2026-07-12,143,0.48911,0.52416
2026-07-12,144,0.60238,0.56421
2026-07-12,145,0.53783,0.47022
2026-07-12,146,0.52622,0.48269
2026-07-12,147,0.60057,0.57725
2026-07-12,158,0.63588,0.57239
2026-07-13,108,0.44295,0.43866
2026-07-13,109,0.48564,0.48845
2026-07-13,110,0.48021,0.50653
2026-07-13,111,0.53285,0.53692
2026-07-13,112,0.55407,0.54976
2026-07-13,113,0.43408,0.46914
2026-07-13,114,0.49765,0.49381
2026-07-13,115,0.41521,0.37524
2026-07-13,116,0.52779,0.52780
2026-07-13,117,0.45245,0.49734
2026-07-13,118,0.40881,0.46438
2026-07-13,119,0.65772,0.64731
2026-07-13,120,0.50672,0.45008
2026-07-13,121,0.42970,0.50098
2026-07-13,133,0.39350,0.43378
2026-07-13,134,0.54327,0.51082
2026-07-13,135,0.45077,0.48667
2026-07-13,136,0.51886,0.53746
2026-07-13,137,0.43016,0.46724
2026-07-13,138,0.50661,0.46329
2026-07-13,139,0.53635,0.50038
2026-07-13,140,0.48297,0.50099
2026-07-13,141,0.46053,0.50818
2026-07-13,142,0.48588,0.46466
2026-07-13,143,0.48911,0.52416
2026-07-13,144,0.60238,0.56421
2026-07-13,145,0.53783,0.47022
2026-07-13,146,0.52622,0.48269
2026-07-13,147,0.60057,0.57725
2026-07-13,158,0.63588,0.57239
2026-07-14,108,0.44295,0.43866
2026-07-14,109,0.48564,0.48845
2026-07-14,110,0.48021,0.50653
2026-07-14,111,0.53285,0.53692
2026-07-14,112,0.55407,0.54976
2026-07-14,113,0.43408,0.46914
2026-07-14,114,0.49765,0.49381
2026-07-14,115,0.41521,0.37524
2026-07-14,116,0.52779,0.52780
2026-07-14,117,0.45245,0.49734
2026-07-14,118,0.40881,0.46438
2026-07-14,119,0.65772,0.64731
2026-07-14,120,0.50672,0.45008
2026-07-14,121,0.42970,0.50098
2026-07-14,133,0.39350,0.43378
2026-07-14,134,0.54327,0.51082
2026-07-14,135,0.45077,0.48667
2026-07-14,136,0.51886,0.53746
2026-07-14,137,0.43016,0.46724
2026-07-14,138,0.50661,0.46329
2026-07-14,139,0.53635,0.50038
2026-07-14,140,0.48297,0.50099
2026-07-14,141,0.46053,0.50818
2026-07-14,142,0.48588,0.46466
2026-07-14,143,0.48911,0.52416
2026-07-14,144,0.60238,0.56421
2026-07-14,145,0.53783,0.47022
2026-07-14,146,0.52622,0.48269
2026-07-14,147,0.60057,0.57725
2026-07-14,158,0.63588,0.57239
2026-07-15,108,0.44295,0.43866
2026-07-15,109,0.48564,0.48845
2026-07-15,110,0.48021,0.50653
2026-07-15,111,0.53285,0.53692
2026-07-15,112,0.55407,0.54976
2026-07-15,113,0.43408,0.46914
2026-07-15,114,0.49765,0.49381
2026-07-15,115,0.41521,0.37524
2026-07-15,116,0.52779,0.52780
2026-07-15,117,0.45245,0.49734
2026-07-15,118,0.40881,0.46438
2026-07-15,119,0.65772,0.64731
2026-07-15,120,0.50672,0.45008
2026-07-15,121,0.42970,0.50098
2026-07-15,133,0.39350,0.43378
2026-07-15,134,0.54327,0.51082
2026-07-15,135,0.45077,0.48667
2026-07-15,136,0.51886,0.53746
2026-07-15,137,0.43016,0.46724
2026-07-15,138,0.50661,0.46329
2026-07-15,139,0.53635,0.50038
2026-07-15,140,0.48297,0.50099
2026-07-15,141,0.46053,0.50818
2026-07-15,142,0.48588,0.46466
2026-07-15,143,0.48911,0.52416
2026-07-15,144,0.60238,0.56421
2026-07-15,145,0.53783,0.47022
2026-07-15,146,0.52622,0.48269
2026-07-15,147,0.60057,0.57725
2026-07-15,158,0.63588,0.57239
2026-07-16,108,0.44295,0.43866
2026-07-16,109,0.48564,0.48845
2026-07-16,110,0.48021,0.50653
2026-07-16,111,0.53285,0.53692
2026-07-16,112,0.55407,0.54976
2026-07-16,113,0.43408,0.46914
2026-07-16,114,0.49765,0.49381
2026-07-16,115,0.41521,0.37524
2026-07-16,116,0.52779,0.52780
2026-07-16,117,0.45245,0.49734
2026-07-16,118,0.40881,0.46438
2026-07-16,119,0.65772,0.64731
2026-07-16,120,0.50672,0.45008
2026-07-16,121,0.43338,0.50231
2026-07-16,133,0.39350,0.43378
2026-07-16,134,0.54327,0.51082
2026-07-16,135,0.45077,0.48667
2026-07-16,136,0.51886,0.53746
2026-07-16,137,0.43016,0.46724
2026-07-16,138,0.50661,0.46329
2026-07-16,139,0.53635,0.50038
2026-07-16,140,0.48297,0.50099
2026-07-16,141,0.46053,0.50818
2026-07-16,142,0.48588,0.46466
2026-07-16,143,0.48594,0.52258
2026-07-16,144,0.60238,0.56421
2026-07-16,145,0.53783,0.47022
2026-07-16,146,0.52622,0.48269
2026-07-16,147,0.60057,0.57725
2026-07-16,158,0.63588,0.57239
2026-07-17,108,0.44222,0.43836
2026-07-17,109,0.48470,0.48802
2026-07-17,110,0.48137,0.50693
2026-07-17,111,0.54633,0.54287
2026-07-17,112,0.55055,0.54820
2026-07-17,113,0.44016,0.47168
2026-07-17,114,0.49765,0.49381
2026-07-17,115,0.41133,0.37367
2026-07-17,116,0.52879,0.52824
2026-07-17,117,0.45176,0.49683
2026-07-17,118,0.41099,0.46510
2026-07-17,119,0.65792,0.64745
2026-07-17,120,0.52441,0.45829
2026-07-17,121,0.43338,0.50231
2026-07-17,133,0.37771,0.42654
2026-07-17,134,0.54327,0.51082
2026-07-17,135,0.45035,0.48632
2026-07-17,136,0.51051,0.53362
2026-07-17,137,0.43828,0.47070
2026-07-17,138,0.50763,0.46395
2026-07-17,139,0.52225,0.49444
2026-07-17,140,0.46766,0.49406
2026-07-17,141,0.45234,0.50430
2026-07-17,142,0.48900,0.46615
2026-07-17,143,0.48594,0.52258
2026-07-17,144,0.61568,0.57030
2026-07-17,145,0.54572,0.47404
2026-07-17,146,0.52499,0.48233
2026-07-17,147,0.59895,0.57663
2026-07-17,158,0.63621,0.57283
2026-07-18,108,0.43559,0.43538
2026-07-18,109,0.48701,0.48904
2026-07-18,110,0.48357,0.50780
2026-07-18,111,0.54680,0.54310
2026-07-18,112,0.55416,0.54983
2026-07-18,113,0.43351,0.46857
2026-07-18,114,0.49310,0.49178
2026-07-18,115,0.41879,0.37723
2026-07-18,116,0.53649,0.53171
2026-07-18,117,0.45013,0.49588
2026-07-18,118,0.41671,0.46745
2026-07-18,119,0.65792,0.64745
2026-07-18,120,0.51112,0.45259
2026-07-18,121,0.42868,0.49987
2026-07-18,133,0.39260,0.43301
2026-07-18,134,0.54638,0.51253
2026-07-18,135,0.44523,0.48386
2026-07-18,136,0.51157,0.53400
2026-07-18,137,0.43775,0.47031
2026-07-18,138,0.50540,0.46315
2026-07-18,139,0.52085,0.49395
2026-07-18,140,0.46920,0.49463
2026-07-18,141,0.45362,0.50464
2026-07-18,142,0.48513,0.46451
2026-07-18,143,0.49142,0.52489
2026-07-18,144,0.61307,0.56935
2026-07-18,145,0.54449,0.47382
2026-07-18,146,0.52249,0.48140
2026-07-18,147,0.59895,0.57663
2026-07-18,158,0.63635,0.57318
2026-07-19,108,0.43703,0.43603
2026-07-19,109,0.48827,0.48960
2026-07-19,110,0.48676,0.50914
2026-07-19,111,0.55214,0.54551
2026-07-19,112,0.56258,0.55366
2026-07-19,113,0.43765,0.47026
2026-07-19,114,0.48633,0.48871
2026-07-19,115,0.41710,0.37665
2026-07-19,116,0.53510,0.53110
2026-07-19,117,0.44758,0.49450
2026-07-19,118,0.40159,0.46034
2026-07-19,119,0.66040,0.64867
2026-07-19,120,0.51379,0.45407
2026-07-19,121,0.43451,0.50220
2026-07-19,133,0.39062,0.43192
2026-07-19,134,0.55170,0.51510
2026-07-19,135,0.46492,0.49258
2026-07-19,136,0.51487,0.53540
2026-07-19,137,0.43522,0.46902
2026-07-19,138,0.50425,0.46283
2026-07-19,139,0.51523,0.49154
2026-07-19,140,0.46638,0.49324
2026-07-19,141,0.45059,0.50304
2026-07-19,142,0.47647,0.46067
2026-07-19,143,0.48618,0.52236
2026-07-19,144,0.61468,0.57027
2026-07-19,145,0.54740,0.47546
2026-07-19,146,0.52023,0.48056
2026-07-19,147,0.59201,0.57370
2026-07-19,158,0.63756,0.57402
2026-07-20,108,0.43844,0.43668
2026-07-20,109,0.48520,0.48820
2026-07-20,110,0.48590,0.50865
2026-07-20,111,0.55261,0.54576
2026-07-20,112,0.55978,0.55243
2026-07-20,113,0.42992,0.46662
2026-07-20,114,0.49664,0.49342
2026-07-20,115,0.41428,0.37553
2026-07-20,116,0.53679,0.53189
2026-07-20,117,0.45114,0.49593
2026-07-20,118,0.40334,0.46087
2026-07-20,119,0.65498,0.64625
2026-07-20,120,0.51730,0.45594
2026-07-20,121,0.43009,0.49987
2026-07-20,133,0.39425,0.43338
2026-07-20,134,0.54827,0.51370
2026-07-20,135,0.46408,0.49207
2026-07-20,136,0.52378,0.53937
2026-07-20,137,0.43472,0.46864
2026-07-20,138,0.50317,0.46253
2026-07-20,139,0.52154,0.49451
2026-07-20,140,0.45936,0.48993
2026-07-20,141,0.44458,0.50006
2026-07-20,142,0.46815,0.45694
2026-07-20,143,0.48954,0.52373
2026-07-20,144,0.61493,0.57058
2026-07-20,145,0.55402,0.47878
2026-07-20,146,0.51681,0.47917
2026-07-20,147,0.59392,0.57466
2026-07-20,158,0.64100,0.57587
2026-07-21,108,0.44287,0.43873
2026-07-21,109,0.48642,0.48874
2026-07-21,110,0.48590,0.50865
2026-07-21,111,0.55261,0.54576
2026-07-21,112,0.56782,0.55614
2026-07-21,113,0.43251,0.46763
2026-07-21,114,0.50000,0.49497
2026-07-21,115,0.41624,0.37661
2026-07-21,116,0.52640,0.52716
2026-07-21,117,0.45348,0.49681
2026-07-21,118,0.40492,0.46134
2026-07-21,119,0.65518,0.64638
2026-07-21,120,0.51619,0.45571
2026-07-21,121,0.43462,0.50164
2026-07-21,133,0.39442,0.43328
2026-07-21,134,0.54827,0.51370
2026-07-21,135,0.46987,0.49459
2026-07-21,136,0.52134,0.53818
2026-07-21,137,0.43413,0.46821
2026-07-21,138,0.49895,0.46080
2026-07-21,139,0.53184,0.49931
2026-07-21,140,0.47036,0.49482
2026-07-21,141,0.43474,0.49532
2026-07-21,142,0.46553,0.45578
2026-07-21,143,0.48856,0.52312
2026-07-21,144,0.60852,0.56787
2026-07-21,145,0.54321,0.47421
2026-07-21,146,0.51457,0.47832
2026-07-21,147,0.59392,0.57466
2026-07-21,158,0.63621,0.57398
2026-07-22,108,0.44208,0.43838
2026-07-22,109,0.49692,0.49356
2026-07-22,110,0.48712,0.50901
2026-07-22,111,0.55050,0.54485
2026-07-22,112,0.56347,0.55419
2026-07-22,113,0.43516,0.46868
2026-07-22,114,0.49564,0.49298
2026-07-22,115,0.40986,0.37383
2026-07-22,116,0.53055,0.52906
2026-07-22,117,0.45672,0.49812
2026-07-22,118,0.40675,0.46193
2026-07-22,119,0.65696,0.64724
2026-07-22,120,0.52319,0.45921
2026-07-22,121,0.43414,0.50112
2026-07-22,133,0.38708,0.42974
2026-07-22,134,0.54767,0.51373
2026-07-22,135,0.46922,0.49418
2026-07-22,136,0.51891,0.53699
2026-07-22,137,0.43375,0.46789
2026-07-22,138,0.50000,0.46145
2026-07-22,139,0.53370,0.50030
2026-07-22,140,0.46849,0.49385
2026-07-22,141,0.43314,0.49431
2026-07-22,142,0.46978,0.45779
2026-07-22,143,0.48461,0.52114
2026-07-22,144,0.60813,0.56788
2026-07-22,145,0.54492,0.47530
2026-07-22,146,0.51136,0.47699
2026-07-22,147,0.59265,0.57424
2026-07-22,158,0.63610,0.57421
2026-07-23,108,0.44208,0.43838
2026-07-23,109,0.50101,0.49546
2026-07-23,110,0.48712,0.50901
2026-07-23,111,0.55050,0.54485
2026-07-23,112,0.56347,0.55419
2026-07-23,113,0.43516,0.46868
2026-07-23,114,0.49350,0.49200
2026-07-23,115,0.40986,0.37383
2026-07-23,116,0.53136,0.52945
2026-07-23,117,0.45672,0.49812
2026-07-23,118,0.40652,0.46158
2026-07-23,119,0.65696,0.64724
2026-07-23,120,0.52319,0.45921
2026-07-23,121,0.43414,0.50112
2026-07-23,133,0.38708,0.42974
2026-07-23,134,0.54767,0.51373
2026-07-23,135,0.46853,0.49375
2026-07-23,136,0.51891,0.53699
2026-07-23,137,0.43375,0.46789
2026-07-23,138,0.49589,0.45973
2026-07-23,139,0.53140,0.49940
2026-07-23,140,0.46849,0.49385
2026-07-23,141,0.43563,0.49518
2026-07-23,142,0.47182,0.45879
2026-07-23,143,0.48461,0.52114
2026-07-23,144,0.60792,0.56796
2026-07-23,145,0.54492,0.47530
2026-07-23,146,0.51136,0.47699
2026-07-23,147,0.59265,0.57424
2026-07-23,158,0.63610,0.57421
2026-07-24,108,0.44182,0.43827
2026-07-24,109,0.50201,0.49595
2026-07-24,110,0.48630,0.50853
2026-07-24,111,0.55213,0.54563
2026-07-24,112,0.56403,0.55449
2026-07-24,113,0.43767,0.46968
2026-07-24,114,0.48504,0.48806
2026-07-24,115,0.41313,0.37551
2026-07-24,116,0.53227,0.52988
2026-07-24,117,0.46105,0.49996
2026-07-24,118,0.40603,0.46111
2026-07-24,119,0.65774,0.64765
2026-07-24,120,0.52216,0.45902
2026-07-24,121,0.43261,0.50010
2026-07-24,133,0.38933,0.43059
2026-07-24,134,0.54645,0.51332
2026-07-24,135,0.47085,0.49472
2026-07-24,136,0.51761,0.53630
2026-07-24,137,0.43562,0.46859
2026-07-24,138,0.49388,0.45897
2026-07-24,139,0.53921,0.50315
2026-07-24,140,0.46985,0.49436
2026-07-24,141,0.43425,0.49428
2026-07-24,142,0.47007,0.45803
2026-07-24,143,0.48365,0.52053
2026-07-24,144,0.60755,0.56797
2026-07-24,145,0.54031,0.47349
2026-07-24,146,0.50922,0.47616
2026-07-24,147,0.59335,0.57465
2026-07-24,158,0.63206,0.57262
2026-07-25,108,0.43567,0.43542
2026-07-25,109,0.50000,0.49504
2026-07-25,110,0.48736,0.50893
2026-07-25,111,0.54514,0.54243
2026-07-25,112,0.57380,0.55907
2026-07-25,113,0.43114,0.46653
2026-07-25,114,0.48194,0.48659
2026-07-25,115,0.41148,0.37491
2026-07-25,116,0.53098,0.52929
2026-07-25,117,0.46412,0.50122
2026-07-25,118,0.40755,0.46158
2026-07-25,119,0.65746,0.64756
2026-07-25,120,0.52375,0.46004
2026-07-25,121,0.43215,0.49959
2026-07-25,133,0.38799,0.42978
2026-07-25,134,0.53589,0.50854
2026-07-25,135,0.47628,0.49715
2026-07-25,136,0.51090,0.53309
2026-07-25,137,0.44337,0.47204
2026-07-25,138,0.50101,0.46243
2026-07-25,139,0.54208,0.50464
2026-07-25,140,0.47629,0.49724
2026-07-25,141,0.44092,0.49712
2026-07-25,142,0.47205,0.45902
2026-07-25,143,0.48171,0.51947
2026-07-25,144,0.60588,0.56737
2026-07-25,145,0.53705,0.47229
2026-07-25,146,0.50406,0.47389
2026-07-25,147,0.59485,0.57543
2026-07-25,158,0.63332,0.57347
2026-07-26,108,0.43713,0.43611
2026-07-26,109,0.49706,0.49368
2026-07-26,110,0.48648,0.50842
2026-07-26,111,0.55018,0.54478
2026-07-26,112,0.57189,0.55824
2026-07-26,113,0.43374,0.46757
2026-07-26,114,0.48094,0.48610
2026-07-26,115,0.40477,0.37190
2026-07-26,116,0.52961,0.52865
2026-07-26,117,0.45623,0.49734
2026-07-26,118,0.40931,0.46217
2026-07-26,119,0.65115,0.64465
2026-07-26,120,0.52603,0.46140
2026-07-26,121,0.43787,0.50197
2026-07-26,133,0.38704,0.42915
2026-07-26,134,0.53634,0.50887
2026-07-26,135,0.47854,0.49811
2026-07-26,136,0.51294,0.53394
2026-07-26,137,0.44282,0.47166
2026-07-26,138,0.49900,0.46167
2026-07-26,139,0.54295,0.50522
2026-07-26,140,0.47451,0.49632
2026-07-26,141,0.43630,0.49471
2026-07-26,142,0.47524,0.46057
2026-07-26,143,0.48898,0.52271
2026-07-26,144,0.60617,0.56768
2026-07-26,145,0.54538,0.47645
2026-07-26,146,0.50201,0.47307
2026-07-26,147,0.58639,0.57157
2026-07-26,158,0.64026,0.57698
2026-07-27,108,0.43585,0.43551
2026-07-27,109,0.49611,0.49325
2026-07-27,110,0.48950,0.50975
2026-07-27,111,0.55194,0.54563
2026-07-27,112,0.57490,0.55972
2026-07-27,113,0.43374,0.46757
2026-07-27,114,0.48094,0.48610
2026-07-27,115,0.40477,0.37190
2026-07-27,116,0.52609,0.52700
2026-07-27,117,0.45848,0.49823
2026-07-27,118,0.40931,0.46217
2026-07-27,119,0.65115,0.64465
2026-07-27,120,0.52502,0.46120
2026-07-27,121,0.44962,0.50723
2026-07-27,133,0.38603,0.42849
2026-07-27,134,0.53703,0.50931
2026-07-27,135,0.47854,0.49811
2026-07-27,136,0.50853,0.53177
2026-07-27,137,0.44609,0.47307
2026-07-27,138,0.49504,0.45997
2026-07-27,139,0.54295,0.50522
2026-07-27,140,0.47881,0.49824
2026-07-27,141,0.43774,0.49513
2026-07-27,142,0.47524,0.46057
2026-07-27,143,0.48815,0.52217
2026-07-27,144,0.59400,0.56214
2026-07-27,145,0.54091,0.47467
2026-07-27,146,0.50297,0.47365
2026-07-27,147,0.58922,0.57296
2026-07-27,158,0.63675,0.57561
2026-07-28,108,0.43531,0.43525
2026-07-28,109,0.49712,0.49374
2026-07-28,110,0.47645,0.50348
2026-07-28,111,0.55043,0.54494
2026-07-28,112,0.58140,0.56285
2026-07-28,113,0.43572,0.46821
2026-07-28,114,0.48020,0.48570
2026-07-28,115,0.40505,0.37218
2026-07-28,116,0.54011,0.53363
2026-07-28,117,0.45965,0.49861
2026-07-28,118,0.40894,0.46176
2026-07-28,119,0.64843,0.64339
2026-07-28,120,0.52644,0.46216
2026-07-28,121,0.44882,0.50660
2026-07-28,133,0.38771,0.42910
2026-07-28,134,0.53567,0.50879
2026-07-28,135,0.47985,0.49864
2026-07-28,136,0.50947,0.53212
2026-07-28,137,0.44074,0.47043
2026-07-28,138,0.48725,0.45645
2026-07-28,139,0.53963,0.50382
2026-07-28,140,0.48195,0.49963
2026-07-28,141,0.43658,0.49433
2026-07-28,142,0.47630,0.46114
2026-07-28,143,0.48720,0.52157
2026-07-28,144,0.59465,0.56259
2026-07-28,145,0.53969,0.47439
2026-07-28,146,0.50395,0.47424
2026-07-28,147,0.58963,0.57323
2026-07-28,158,0.64102,0.57789
2026-07-29,108,0.43318,0.43424
2026-07-29,109,0.50000,0.49513
2026-07-29,110,0.47775,0.50398
2026-07-29,111,0.55216,0.54578
2026-07-29,112,0.58001,0.56227
2026-07-29,113,0.43136,0.46601
2026-07-29,114,0.48553,0.48823
2026-07-29,115,0.40386,0.37176
2026-07-29,116,0.53840,0.53284
2026-07-29,117,0.46277,0.49993
2026-07-29,118,0.41311,0.46351
2026-07-29,119,0.64925,0.64380
2026-07-29,120,0.52372,0.46114
2026-07-29,121,0.45011,0.50696
2026-07-29,133,0.38671,0.42844
2026-07-29,134,0.53285,0.50757
2026-07-29,135,0.48197,0.49956
2026-07-29,136,0.50731,0.53099
2026-07-29,137,0.45430,0.47672
2026-07-29,138,0.48830,0.45709
2026-07-29,139,0.54245,0.50531
2026-07-29,140,0.47905,0.49818
2026-07-29,141,0.44006,0.49573
2026-07-29,142,0.47280,0.45954
2026-07-29,143,0.48543,0.52057
2026-07-29,144,0.59310,0.56199
2026-07-29,145,0.54022,0.47492
2026-07-29,146,0.50585,0.47527
2026-07-29,147,0.58766,0.57237
2026-07-29,158,0.62670,0.57139
2026-07-30,108,0.43318,0.43424
2026-07-30,109,0.50000,0.49513
2026-07-30,110,0.47775,0.50398
2026-07-30,111,0.55268,0.54606
2026-07-30,112,0.58128,0.56295
2026-07-30,113,0.43276,0.46652
2026-07-30,114,0.48553,0.48823
2026-07-30,115,0.40386,0.37176
2026-07-30,116,0.53840,0.53284
2026-07-30,117,0.46277,0.49993
2026-07-30,118,0.41284,0.46317
2026-07-30,119,0.65166,0.64497
2026-07-30,120,0.52269,0.46092
2026-07-30,121,0.45240,0.50781
2026-07-30,133,0.38679,0.42830
2026-07-30,134,0.53178,0.50716
2026-07-30,135,0.47910,0.49812
2026-07-30,136,0.50310,0.52888
2026-07-30,137,0.45748,0.47813
2026-07-30,138,0.48645,0.45634
2026-07-30,139,0.54318,0.50582
2026-07-30,140,0.47819,0.49769
2026-07-30,141,0.44006,0.49573
2026-07-30,142,0.47390,0.46012
2026-07-30,143,0.48543,0.52057
2026-07-30,144,0.59320,0.56218
2026-07-30,145,0.54098,0.47557
2026-07-30,146,0.50387,0.47446
2026-07-30,147,0.58626,0.57177
2026-07-30,158,0.62670,0.57139
2026-07-31,108,0.43003,0.43273
2026-07-31,109,0.50285,0.49651
2026-07-31,110,0.47980,0.50484
2026-07-31,111,0.55715,0.54822
2026-07-31,112,0.57916,0.56202
2026-07-31,113,0.43463,0.46726
2026-07-31,114,0.48255,0.48678
2026-07-31,115,0.40600,0.37292
2026-07-31,116,0.54980,0.53832
2026-07-31,117,0.47126,0.50385
2026-07-31,118,0.41149,0.46230
2026-07-31,119,0.64541,0.64201
2026-07-31,120,0.51919,0.45951
2026-07-31,121,0.44989,0.50636
2026-07-31,133,0.37797,0.42390
2026-07-31,134,0.53052,0.50667
2026-07-31,135,0.48618,0.50142
2026-07-31,136,0.50103,0.52777
2026-07-31,137,0.45112,0.47500
2026-07-31,138,0.48460,0.45559
2026-07-31,139,0.53786,0.50346
2026-07-31,140,0.46967,0.49353
2026-07-31,141,0.44237,0.49660
2026-07-31,142,0.47589,0.46114
2026-07-31,143,0.48365,0.51957
2026-07-31,144,0.59616,0.56373
2026-07-31,145,0.54538,0.47795
2026-07-31,146,0.50673,0.47596
2026-07-31,147,0.58785,0.57259
2026-07-31,158,0.62934,0.57288
2026-08-01,108,0.42856,0.43201
2026-08-01,109,0.50654,0.49831
2026-08-01,110,0.47536,0.50260
2026-08-01,111,0.55780,0.54856
2026-08-01,112,0.58126,0.56310
2026-08-01,113,0.43219,0.46595
2026-08-01,114,0.47884,0.48498
2026-08-01,115,0.41220,0.37604
2026-08-01,116,0.55109,0.53899
2026-08-01,117,0.47239,0.50426
2026-08-01,118,0.40743,0.46012
2026-08-01,119,0.64365,0.64118
2026-08-01,120,0.51488,0.45768
2026-08-01,121,0.44651,0.50449
2026-08-01,133,0.37767,0.42356
2026-08-01,134,0.53294,0.50794
2026-08-01,135,0.48730,0.50190
2026-08-01,136,0.50203,0.52814
2026-08-01,137,0.45069,0.47469
2026-08-01,138,0.48089,0.45393
2026-08-01,139,0.53873,0.50402
2026-08-01,140,0.46898,0.49309
2026-08-01,141,0.44671,0.49844
2026-08-01,142,0.47517,0.46086
2026-08-01,143,0.48853,0.52176
2026-08-01,144,0.59979,0.56561
2026-08-01,145,0.54429,0.47772
2026-08-01,146,0.51048,0.47790
2026-08-01,147,0.58427,0.57093
2026-08-01,158,0.63048,0.57367
2026-08-02,108,0.43164,0.43348
2026-08-02,109,0.50186,0.49609
2026-08-02,110,0.46833,0.49909
2026-08-02,111,0.56115,0.55021
2026-08-02,112,0.58001,0.56257
2026-08-02,113,0.44045,0.46977
2026-08-02,114,0.48398,0.48744
2026-08-02,115,0.41862,0.37930
2026-08-02,116,0.56117,0.54391
2026-08-02,117,0.47617,0.50595
2026-08-02,118,0.40204,0.45728
2026-08-02,119,0.63856,0.63873
2026-08-02,120,0.51315,0.45709
2026-08-02,121,0.44483,0.50342
2026-08-02,133,0.36978,0.41955
2026-08-02,134,0.52575,0.50456
2026-08-02,135,0.48839,0.50236
2026-08-02,136,0.50301,0.52850
2026-08-02,137,0.45020,0.47435
2026-08-02,138,0.48481,0.45594
2026-08-02,139,0.53049,0.50021
2026-08-02,140,0.46546,0.49129
2026-08-02,141,0.44319,0.49652
2026-08-02,142,0.47457,0.46063
2026-08-02,143,0.49621,0.52532
2026-08-02,144,0.60095,0.56632
2026-08-02,145,0.55129,0.48138
2026-08-02,146,0.51234,0.47894
2026-08-02,147,0.58483,0.57126
2026-08-02,158,0.62715,0.57232
2026-08-03,108,0.43164,0.43348
2026-08-03,109,0.50553,0.49789
2026-08-03,110,0.46833,0.49909
2026-08-03,111,0.56115,0.55021
2026-08-03,112,0.58339,0.56429
2026-08-03,113,0.44045,0.46977
2026-08-03,114,0.48398,0.48744
2026-08-03,115,0.41665,0.37851
2026-08-03,116,0.56117,0.54391
2026-08-03,117,0.47454,0.50503
2026-08-03,118,0.40204,0.45728
2026-08-03,119,0.63240,0.63575
2026-08-03,120,0.51060,0.45609
2026-08-03,121,0.44483,0.50342
2026-08-03,133,0.36978,0.41955
2026-08-03,134,0.52643,0.50498
2026-08-03,135,0.48463,0.50048
2026-08-03,136,0.50301,0.52850
2026-08-03,137,0.45425,0.47622
2026-08-03,138,0.49067,0.45891
2026-08-03,139,0.53376,0.50192
2026-08-03,140,0.46189,0.48945
2026-08-03,141,0.44544,0.49739
2026-08-03,142,0.47457,0.46063
2026-08-03,143,0.49906,0.52658
2026-08-03,144,0.60095,0.56632
2026-08-03,145,0.55129,0.48138
2026-08-03,146,0.51234,0.47894
2026-08-03,147,0.57769,0.56786
2026-08-03,158,0.62530,0.57166
2026-08-04,108,0.43018,0.43276
2026-08-04,109,0.50091,0.49567
2026-08-04,110,0.47029,0.49991
2026-08-04,111,0.57216,0.55558
2026-08-04,112,0.58633,0.56580
2026-08-04,113,0.44191,0.47035
2026-08-04,114,0.48015,0.48556
2026-08-04,115,0.41604,0.37838
2026-08-04,116,0.56829,0.54743
2026-08-04,117,0.47910,0.50713
2026-08-04,118,0.40818,0.46004
2026-08-04,119,0.62802,0.63360
2026-08-04,120,0.50649,0.45431
2026-08-04,121,0.44904,0.50523
2026-08-04,133,0.37000,0.41944
2026-08-04,134,0.52457,0.50416
2026-08-04,135,0.48956,0.50281
2026-08-04,136,0.49503,0.52450
2026-08-04,137,0.45373,0.47587
2026-08-04,138,0.48884,0.45815
2026-08-04,139,0.53518,0.50274
2026-08-04,140,0.46318,0.48996
2026-08-04,141,0.44115,0.49507
2026-08-04,142,0.46959,0.45826
2026-08-04,143,0.50374,0.52874
2026-08-04,144,0.60209,0.56702
2026-08-04,145,0.53959,0.47603
2026-08-04,146,0.51037,0.47813
2026-08-04,147,0.57927,0.56867
2026-08-04,158,0.62626,0.57236
2026-08-05,108,0.42798,0.43168
2026-08-05,109,0.50630,0.49833
2026-08-05,110,0.47318,0.50119
2026-08-05,111,0.57570,0.55737
2026-08-05,112,0.58625,0.56585
2026-08-05,113,0.44319,0.47085
2026-08-05,114,0.47939,0.48517
2026-08-05,115,0.41327,0.37719
2026-08-05,116,0.56592,0.54637
2026-08-05,117,0.47841,0.50668
2026-08-05,118,0.40946,0.46044
2026-08-05,119,0.62572,0.63245
2026-08-05,120,0.51123,0.45686
2026-08-05,121,0.45050,0.50570
2026-08-05,133,0.36990,0.41918
2026-08-05,134,0.52273,0.50334
2026-08-05,135,0.48407,0.50007
2026-08-05,136,0.49704,0.52536
2026-08-05,137,0.44856,0.47324
2026-08-05,138,0.49075,0.45922
2026-08-05,139,0.53876,0.50463
2026-08-05,140,0.46905,0.49272
2026-08-05,141,0.44264,0.49557
2026-08-05,142,0.46887,0.45796
2026-08-05,143,0.49816,0.52591
2026-08-05,144,0.60420,0.56820
2026-08-05,145,0.53573,0.47443
2026-08-05,146,0.50749,0.47686
2026-08-05,147,0.57696,0.56759
2026-08-05,158,0.62722,0.57306
2026-08-06,108,0.43110,0.43319
2026-08-06,109,0.50268,0.49659
2026-08-06,110,0.47068,0.49985
2026-08-06,111,0.57516,0.55718
2026-08-06,112,0.58662,0.56612
2026-08-06,113,0.44469,0.47146
2026-08-06,114,0.47299,0.48200
2026-08-06,115,0.41327,0.37719
2026-08-06,116,0.57552,0.55115
2026-08-06,117,0.47841,0.50668
2026-08-06,118,0.40924,0.46012
2026-08-06,119,0.62572,0.63245
2026-08-06,120,0.50796,0.45547
2026-08-06,121,0.45769,0.50900
2026-08-06,133,0.37027,0.41916
2026-08-06,134,0.52007,0.50211
2026-08-06,135,0.48790,0.50188
2026-08-06,136,0.48632,0.51997
2026-08-06,137,0.44856,0.47324
2026-08-06,138,0.49075,0.45922
2026-08-06,139,0.53876,0.50463
2026-08-06,140,0.46905,0.49272
2026-08-06,141,0.44204,0.49506
2026-08-06,142,0.46994,0.45853
2026-08-06,143,0.50183,0.52759
2026-08-06,144,0.61006,0.57122
2026-08-06,145,0.53418,0.47394
2026-08-06,146,0.50000,0.47331
2026-08-06,147,0.57696,0.56759
2026-08-06,158,0.62895,0.57414
2026-08-07,108,0.43249,0.43387
2026-08-07,109,0.50355,0.49704
2026-08-07,110,0.46993,0.49935
2026-08-07,111,0.58560,0.56236
2026-08-07,112,0.58755,0.56666
2026-08-07,113,0.44331,0.47068
2026-08-07,114,0.47898,0.48492
2026-08-07,115,0.41295,0.37718
2026-08-07,116,0.57218,0.54961
2026-08-07,117,0.48115,0.50791
2026-08-07,118,0.40833,0.45945
2026-08-07,119,0.62397,0.63156
2026-08-07,120,0.50948,0.45645
2026-08-07,121,0.45991,0.50988
2026-08-07,133,0.36221,0.41498
2026-08-07,134,0.51824,0.50128
2026-08-07,135,0.48524,0.50051
2026-08-07,136,0.48542,0.51938
2026-08-07,137,0.45166,0.47466
2026-08-07,138,0.49173,0.45983
2026-08-07,139,0.53952,0.50514
2026-08-07,140,0.47012,0.49314
2026-08-07,141,0.44350,0.49555
2026-08-07,142,0.47197,0.45958
2026-08-07,143,0.50091,0.52703
2026-08-07,144,0.60854,0.57064
2026-08-07,145,0.52853,0.47143
2026-08-07,146,0.49908,0.47296
2026-08-07,147,0.57743,0.56785
2026-08-07,158,0.62566,0.57275
2026-08-08,108,0.42678,0.43104
2026-08-08,109,0.50265,0.49663
2026-08-08,110,0.46661,0.49759
2026-08-08,111,0.58099,0.56020
2026-08-08,112,0.58432,0.56515
2026-08-08,113,0.43845,0.46817
2026-08-08,114,0.47634,0.48358
2026-08-08,115,0.41541,0.37854
2026-08-08,116,0.57894,0.55305
2026-08-08,117,0.48041,0.50743
2026-08-08,118,0.41164,0.46088
2026-08-08,119,0.62429,0.63169
2026-08-08,120,0.51411,0.45897
2026-08-08,121,0.45216,0.50583
2026-08-08,133,0.36645,0.41686
2026-08-08,134,0.52550,0.50496
2026-08-08,135,0.48624,0.50094
2026-08-08,136,0.48454,0.51881
2026-08-08,137,0.44484,0.47120
2026-08-08,138,0.49001,0.45912
2026-08-08,139,0.54021,0.50563
2026-08-08,140,0.47403,0.49498
2026-08-08,141,0.44598,0.49656
2026-08-08,142,0.47132,0.45931
2026-08-08,143,0.49910,0.52603
2026-08-08,144,0.60674,0.56991
2026-08-08,145,0.53094,0.47285
2026-08-08,146,0.50547,0.47624
2026-08-08,147,0.57766,0.56801
2026-08-08,158,0.62564,0.57296
2026-08-09,108,0.41984,0.42759
2026-08-09,109,0.50439,0.49752
2026-08-09,110,0.47135,0.49981
2026-08-09,111,0.57945,0.55953
2026-08-09,112,0.59013,0.56812
2026-08-09,113,0.43359,0.46564
2026-08-09,114,0.47466,0.48271
2026-08-09,115,0.41382,0.37791
2026-08-09,116,0.58035,0.55386
2026-08-09,117,0.47635,0.50529
2026-08-09,118,0.40579,0.45776
2026-08-09,119,0.62179,0.63042
2026-08-09,120,0.51867,0.46149
2026-08-09,121,0.46157,0.51029
2026-08-09,133,0.36809,0.41745
2026-08-09,134,0.51711,0.50086
2026-08-09,135,0.49091,0.50320
2026-08-09,136,0.48176,0.51728
2026-08-09,137,0.44334,0.47034
2026-08-09,138,0.49281,0.46064
2026-08-09,139,0.54275,0.50703
2026-08-09,140,0.46979,0.49279
2026-08-09,141,0.44569,0.49621
2026-08-09,142,0.47068,0.45904
2026-08-09,143,0.50000,0.52636
2026-08-09,144,0.60714,0.57026
2026-08-09,145,0.53245,0.47384
2026-08-09,146,0.51350,0.48036
2026-08-09,147,0.57639,0.56742
2026-08-09,158,0.62562,0.57317
2026-08-10,108,0.41771,0.42649
2026-08-10,109,0.51219,0.50145
2026-08-10,110,0.46825,0.49815
2026-08-10,111,0.57815,0.55897
2026-08-10,112,0.59013,0.56812
2026-08-10,113,0.43359,0.46564
2026-08-10,114,0.47466,0.48271
2026-08-10,115,0.40758,0.37495
2026-08-10,116,0.58035,0.55386
2026-08-10,117,0.47905,0.50652
2026-08-10,118,0.40583,0.45757
2026-08-10,119,0.62147,0.63022
2026-08-10,120,0.51867,0.46149
2026-08-10,121,0.46464,0.51162
2026-08-10,133,0.36654,0.41648
2026-08-10,134,0.51711,0.50086
2026-08-10,135,0.49186,0.50363
2026-08-10,136,0.48176,0.51728
2026-08-10,137,0.44116,0.46915
2026-08-10,138,0.49199,0.46036
2026-08-10,139,0.54581,0.50870
2026-08-10,140,0.47270,0.49414
2026-08-10,141,0.44685,0.49657
2026-08-10,142,0.47431,0.46091
2026-08-10,143,0.50088,0.52669
2026-08-10,144,0.60336,0.56854
2026-08-10,145,0.53245,0.47384
2026-08-10,146,0.51350,0.48036
2026-08-10,147,0.57639,0.56742
2026-08-10,158,0.62405,0.57261
2026-08-11,108,0.41903,0.42711
2026-08-11,109,0.51126,0.50102
2026-08-11,110,0.47102,0.49941
2026-08-11,111,0.57567,0.55781
2026-08-11,112,0.59077,0.56854
2026-08-11,113,0.43503,0.46623
2026-08-11,114,0.47304,0.48187
2026-08-11,115,0.40881,0.37570
2026-08-11,116,0.58140,0.55449
2026-08-11,117,0.47666,0.50521
2026-08-11,118,0.40576,0.45731
2026-08-11,119,0.62132,0.63011
2026-08-11,120,0.51694,0.46086
2026-08-11,121,0.46131,0.50975
2026-08-11,133,0.36201,0.41400
2026-08-11,134,0.51543,0.50008
2026-08-11,135,0.50000,0.50767
2026-08-11,136,0.47901,0.51575
2026-08-11,137,0.44414,0.47052
2026-08-11,138,0.49379,0.46140
2026-08-11,139,0.55239,0.51213
2026-08-11,140,0.47196,0.49368
2026-08-11,141,0.44908,0.49749
2026-08-11,142,0.47202,0.45981
2026-08-11,143,0.49913,0.52570
2026-08-11,144,0.60629,0.57014
2026-08-11,145,0.53131,0.47352
2026-08-11,146,0.51524,0.48137
2026-08-11,147,0.57868,0.56860
2026-08-11,158,0.61501,0.56830
2026-08-12,108,0.42215,0.42865
2026-08-12,109,0.50944,0.50015
2026-08-12,110,0.46963,0.49859
2026-08-12,111,0.57311,0.55661
2026-08-12,112,0.59441,0.57046
2026-08-12,113,0.43102,0.46410
2026-08-12,114,0.47514,0.48289
2026-08-12,115,0.41103,0.37696
2026-08-12,116,0.57885,0.55333
2026-08-12,117,0.47759,0.50556
2026-08-12,118,0.40469,0.45656
2026-08-12,119,0.62225,0.63054
2026-08-12,120,0.51217,0.45868
2026-08-12,121,0.45903,0.50840
2026-08-12,133,0.36026,0.41291
2026-08-12,134,0.51047,0.49764
2026-08-12,135,0.50089,0.50808
2026-08-12,136,0.47459,0.51338
2026-08-12,137,0.44351,0.47009
2026-08-12,138,0.49912,0.46421
2026-08-12,139,0.55539,0.51379
2026-08-12,140,0.46947,0.49234
2026-08-12,141,0.45135,0.49843
2026-08-12,142,0.47392,0.46082
2026-08-12,143,0.49393,0.52297
2026-08-12,144,0.60797,0.57114
2026-08-12,145,0.53545,0.47583
2026-08-12,146,0.52042,0.48411
2026-08-12,147,0.58217,0.57038
2026-08-12,158,0.61336,0.56767
2026-08-13,108,0.42864,0.43189
2026-08-13,109,0.50944,0.50015
2026-08-13,110,0.46963,0.49859
2026-08-13,111,0.57894,0.55960
2026-08-13,112,0.58818,0.56741
2026-08-13,113,0.43283,0.46486
2026-08-13,114,0.47251,0.48153
2026-08-13,115,0.41103,0.37696
2026-08-13,116,0.58118,0.55460
2026-08-13,117,0.47759,0.50556
2026-08-13,118,0.40469,0.45656
2026-08-13,119,0.62043,0.62959
2026-08-13,120,0.51739,0.46154
2026-08-13,121,0.45903,0.50840
2026-08-13,133,0.36026,0.41291
2026-08-13,134,0.51991,0.50248
2026-08-13,135,0.50089,0.50808
2026-08-13,136,0.47561,0.51374
2026-08-13,137,0.44351,0.47009
2026-08-13,138,0.49912,0.46421
2026-08-13,139,0.55539,0.51379
2026-08-13,140,0.46346,0.48922
2026-08-13,141,0.44547,0.49526
2026-08-13,142,0.46925,0.45851
2026-08-13,143,0.49914,0.52549
2026-08-13,144,0.60797,0.57114
2026-08-13,145,0.53412,0.47541
2026-08-13,146,0.50966,0.47883
2026-08-13,147,0.58102,0.56986
2026-08-13,158,0.61328,0.56782
2026-08-14,108,0.42856,0.43184
2026-08-14,109,0.51112,0.50103
2026-08-14,110,0.47074,0.49904
2026-08-14,111,0.57449,0.55744
2026-08-14,112,0.59021,0.56853
2026-08-14,113,0.43389,0.46527
2026-08-14,114,0.47099,0.48072
2026-08-14,115,0.41383,0.37851
2026-08-14,116,0.57668,0.55244
2026-08-14,117,0.48033,0.50684
2026-08-14,118,0.40648,0.45726
2026-08-14,119,0.62150,0.63009
2026-08-14,120,0.51505,0.46058
2026-08-14,121,0.46185,0.50963
2026-08-14,133,0.36514,0.41515
2026-08-14,134,0.52288,0.50406
2026-08-14,135,0.50263,0.50894
2026-08-14,136,0.47320,0.51236
2026-08-14,137,0.44130,0.46887
2026-08-14,138,0.49650,0.46303
2026-08-14,139,0.55397,0.51325
2026-08-14,140,0.45942,0.48706
2026-08-14,141,0.44752,0.49610
2026-08-14,142,0.46925,0.45851
2026-08-14,143,0.49914,0.52549
2026-08-14,144,0.60588,0.57024
2026-08-14,145,0.53711,0.47715
2026-08-14,146,0.50875,0.47850
2026-08-14,147,0.57882,0.56879
2026-08-14,158,0.61105,0.56688
2026-08-15,108,0.42961,0.43236
2026-08-15,109,0.51692,0.50402
2026-08-15,110,0.47177,0.49944
2026-08-15,111,0.57769,0.55913
2026-08-15,112,0.58619,0.56657
2026-08-15,113,0.43115,0.46375
2026-08-15,114,0.47570,0.48308
2026-08-15,115,0.40994,0.37668
2026-08-15,116,0.57527,0.55183
2026-08-15,117,0.47651,0.50478
2026-08-15,118,0.40594,0.45677
2026-08-15,119,0.61838,0.62847
2026-08-15,120,0.51419,0.46037
2026-08-15,121,0.46302,0.51003
2026-08-15,133,0.36456,0.41465
2026-08-15,134,0.51964,0.50248
2026-08-15,135,0.49826,0.50669
2026-08-15,136,0.47810,0.51469
2026-08-15,137,0.44693,0.47161
2026-08-15,138,0.50000,0.46494
2026-08-15,139,0.55271,0.51279
2026-08-15,140,0.46148,0.48800
2026-08-15,141,0.45046,0.49740
2026-08-15,142,0.46311,0.45543
2026-08-15,143,0.50597,0.52885
2026-08-15,144,0.59885,0.56682
2026-08-15,145,0.53769,0.47770
2026-08-15,146,0.51213,0.48034
2026-08-15,147,0.57569,0.56725
2026-08-15,158,0.61294,0.56802
2026-08-16,108,0.42740,0.43122
2026-08-16,109,0.51511,0.50316
2026-08-16,110,0.47861,0.50280
2026-08-16,111,0.57249,0.55656
2026-08-16,112,0.57973,0.56335
2026-08-16,113,0.42659,0.46131
2026-08-16,114,0.47137,0.48084
2026-08-16,115,0.41553,0.37966
2026-08-16,116,0.57275,0.55064
2026-08-16,117,0.47583,0.50432
2026-08-16,118,0.40875,0.45800
2026-08-16,119,0.61424,0.62632
2026-08-16,120,0.51336,0.46016
2026-08-16,121,0.46413,0.51040
2026-08-16,133,0.36758,0.41598
2026-08-16,134,0.52336,0.50445
2026-08-16,135,0.50260,0.50887
2026-08-16,136,0.47914,0.51507
2026-08-16,137,0.44264,0.46933
2026-08-16,138,0.50600,0.46813
2026-08-16,139,0.54524,0.50917
2026-08-16,140,0.45915,0.48670
2026-08-16,141,0.44993,0.49694
2026-08-16,142,0.46187,0.45483
2026-08-16,143,0.50760,0.52959
2026-08-16,144,0.59978,0.56743
2026-08-16,145,0.53897,0.47859
2026-08-16,146,0.51719,0.48306
2026-08-16,147,0.57603,0.56746
2026-08-16,158,0.61542,0.56947
2026-08-17,108,0.42740,0.43122
2026-08-17,109,0.50665,0.49887
2026-08-17,110,0.47802,0.50240
2026-08-17,111,0.58048,0.56070
2026-08-17,112,0.58054,0.56384
2026-08-17,113,0.42758,0.46153
2026-08-17,114,0.47137,0.48084
2026-08-17,115,0.41207,0.37804
2026-08-17,116,0.57453,0.55164
2026-08-17,117,0.47583,0.50432
2026-08-17,118,0.41294,0.45995
2026-08-17,119,0.61769,0.62804
2026-08-17,120,0.51336,0.46016
2026-08-17,121,0.46513,0.51072
2026-08-17,133,0.36597,0.41497
2026-08-17,134,0.52082,0.50322
2026-08-17,135,0.50173,0.50840
2026-08-17,136,0.47914,0.51507
2026-08-17,137,0.44264,0.46933
2026-08-17,138,0.50591,0.46840
2026-08-17,139,0.54561,0.50951
2026-08-17,140,0.45915,0.48670
2026-08-17,141,0.44993,0.49694
2026-08-17,142,0.46366,0.45578
2026-08-17,143,0.50837,0.52990
2026-08-17,144,0.59751,0.56640
2026-08-17,145,0.53696,0.47781
2026-08-17,146,0.51617,0.48267
2026-08-17,147,0.57603,0.56746
2026-08-17,158,0.61542,0.56947
