team_id,runs_scored,runs_allowed,games_played,wins_so_far,game_date
108,3,0,1,1,2026-03-26
108,9,2,2,2,2026-03-27
108,18,13,3,2,2026-03-28
108,25,22,4,2,2026-03-29
108,27,29,5,2,2026-03-30
108,29,29,6,3,2026-03-31
108,31,35,7,3,2026-04-01
108,32,38,8,3,2026-04-03
108,33,38,9,4,2026-04-04
108,41,45,10,5,2026-04-05
108,47,47,11,6,2026-04-06
108,49,54,12,6,2026-04-07
108,51,62,13,6,2026-04-08
108,61,64,14,7,2026-04-10
108,64,71,15,7,2026-04-11
108,73,77,16,8,2026-04-12
108,83,88,17,8,2026-04-13
108,90,89,18,9,2026-04-14
108,94,94,19,9,2026-04-15
108,105,98,20,10,2026-04-16
108,113,98,21,11,2026-04-17
108,114,102,22,11,2026-04-18
108,115,104,23,11,2026-04-19
108,117,109,24,11,2026-04-20
108,119,113,25,11,2026-04-21
108,126,116,26,12,2026-04-22
108,129,122,27,12,2026-04-24
108,130,134,28,12,2026-04-25
108,139,145,29,12,2026-04-26
108,146,153,30,12,2026-04-27
108,148,158,31,12,2026-04-28
108,150,161,32,12,2026-04-29
108,153,165,33,12,2026-05-01
108,157,168,34,13,2026-05-02
108,158,173,35,13,2026-05-03
108,158,179,36,13,2026-05-04
108,162,182,37,14,2026-05-05
108,170,184,38,15,2026-05-06
108,170,186,39,15,2026-05-08
108,171,200,40,15,2026-05-09
108,177,201,41,16,2026-05-10
108,179,208,42,16,2026-05-11
108,181,211,43,16,2026-05-12
108,183,215,44,16,2026-05-13
108,183,221,45,16,2026-05-15
108,185,236,46,16,2026-05-16
108,186,246,47,16,2026-05-17
108,188,247,48,17,2026-05-18
108,194,261,49,17,2026-05-19
108,199,267,50,17,2026-05-20
108,201,270,51,17,2026-05-21
108,210,276,52,18,2026-05-22
108,215,278,53,19,2026-05-23
108,217,279,54,20,2026-05-24
108,227,285,55,21,2026-05-26
108,227,289,56,21,2026-05-27
108,234,290,57,22,2026-05-28
108,239,298,58,22,2026-05-29
108,253,301,59,23,2026-05-30
108,255,306,60,23,2026-05-31
108,263,315,61,23,2026-06-01
108,265,323,62,23,2026-06-02
108,276,327,63,24,2026-06-03
108,276,328,64,24,2026-06-05
108,278,337,65,24,2026-06-06
108,291,342,66,25,2026-06-07
108,295,347,67,25,2026-06-08
108,305,348,68,26,2026-06-09
108,308,350,69,27,2026-06-10
108,312,353,70,28,2026-06-12
108,320,353,71,29,2026-06-13
108,323,361,72,29,2026-06-14
108,326,365,73,29,2026-06-15
108,333,365,74,30,2026-06-16
108,334,373,75,30,2026-06-17
108,334,378,76,30,2026-06-18
108,345,390,77,30,2026-06-19
108,352,390,78,31,2026-06-20
108,361,397,79,32,2026-06-21
108,362,403,80,32,2026-06-22
108,367,404,81,33,2026-06-23
108,374,410,82,34,2026-06-24
108,377,419,83,34,2026-06-26
108,382,421,84,35,2026-06-27
108,386,422,85,36,2026-06-28
108,388,428,86,36,2026-06-29
108,391,436,87,36,2026-06-30
108,391,437,88,36,2026-07-02
108,393,442,89,36,2026-07-03
108,394,450,90,36,2026-07-04
108,399,457,91,36,2026-07-05
108,402,465,92,36,2026-07-07
108,415,466,93,37,2026-07-08
108,421,473,94,37,2026-07-09
108,425,476,95,38,2026-07-10
108,428,481,96,38,2026-07-11
108,430,485,97,38,2026-07-12
108,431,487,98,38,2026-07-17
108,431,494,99,38,2026-07-18
108,434,496,100,39,2026-07-19
108,437,498,101,40,2026-07-20
108,442,499,102,41,2026-07-21
108,442,500,103,41,2026-07-22
108,448,507,104,41,2026-07-24
108,450,516,105,41,2026-07-25
108,454,519,106,42,2026-07-26
108,458,525,107,42,2026-07-27
108,460,528,108,42,2026-07-28
108,464,535,109,42,2026-07-29
108,466,541,110,42,2026-07-31
108,467,544,111,42,2026-08-01
108,470,544,112,43,2026-08-02
108,471,547,113,43,2026-08-04
108,473,552,114,43,2026-08-05
108,477,553,115,44,2026-08-06
108,481,556,116,45,2026-08-07
108,481,563,117,45,2026-08-08
108,484,575,118,45,2026-08-09
108,485,579,119,45,2026-08-10
108,488,581,120,46,2026-08-11
108,493,583,121,47,2026-08-12
108,500,583,122,48,2026-08-13
108,506,590,123,48,2026-08-14
108,507,590,124,49,2026-08-15
109,2,8,1,0,2026-03-26
109,6,13,2,0,2026-03-27
109,8,16,3,0,2026-03-28
109,17,22,4,1,2026-03-30
109,24,27,5,2,2026-03-31
109,25,27,6,3,2026-04-01
109,27,44,7,3,2026-04-02
109,27,46,8,3,2026-04-03
109,29,47,9,4,2026-04-04
109,35,52,10,5,2026-04-05
109,38,56,11,5,2026-04-07
109,45,58,12,6,2026-04-08
109,52,59,13,7,2026-04-09
109,57,63,14,8,2026-04-10
109,60,67,15,8,2026-04-11
109,64,70,16,9,2026-04-12
109,71,79,17,9,2026-04-13
109,75,82,18,10,2026-04-14
109,83,87,19,11,2026-04-15
109,89,90,20,12,2026-04-17
109,95,92,21,13,2026-04-18
109,99,102,22,13,2026-04-19
109,104,113,23,13,2026-04-21
109,115,120,24,14,2026-04-22
109,116,124,25,14,2026-04-23
109,120,130,26,14,2026-04-25
109,132,137,27,15,2026-04-26
109,134,150,28,15,2026-04-28
109,140,152,29,16,2026-04-29
109,141,165,30,16,2026-04-30
109,146,171,31,16,2026-05-01
109,146,173,32,16,2026-05-02
109,150,181,33,16,2026-05-03
109,159,181,34,17,2026-05-05
109,159,182,35,17,2026-05-06
109,161,186,36,17,2026-05-07
109,162,189,37,17,2026-05-08
109,164,190,38,18,2026-05-09
109,169,191,39,19,2026-05-10
109,170,191,40,20,2026-05-11
109,174,198,41,20,2026-05-12
109,179,204,42,20,2026-05-13
109,188,205,43,21,2026-05-15
109,190,209,44,21,2026-05-16
109,198,215,45,22,2026-05-17
109,210,217,46,23,2026-05-18
109,215,220,47,24,2026-05-19
109,221,223,48,25,2026-05-20
109,223,224,49,26,2026-05-21
109,225,227,50,26,2026-05-22
109,230,231,51,27,2026-05-23
109,239,232,52,28,2026-05-24
109,245,234,53,29,2026-05-25
109,252,239,54,30,2026-05-26
109,255,241,55,31,2026-05-27
109,261,248,56,31,2026-05-29
109,262,253,57,31,2026-05-30
109,264,256,58,31,2026-05-31
109,268,257,59,32,2026-06-01
109,273,263,60,32,2026-06-02
109,273,270,61,32,2026-06-03
109,276,272,62,33,2026-06-04
109,277,286,63,33,2026-06-05
109,278,292,64,33,2026-06-06
109,283,293,65,34,2026-06-07
109,289,303,66,34,2026-06-09
109,289,311,67,34,2026-06-10
109,289,313,68,34,2026-06-11
109,294,315,69,35,2026-06-12
109,295,317,70,35,2026-06-13
109,300,320,71,36,2026-06-14
109,304,323,72,37,2026-06-15
109,304,330,73,37,2026-06-16
109,312,331,74,38,2026-06-17
109,321,336,75,39,2026-06-19
109,329,352,76,39,2026-06-20
109,331,356,77,39,2026-06-21
109,333,359,78,39,2026-06-22
109,337,362,79,40,2026-06-23
109,346,366,80,41,2026-06-24
109,347,372,81,41,2026-06-26
109,349,376,82,41,2026-06-27
109,350,381,83,41,2026-06-28
109,355,385,84,42,2026-06-29
109,363,387,85,43,2026-06-30
109,367,393,86,43,2026-07-01
109,371,400,87,43,2026-07-03
109,375,403,88,44,2026-07-04
109,377,406,89,44,2026-07-05
109,385,406,90,45,2026-07-06
109,386,410,91,45,2026-07-07
109,390,420,92,45,2026-07-08
109,393,421,93,46,2026-07-09
109,402,424,94,47,2026-07-10
109,411,426,95,48,2026-07-11
109,416,429,96,49,2026-07-12
109,420,434,97,49,2026-07-17
109,425,437,98,50,2026-07-18
109,433,444,99,51,2026-07-19
109,435,449,100,51,2026-07-20
109,441,454,101,52,2026-07-21
109,456,459,102,53,2026-07-22
109,466,465,103,54,2026-07-23
109,469,467,104,55,2026-07-24
109,472,472,105,55,2026-07-25
109,479,482,106,55,2026-07-26
109,481,485,107,55,2026-07-27
109,489,492,108,56,2026-07-28
109,492,492,109,57,2026-07-29
109,496,493,110,58,2026-07-31
109,508,501,111,59,2026-08-01
109,508,506,112,59,2026-08-02
109,513,507,113,60,2026-08-03
109,517,516,114,60,2026-08-04
109,527,520,115,61,2026-08-05
109,528,525,116,61,2026-08-06
109,532,528,117,62,2026-08-07
109,533,530,118,62,2026-08-08
109,537,532,119,63,2026-08-09
109,546,532,120,64,2026-08-10
109,548,535,121,64,2026-08-11
109,552,541,122,64,2026-08-12
109,554,541,123,65,2026-08-14
109,564,544,124,66,2026-08-15
110,2,1,1,1,2026-03-26
110,3,5,2,1,2026-03-28
110,11,11,3,2,2026-03-29
110,13,16,4,2,2026-03-30
110,18,24,5,2,2026-03-31
110,26,27,6,3,2026-04-01
110,30,32,7,3,2026-04-03
110,32,35,8,3,2026-04-04
110,34,43,9,3,2026-04-05
110,36,44,10,4,2026-04-06
110,40,46,11,5,2026-04-07
110,45,49,12,6,2026-04-08
110,48,55,13,6,2026-04-10
110,54,57,14,7,2026-04-11
110,60,59,15,8,2026-04-12
110,69,66,16,9,2026-04-13
110,72,70,17,9,2026-04-14
110,77,78,18,9,2026-04-15
110,79,82,19,9,2026-04-16
110,85,86,20,10,2026-04-17
110,87,90,21,10,2026-04-18
110,91,98,22,10,2026-04-19
110,98,103,23,11,2026-04-20
110,103,109,24,11,2026-04-21
110,111,115,25,12,2026-04-22
110,121,118,26,13,2026-04-24
110,122,135,27,13,2026-04-25
110,125,140,28,13,2026-04-26
110,130,143,29,14,2026-04-28
110,140,146,30,15,2026-04-30
110,145,157,31,15,2026-04-30
110,147,164,32,15,2026-05-01
110,151,173,33,15,2026-05-02
110,154,184,34,15,2026-05-03
110,155,196,35,15,2026-05-04
110,164,203,36,16,2026-05-05
110,171,207,37,17,2026-05-06
110,174,211,38,17,2026-05-07
110,177,215,39,17,2026-05-08
110,179,221,40,17,2026-05-09
110,181,222,41,18,2026-05-10
110,184,224,42,19,2026-05-11
110,186,230,43,19,2026-05-12
110,193,230,44,20,2026-05-13
110,195,233,45,20,2026-05-15
110,198,246,46,20,2026-05-16
110,205,249,47,21,2026-05-17
110,211,265,48,21,2026-05-18
110,212,269,49,21,2026-05-19
110,215,274,50,21,2026-05-20
110,222,278,51,22,2026-05-22
110,227,281,52,23,2026-05-24
110,228,285,53,23,2026-05-24
110,237,292,54,24,2026-05-25
110,243,293,55,25,2026-05-26
110,254,295,56,26,2026-05-27
110,255,297,57,26,2026-05-28
110,260,303,58,26,2026-05-29
110,266,308,59,27,2026-05-30
110,275,313,60,28,2026-05-31
110,279,315,61,29,2026-06-02
110,280,323,62,29,2026-06-03
110,288,325,63,30,2026-06-04
110,301,328,64,31,2026-06-05
110,305,334,65,31,2026-06-06
110,309,340,66,31,2026-06-07
110,312,346,67,31,2026-06-08
110,317,352,68,31,2026-06-09
110,324,354,69,32,2026-06-10
110,331,359,70,33,2026-06-11
110,338,362,71,34,2026-06-12
110,341,371,72,34,2026-06-13
110,343,376,73,34,2026-06-14
110,344,379,74,34,2026-06-16
110,349,382,75,35,2026-06-17
110,349,385,76,35,2026-06-18
110,354,391,77,35,2026-06-19
110,357,393,78,36,2026-06-20
110,369,394,79,37,2026-06-21
110,375,395,80,38,2026-06-22
110,376,400,81,38,2026-06-23
110,382,407,82,38,2026-06-24
110,385,408,83,39,2026-06-26
110,388,412,84,39,2026-06-27
110,392,418,85,39,2026-06-28
110,394,426,86,39,2026-06-29
110,397,435,87,39,2026-06-30
110,403,436,88,40,2026-07-01
110,406,436,89,41,2026-07-03
110,414,441,90,42,2026-07-04
110,416,444,91,42,2026-07-05
110,418,449,92,42,2026-07-07
110,425,458,93,42,2026-07-08
110,428,460,94,43,2026-07-09
110,433,463,95,44,2026-07-10
110,439,464,96,45,2026-07-11
110,447,466,97,46,2026-07-12
110,450,468,98,47,2026-07-17
110,454,470,99,48,2026-07-18
110,459,472,100,49,2026-07-19
110,464,478,101,49,2026-07-20
110,469,479,102,50,2026-07-22
110,472,485,103,50,2026-07-22
110,478,492,104,50,2026-07-24
110,481,494,105,51,2026-07-25
110,483,497,106,51,2026-07-26
110,491,502,107,52,2026-07-27
110,491,516,108,52,2026-07-28
110,501,525,109,53,2026-07-29
110,507,529,110,54,2026-07-31
110,507,534,111,54,2026-08-01
110,507,542,112,54,2026-08-02
110,510,543,113,55,2026-08-04
110,515,545,114,56,2026-08-05
110,516,549,115,56,2026-08-06
110,517,551,116,56,2026-08-07
110,518,556,117,56,2026-08-08
110,528,561,118,57,2026-08-09
110,533,570,119,57,2026-08-10
110,538,572,120,58,2026-08-11
110,543,579,121,58,2026-08-12
110,549,584,122,59,2026-08-14
110,553,587,123,60,2026-08-15
111,3,0,1,1,2026-03-26
111,8,6,2,1,2026-03-28
111,10,9,3,1,2026-03-29
111,11,17,4,1,2026-03-30
111,13,26,5,1,2026-03-31
111,17,32,6,1,2026-04-01
111,22,34,7,2,2026-04-03
111,24,37,8,2,2026-04-04
111,30,45,9,2,2026-04-05
111,36,53,10,2,2026-04-06
111,39,55,11,3,2026-04-07
111,44,55,12,4,2026-04-08
111,46,58,13,4,2026-04-10
111,53,59,14,5,2026-04-11
111,62,62,15,6,2026-04-12
111,68,75,16,6,2026-04-13
111,68,81,17,6,2026-04-14
111,77,86,18,7,2026-04-15
111,78,86,19,8,2026-04-17
111,79,90,20,8,2026-04-18
111,81,96,21,8,2026-04-19
111,89,102,22,9,2026-04-20
111,89,106,23,9,2026-04-21
111,90,110,24,9,2026-04-22
111,92,114,25,9,2026-04-23
111,95,124,26,9,2026-04-24
111,112,125,27,10,2026-04-25
111,117,128,28,11,2026-04-26
111,122,128,29,12,2026-04-27
111,122,131,30,12,2026-04-28
111,123,139,31,12,2026-04-29
111,126,140,32,13,2026-05-01
111,129,146,33,13,2026-05-02
111,130,149,34,13,2026-05-03
111,135,153,35,14,2026-05-04
111,145,156,36,15,2026-05-05
111,149,156,37,16,2026-05-06
111,153,164,38,16,2026-05-07
111,155,164,39,17,2026-05-08
111,156,168,40,17,2026-05-10
111,157,170,41,17,2026-05-12
111,160,171,42,18,2026-05-13
111,161,174,43,18,2026-05-14
111,163,177,44,18,2026-05-15
111,166,179,45,19,2026-05-16
111,167,187,46,19,2026-05-17
111,170,188,47,20,2026-05-18
111,177,189,48,21,2026-05-19
111,181,192,49,22,2026-05-20
111,187,200,50,22,2026-05-22
111,189,204,51,22,2026-05-23
111,194,210,52,22,2026-05-24
111,200,217,53,22,2026-05-26
111,208,217,54,23,2026-05-27
111,210,227,55,23,2026-05-28
111,213,231,56,23,2026-05-29
111,222,232,57,24,2026-05-30
111,231,236,58,25,2026-05-31
111,233,240,59,25,2026-06-02
111,241,241,60,26,2026-06-03
111,243,249,61,26,2026-06-04
111,248,252,62,27,2026-06-05
111,249,258,63,27,2026-06-07
111,250,261,64,27,2026-06-08
111,253,265,65,27,2026-06-09
111,258,272,66,27,2026-06-10
111,268,273,67,28,2026-06-12
111,274,276,68,29,2026-06-13
111,278,282,69,29,2026-06-14
111,279,288,70,29,2026-06-16
111,279,291,71,29,2026-06-17
111,282,295,72,29,2026-06-18
111,288,297,73,30,2026-06-19
111,293,298,74,31,2026-06-20
111,294,301,75,31,2026-06-21
111,296,304,76,31,2026-06-22
111,301,306,77,32,2026-06-23
111,307,314,78,32,2026-06-24
111,313,317,79,33,2026-06-25
111,319,318,80,34,2026-06-26
111,323,319,81,35,2026-06-27
111,328,323,82,36,2026-06-28
111,334,326,83,37,2026-06-29
111,335,334,84,37,2026-06-30
111,337,344,85,37,2026-07-01
111,342,346,86,38,2026-07-03
111,350,347,87,39,2026-07-04
111,357,352,88,40,2026-07-05
111,365,353,89,41,2026-07-07
111,370,353,90,42,2026-07-08
111,372,354,91,43,2026-07-09
111,378,356,92,44,2026-07-10
111,382,356,93,45,2026-07-11
111,385,358,94,46,2026-07-12
111,390,361,95,47,2026-07-17
111,400,361,96,48,2026-07-17
111,407,367,97,49,2026-07-18
111,413,368,98,50,2026-07-19
111,419,373,99,51,2026-07-20
111,420,378,100,51,2026-07-22
111,426,381,101,52,2026-07-22
111,432,385,102,53,2026-07-24
111,432,391,103,53,2026-07-25
111,438,392,104,54,2026-07-26
111,442,394,105,55,2026-07-27
111,445,398,106,55,2026-07-28
111,449,400,107,56,2026-07-29
111,454,404,108,57,2026-07-30
111,463,408,109,58,2026-07-31
111,466,410,110,59,2026-08-01
111,474,414,111,60,2026-08-02
111,488,416,112,61,2026-08-04
111,492,416,113,62,2026-08-05
111,504,427,114,63,2026-08-06
111,517,428,115,64,2026-08-07
111,520,435,116,64,2026-08-08
111,523,439,117,64,2026-08-09
111,524,441,118,64,2026-08-10
111,527,446,119,64,2026-08-11
111,531,452,120,64,2026-08-12
111,538,452,121,65,2026-08-13
111,542,460,122,65,2026-08-14
111,546,460,123,66,2026-08-15
112,4,10,1,0,2026-03-26
112,14,12,2,1,2026-03-28
112,17,18,3,1,2026-03-29
112,24,20,4,2,2026-03-30
112,24,22,5,2,2026-03-31
112,30,24,6,3,2026-04-01
112,31,28,7,3,2026-04-03
112,32,28,8,4,2026-04-05
112,37,34,9,4,2026-04-05
112,41,40,10,4,2026-04-06
112,50,42,11,5,2026-04-07
112,56,44,12,6,2026-04-08
112,56,46,13,6,2026-04-10
112,59,50,14,6,2026-04-11
112,66,56,15,7,2026-04-12
112,73,69,16,7,2026-04-13
112,83,73,17,8,2026-04-14
112,94,75,18,9,2026-04-15
112,106,79,19,10,2026-04-17
112,110,81,20,11,2026-04-18
112,112,82,21,12,2026-04-19
112,117,83,22,13,2026-04-20
112,124,87,23,14,2026-04-21
112,131,89,24,15,2026-04-22
112,139,96,25,16,2026-04-23
112,145,100,26,17,2026-04-24
112,149,112,27,17,2026-04-25
112,149,118,28,17,2026-04-26
112,156,127,29,17,2026-04-27
112,164,130,30,18,2026-04-28
112,169,134,31,19,2026-04-29
112,175,139,32,20,2026-05-01
112,177,139,33,21,2026-05-02
112,185,143,34,22,2026-05-03
112,190,147,35,23,2026-05-04
112,193,149,36,24,2026-05-05
112,200,155,37,25,2026-05-06
112,208,158,38,26,2026-05-07
112,215,159,39,27,2026-05-08
112,215,165,40,27,2026-05-09
112,215,168,41,27,2026-05-10
112,217,173,42,27,2026-05-12
112,218,177,43,27,2026-05-13
112,220,177,44,28,2026-05-14
112,230,182,45,29,2026-05-15
112,233,190,46,29,2026-05-16
112,241,199,47,29,2026-05-17
112,244,208,48,29,2026-05-18
112,246,213,49,29,2026-05-19
112,246,218,50,29,2026-05-20
112,248,222,51,29,2026-05-22
112,248,225,52,29,2026-05-23
112,253,233,53,29,2026-05-24
112,254,235,54,29,2026-05-25
112,255,247,55,29,2026-05-26
112,265,251,56,30,2026-05-27
112,272,253,57,31,2026-05-28
112,277,259,58,31,2026-05-29
112,283,260,59,32,2026-05-30
112,284,265,60,32,2026-05-31
112,285,267,61,32,2026-06-02
112,289,272,62,32,2026-06-03
112,296,278,63,33,2026-06-04
112,299,296,64,33,2026-06-05
112,302,298,65,34,2026-06-06
112,303,300,66,34,2026-06-07
112,306,307,67,34,2026-06-09
112,308,310,68,34,2026-06-10
112,317,313,69,35,2026-06-11
112,322,314,70,36,2026-06-12
112,328,315,71,37,2026-06-13
112,329,320,72,37,2026-06-14
112,334,324,73,38,2026-06-15
112,336,329,74,38,2026-06-16
112,344,335,75,39,2026-06-17
112,360,337,76,40,2026-06-19
112,366,345,77,40,2026-06-20
112,375,351,78,41,2026-06-23
112,385,356,79,42,2026-06-24
112,395,359,80,43,2026-06-24
112,399,362,81,44,2026-06-25
112,401,368,82,44,2026-06-26
112,409,370,83,45,2026-06-27
112,413,373,84,46,2026-06-28
112,416,375,85,47,2026-06-29
112,425,382,86,48,2026-06-30
112,448,385,87,49,2026-07-01
112,449,402,88,49,2026-07-03
112,449,405,89,49,2026-07-04
112,455,409,90,50,2026-07-05
112,460,411,91,51,2026-07-07
112,469,418,92,52,2026-07-08
112,471,421,93,52,2026-07-09
112,471,425,94,52,2026-07-10
112,476,428,95,53,2026-07-11
112,484,432,96,54,2026-07-12
112,486,437,97,54,2026-07-17
112,492,439,98,55,2026-07-18
112,502,440,99,56,2026-07-19
112,508,448,100,56,2026-07-20
112,519,450,101,57,2026-07-21
112,520,455,102,57,2026-07-22
112,523,457,103,58,2026-07-24
112,534,457,104,59,2026-07-25
112,541,465,105,59,2026-07-26
112,548,468,106,60,2026-07-27
112,558,470,107,61,2026-07-28
112,560,473,108,61,2026-07-29
112,564,475,109,62,2026-07-30
112,564,477,110,62,2026-07-31
112,569,479,111,63,2026-08-01
112,570,481,112,63,2026-08-02
112,580,486,113,64,2026-08-03
112,585,487,114,65,2026-08-04
112,592,493,115,66,2026-08-05
112,595,495,116,67,2026-08-06
112,601,499,117,68,2026-08-07
112,604,505,118,68,2026-08-08
112,614,507,119,69,2026-08-09
112,622,513,120,70,2026-08-11
112,634,519,121,71,2026-08-12
112,634,526,122,71,2026-08-13
112,637,526,123,72,2026-08-14
112,641,534,124,72,2026-08-15
113,0,3,1,0,2026-03-26
113,6,8,2,1,2026-03-28
113,9,10,3,2,2026-03-29
113,11,10,4,3,2026-03-30
113,14,18,5,3,2026-03-31
113,17,26,6,3,2026-04-01
113,22,29,7,4,2026-04-03
113,24,29,8,5,2026-04-04
113,26,30,9,6,2026-04-05
113,28,30,10,7,2026-04-06
113,34,33,11,8,2026-04-07
113,38,40,12,8,2026-04-08
113,39,48,13,8,2026-04-09
113,41,58,14,8,2026-04-10
113,48,61,15,9,2026-04-11
113,54,70,16,9,2026-04-12
113,56,71,17,10,2026-04-14
113,64,74,18,11,2026-04-15
113,64,77,19,11,2026-04-16
113,66,78,20,12,2026-04-17
113,71,82,21,13,2026-04-18
113,78,86,22,14,2026-04-19
113,84,87,23,15,2026-04-20
113,96,93,24,16,2026-04-21
113,97,99,25,16,2026-04-22
113,106,107,26,17,2026-04-24
113,115,109,27,18,2026-04-25
113,118,117,28,18,2026-04-26
113,125,119,29,19,2026-04-28
113,127,132,30,19,2026-04-29
113,133,136,31,20,2026-04-30
113,134,145,32,20,2026-05-01
113,141,162,33,20,2026-05-02
113,141,163,34,20,2026-05-03
113,145,168,35,20,2026-05-04
113,147,171,36,20,2026-05-05
113,153,178,37,20,2026-05-06
113,156,186,38,20,2026-05-07
113,156,196,39,20,2026-05-08
113,159,197,40,21,2026-05-09
113,164,197,41,22,2026-05-10
113,168,207,42,22,2026-05-12
113,175,215,43,22,2026-05-13
113,190,216,44,23,2026-05-14
113,197,222,45,24,2026-05-15
113,201,229,46,24,2026-05-16
113,204,239,47,24,2026-05-17
113,208,244,48,24,2026-05-18
113,212,245,49,25,2026-05-19
113,221,249,50,26,2026-05-20
113,228,255,51,27,2026-05-23
113,229,263,52,27,2026-05-23
113,236,265,53,28,2026-05-25
113,243,267,54,29,2026-05-26
113,245,271,55,29,2026-05-27
113,248,279,56,29,2026-05-29
113,250,284,57,29,2026-05-30
113,256,288,58,30,2026-05-31
113,258,297,59,30,2026-06-01
113,262,300,60,31,2026-06-02
113,264,305,61,31,2026-06-03
113,267,315,62,31,2026-06-05
113,272,321,63,31,2026-06-06
113,275,326,64,31,2026-06-07
113,277,332,65,31,2026-06-08
113,282,335,66,32,2026-06-09
113,286,340,67,32,2026-06-10
113,288,345,68,32,2026-06-12
113,290,346,69,33,2026-06-13
113,293,351,70,33,2026-06-14
113,305,351,71,34,2026-06-15
113,310,354,72,35,2026-06-16
113,311,363,73,35,2026-06-17
113,311,368,74,35,2026-06-19
113,321,370,75,36,2026-06-20
113,325,371,76,37,2026-06-21
113,326,373,77,37,2026-06-22
113,326,375,78,37,2026-06-23
113,331,381,79,37,2026-06-24
113,337,385,80,38,2026-06-26
113,346,392,81,39,2026-06-27
113,350,401,82,39,2026-06-28
113,353,406,83,39,2026-06-29
113,355,413,84,39,2026-06-30
113,357,417,85,39,2026-07-01
113,364,419,86,40,2026-07-02
113,364,422,87,40,2026-07-03
113,369,430,88,40,2026-07-04
113,372,432,89,41,2026-07-05
113,373,436,90,41,2026-07-07
113,384,441,91,42,2026-07-08
113,384,442,92,42,2026-07-09
113,388,442,93,43,2026-07-10
113,391,447,94,43,2026-07-11
113,395,455,95,43,2026-07-12
113,402,457,96,44,2026-07-17
113,405,467,97,44,2026-07-18
113,414,473,98,45,2026-07-19
113,414,481,99,45,2026-07-20
113,418,483,100,46,2026-07-21
113,423,486,101,47,2026-07-22
113,427,488,102,48,2026-07-24
113,427,495,103,48,2026-07-25
113,432,498,104,49,2026-07-26
113,434,498,105,50,2026-07-28
113,439,504,106,50,2026-07-28
113,440,510,107,50,2026-07-29
113,443,512,108,51,2026-07-30
113,451,519,109,52,2026-07-31
113,452,523,110,52,2026-08-01
113,462,525,111,53,2026-08-02
113,467,529,112,54,2026-08-04
113,470,531,113,55,2026-08-05
113,476,536,114,56,2026-08-06
113,479,541,115,56,2026-08-07
113,481,549,116,56,2026-08-08
113,482,556,117,56,2026-08-09
113,487,560,118,57,2026-08-11
113,487,565,119,57,2026-08-12
113,496,573,120,58,2026-08-13
113,497,573,121,59,2026-08-14
113,501,581,122,59,2026-08-15
114,6,4,1,1,2026-03-26
114,7,9,2,1,2026-03-27
114,13,14,3,2,2026-03-28
114,13,22,4,2,2026-03-29
114,17,24,5,3,2026-03-30
114,18,28,6,3,2026-03-31
114,22,29,7,4,2026-04-01
114,26,30,8,5,2026-04-03
114,26,31,9,5,2026-04-05
114,32,36,10,6,2026-04-05
114,34,40,11,6,2026-04-06
114,36,41,12,7,2026-04-07
114,46,43,13,8,2026-04-08
114,51,54,14,8,2026-04-10
114,57,54,15,9,2026-04-11
114,58,67,16,9,2026-04-12
114,67,70,17,10,2026-04-13
114,72,76,18,10,2026-04-14
114,75,81,19,10,2026-04-15
114,79,83,20,11,2026-04-16
114,83,89,21,11,2026-04-17
114,87,91,22,12,2026-04-18
114,95,95,23,13,2026-04-19
114,97,104,24,13,2026-04-20
114,105,109,25,14,2026-04-21
114,105,111,26,14,2026-04-22
114,113,117,27,15,2026-04-24
114,116,122,28,15,2026-04-25
114,118,126,29,15,2026-04-26
114,120,129,30,15,2026-04-27
114,120,130,31,15,2026-04-28
114,123,131,32,16,2026-04-29
114,131,136,33,17,2026-05-01
114,145,142,34,18,2026-05-02
114,146,149,35,18,2026-05-03
114,148,155,36,18,2026-05-04
114,151,160,37,18,2026-05-05
114,154,161,38,19,2026-05-06
114,162,166,39,20,2026-05-07
114,168,170,40,21,2026-05-08
114,169,172,41,21,2026-05-09
114,173,177,42,21,2026-05-10
114,180,179,43,22,2026-05-11
114,183,181,44,23,2026-05-12
114,187,183,45,24,2026-05-13
114,193,190,46,24,2026-05-15
114,200,194,47,25,2026-05-16
114,210,197,48,26,2026-05-17
114,218,199,49,27,2026-05-18
114,222,202,50,28,2026-05-19
114,225,204,51,29,2026-05-20
114,228,205,52,30,2026-05-21
114,229,205,53,31,2026-05-22
114,229,208,54,31,2026-05-23
114,232,209,55,32,2026-05-24
114,234,219,56,32,2026-05-25
114,237,225,57,32,2026-05-26
114,240,227,58,33,2026-05-27
114,244,230,59,34,2026-05-29
114,245,239,60,34,2026-05-30
114,249,248,61,34,2026-05-31
114,258,252,62,35,2026-06-02
114,263,256,63,36,2026-06-03
114,264,258,64,36,2026-06-04
114,266,261,65,36,2026-06-05
114,272,261,66,37,2026-06-06
114,272,271,67,37,2026-06-07
114,277,278,68,37,2026-06-08
114,279,281,69,37,2026-06-09
114,283,289,70,37,2026-06-10
114,286,291,71,38,2026-06-12
114,289,292,72,39,2026-06-13
114,290,294,73,39,2026-06-16
114,294,303,74,39,2026-06-17
114,298,305,75,40,2026-06-18
114,301,314,76,40,2026-06-19
114,309,315,77,41,2026-06-20
114,310,317,78,41,2026-06-21
114,315,323,79,41,2026-06-22
114,316,325,80,41,2026-06-23
114,320,328,81,42,2026-06-24
114,321,331,82,42,2026-06-26
114,325,334,83,43,2026-06-27
114,331,339,84,44,2026-06-28
114,334,345,85,44,2026-06-29
114,336,349,86,44,2026-06-30
114,345,353,87,45,2026-07-01
114,351,358,88,46,2026-07-02
114,355,361,89,47,2026-07-03
114,356,364,90,47,2026-07-04
114,362,371,91,47,2026-07-05
114,363,374,92,47,2026-07-07
114,368,380,93,47,2026-07-08
114,373,382,94,48,2026-07-09
114,376,384,95,49,2026-07-10
114,380,385,96,50,2026-07-11
114,385,387,97,51,2026-07-12
114,390,390,98,52,2026-07-18
114,391,397,99,52,2026-07-18
114,392,404,100,52,2026-07-19
114,405,408,101,53,2026-07-20
114,410,410,102,54,2026-07-21
114,416,420,103,54,2026-07-22
114,417,423,104,54,2026-07-23
114,420,434,105,54,2026-07-24
114,420,437,106,54,2026-07-25
114,420,438,107,54,2026-07-26
114,420,440,108,54,2026-07-28
114,426,445,109,55,2026-07-28
114,432,446,110,56,2026-07-29
114,433,450,111,56,2026-07-31
114,441,462,112,56,2026-08-01
114,446,462,113,57,2026-08-02
114,448,468,114,57,2026-08-04
114,453,474,115,57,2026-08-05
114,459,487,116,57,2026-08-06
114,467,489,117,58,2026-08-07
114,470,495,118,58,2026-08-08
114,473,500,119,58,2026-08-09
114,477,506,120,58,2026-08-11
114,483,510,121,59,2026-08-12
114,483,513,122,59,2026-08-13
114,488,520,123,59,2026-08-14
114,494,521,124,60,2026-08-15
115,1,2,1,0,2026-03-27
115,4,6,2,0,2026-03-28
115,7,10,3,0,2026-03-29
115,21,15,4,1,2026-03-30
115,22,20,5,1,2026-03-31
115,24,21,6,2,2026-04-01
115,25,31,7,2,2026-04-03
115,26,33,8,2,2026-04-04
115,30,34,9,3,2026-04-05
115,39,41,10,4,2026-04-06
115,44,42,11,5,2026-04-07
115,53,43,12,6,2026-04-08
115,56,50,13,6,2026-04-09
115,58,55,14,6,2026-04-10
115,63,64,15,6,2026-04-11
115,65,71,16,6,2026-04-12
115,71,78,17,6,2026-04-14
115,72,81,18,6,2026-04-15
115,75,83,19,7,2026-04-16
115,76,90,20,7,2026-04-17
115,80,93,21,8,2026-04-18
115,89,99,22,9,2026-04-19
115,92,111,23,9,2026-04-20
115,92,112,24,9,2026-04-21
115,100,115,25,10,2026-04-22
115,108,125,26,10,2026-04-23
115,112,128,27,11,2026-04-24
115,115,129,28,12,2026-04-26
115,118,129,29,13,2026-04-26
115,120,136,30,13,2026-04-28
115,133,138,31,14,2026-04-29
115,137,144,32,14,2026-04-30
115,143,152,33,14,2026-05-01
115,144,161,34,14,2026-05-02
115,150,172,35,14,2026-05-03
115,152,176,36,14,2026-05-04
115,157,186,37,14,2026-05-06
115,163,188,38,15,2026-05-07
115,172,195,39,16,2026-05-08
115,175,204,40,16,2026-05-09
115,175,210,41,16,2026-05-10
115,176,213,42,16,2026-05-12
115,186,217,43,17,2026-05-13
115,188,224,44,17,2026-05-14
115,189,233,45,17,2026-05-15
115,193,235,46,18,2026-05-16
115,199,243,47,18,2026-05-17
115,206,249,48,19,2026-05-18
115,206,259,49,19,2026-05-19
115,210,264,50,19,2026-05-20
115,211,266,51,19,2026-05-21
115,214,268,52,20,2026-05-22
115,218,273,53,20,2026-05-23
115,219,282,54,20,2026-05-24
115,222,287,55,20,2026-05-25
115,228,302,56,20,2026-05-26
115,229,306,57,20,2026-05-27
115,237,312,58,21,2026-05-29
115,245,315,59,22,2026-05-30
115,251,334,60,22,2026-05-31
115,260,342,61,23,2026-06-01
115,268,344,62,24,2026-06-02
115,272,355,63,24,2026-06-03
115,279,364,64,24,2026-06-05
115,280,371,65,24,2026-06-06
115,284,383,66,24,2026-06-07
115,291,386,67,25,2026-06-09
115,294,388,68,26,2026-06-10
115,297,397,69,26,2026-06-11
115,301,403,70,26,2026-06-12
115,306,410,71,26,2026-06-13
115,329,419,72,27,2026-06-14
115,333,424,73,27,2026-06-15
115,338,426,74,28,2026-06-16
115,344,434,75,28,2026-06-17
115,348,437,76,29,2026-06-19
115,350,438,77,30,2026-06-20
115,356,446,78,30,2026-06-21
115,359,448,79,31,2026-06-22
115,361,453,80,31,2026-06-23
115,369,459,81,32,2026-06-24
115,377,468,82,32,2026-06-26
115,385,473,83,33,2026-06-27
115,387,476,84,33,2026-06-28
115,394,486,85,33,2026-06-29
115,397,500,86,33,2026-06-30
115,403,503,87,34,2026-07-01
115,417,507,88,35,2026-07-02
115,432,510,89,36,2026-07-03
115,436,516,90,36,2026-07-04
115,443,522,91,37,2026-07-05
115,450,530,92,37,2026-07-06
115,454,533,93,38,2026-07-07
115,457,537,94,38,2026-07-08
115,459,545,95,38,2026-07-09
115,463,548,96,39,2026-07-10
115,465,552,97,39,2026-07-11
115,466,555,98,39,2026-07-12
115,468,562,99,39,2026-07-17
115,478,565,100,40,2026-07-18
115,484,574,101,40,2026-07-19
115,487,581,102,40,2026-07-20
115,495,588,103,41,2026-07-21
115,495,596,104,41,2026-07-22
115,500,598,105,42,2026-07-24
115,505,606,106,42,2026-07-25
115,507,617,107,42,2026-07-26
115,514,625,108,42,2026-07-28
115,515,628,109,42,2026-07-29
115,518,629,110,43,2026-07-31
115,530,635,111,44,2026-08-01
115,538,636,112,45,2026-08-02
115,547,649,113,45,2026-08-03
115,554,658,114,45,2026-08-04
115,554,662,115,45,2026-08-05
115,556,665,116,45,2026-08-07
115,564,671,117,46,2026-08-08
115,568,678,118,46,2026-08-09
115,568,687,119,46,2026-08-10
115,571,689,120,47,2026-08-11
115,577,693,121,48,2026-08-12
115,582,695,122,49,2026-08-14
115,583,702,123,49,2026-08-15
116,8,2,1,1,2026-03-26
116,13,4,2,2,2026-03-27
116,13,7,3,2,2026-03-28
116,19,16,4,2,2026-03-30
116,24,23,5,2,2026-03-31
116,24,24,6,2,2026-04-01
116,28,24,7,3,2026-04-03
116,39,30,8,4,2026-04-04
116,42,35,9,4,2026-04-05
116,45,42,10,4,2026-04-06
116,47,46,11,4,2026-04-07
116,53,54,12,4,2026-04-08
116,54,57,13,4,2026-04-09
116,56,57,14,5,2026-04-10
116,62,58,15,6,2026-04-11
116,70,60,16,7,2026-04-12
116,72,61,17,8,2026-04-14
116,74,62,18,9,2026-04-15
116,84,71,19,10,2026-04-16
116,84,72,20,10,2026-04-17
116,88,73,21,11,2026-04-18
116,94,75,22,12,2026-04-19
116,100,83,23,12,2026-04-20
116,104,95,24,12,2026-04-21
116,109,97,25,13,2026-04-22
116,114,101,26,14,2026-04-23
116,122,110,27,14,2026-04-24
116,124,119,28,14,2026-04-25
116,132,122,29,15,2026-04-26
116,134,127,30,15,2026-04-28
116,137,131,31,15,2026-04-29
116,142,133,32,16,2026-04-30
116,146,138,33,16,2026-05-01
116,151,139,34,17,2026-05-02
116,158,140,35,18,2026-05-03
116,162,145,36,18,2026-05-04
116,165,155,37,18,2026-05-05
116,165,159,38,18,2026-05-06
116,168,163,39,18,2026-05-08
116,169,168,40,18,2026-05-09
116,175,171,41,19,2026-05-10
116,177,181,42,19,2026-05-12
116,179,184,43,19,2026-05-13
116,183,193,44,19,2026-05-14
116,186,195,45,20,2026-05-15
116,187,197,46,20,2026-05-16
116,188,201,47,20,2026-05-17
116,190,209,48,20,2026-05-18
116,193,213,49,20,2026-05-19
116,195,216,50,20,2026-05-20
116,196,219,51,20,2026-05-21
116,200,226,52,20,2026-05-22
116,203,231,53,20,2026-05-24
116,207,232,54,21,2026-05-24
116,213,242,55,21,2026-05-26
116,217,242,56,22,2026-05-27
116,218,249,57,22,2026-05-28
116,221,253,58,22,2026-05-29
116,222,260,59,22,2026-05-30
116,223,262,60,22,2026-05-31
116,233,271,61,23,2026-06-01
116,241,271,62,24,2026-06-02
116,248,273,63,25,2026-06-03
116,255,276,64,26,2026-06-05
116,255,280,65,26,2026-06-06
116,260,284,66,27,2026-06-07
116,270,288,67,28,2026-06-09
116,274,294,68,28,2026-06-10
116,285,294,69,29,2026-06-11
116,287,297,70,29,2026-06-12
116,288,300,71,29,2026-06-13
116,297,303,72,30,2026-06-15
116,299,307,73,30,2026-06-16
116,301,311,74,30,2026-06-17
116,305,314,75,31,2026-06-19
116,309,315,76,32,2026-06-20
116,314,319,77,33,2026-06-21
116,319,322,78,34,2026-06-22
116,322,326,79,34,2026-06-23
116,324,330,80,34,2026-06-24
116,325,332,81,34,2026-06-25
116,333,332,82,35,2026-06-26
116,339,340,83,35,2026-06-27
116,344,347,84,35,2026-06-28
116,351,350,85,36,2026-06-29
116,360,353,86,37,2026-06-30
116,366,355,87,38,2026-07-01
116,370,365,88,38,2026-07-02
116,373,365,89,39,2026-07-04
116,379,368,90,40,2026-07-05
116,385,370,91,41,2026-07-07
116,391,371,92,42,2026-07-08
116,395,372,93,43,2026-07-09
116,405,374,94,44,2026-07-10
116,407,378,95,44,2026-07-11
116,407,383,96,44,2026-07-12
116,409,384,97,45,2026-07-17
116,416,384,98,46,2026-07-18
116,418,387,99,46,2026-07-19
116,426,393,100,47,2026-07-20
116,428,404,101,47,2026-07-21
116,433,405,102,48,2026-07-22
116,437,408,103,49,2026-07-23
116,439,409,104,50,2026-07-24
116,441,412,105,50,2026-07-25
116,445,417,106,50,2026-07-26
116,450,425,107,50,2026-07-27
116,464,425,108,51,2026-07-28
116,473,435,109,51,2026-07-29
116,486,436,110,52,2026-07-31
116,494,442,111,53,2026-08-01
116,505,442,112,54,2026-08-02
116,513,442,113,55,2026-08-04
116,515,446,114,55,2026-08-05
116,526,446,115,56,2026-08-06
116,528,451,116,56,2026-08-07
116,536,451,117,57,2026-08-08
116,539,452,118,58,2026-08-09
116,545,456,119,59,2026-08-11
116,549,462,120,59,2026-08-12
116,552,462,121,60,2026-08-13
116,557,471,122,60,2026-08-14
116,560,475,123,60,2026-08-15
117,0,3,1,0,2026-03-26
117,2,9,2,0,2026-03-27
117,13,18,3,1,2026-03-28
117,22,25,4,2,2026-03-29
117,30,26,5,3,2026-03-30
117,39,28,6,4,2026-03-31
117,45,32,7,5,2026-04-01
117,49,43,8,5,2026-04-03
117,60,43,9,6,2026-04-04
117,70,55,10,6,2026-04-05
117,77,64,11,6,2026-04-06
117,78,69,12,6,2026-04-07
117,79,78,13,6,2026-04-08
117,85,87,14,6,2026-04-10
117,92,95,15,6,2026-04-11
117,93,101,16,6,2026-04-12
117,95,107,17,6,2026-04-13
117,102,113,18,7,2026-04-14
117,105,114,19,8,2026-04-15
117,107,117,20,8,2026-04-16
117,111,126,21,8,2026-04-17
117,116,133,22,8,2026-04-18
117,121,140,23,8,2026-04-19
117,130,142,24,9,2026-04-20
117,135,150,25,9,2026-04-21
117,137,150,26,10,2026-04-22
117,141,162,27,10,2026-04-24
117,144,170,28,10,2026-04-25
117,151,174,29,11,2026-04-26
117,154,179,30,11,2026-04-28
117,157,189,31,11,2026-04-30
117,168,194,32,12,2026-04-30
117,169,197,33,12,2026-05-01
117,175,200,34,13,2026-05-02
117,178,201,35,14,2026-05-03
117,181,209,36,14,2026-05-04
117,183,210,37,15,2026-05-05
117,185,222,38,15,2026-05-06
117,195,222,39,16,2026-05-08
117,196,225,40,16,2026-05-09
117,196,230,41,16,2026-05-10
117,197,233,42,16,2026-05-11
117,199,243,43,16,2026-05-12
117,203,246,44,17,2026-05-13
117,206,254,45,17,2026-05-14
117,208,254,46,18,2026-05-15
117,212,255,47,19,2026-05-16
117,212,263,48,19,2026-05-17
117,215,269,49,19,2026-05-18
117,217,270,50,20,2026-05-19
117,218,274,51,20,2026-05-20
117,222,276,52,21,2026-05-22
117,225,276,53,22,2026-05-23
117,233,281,54,23,2026-05-24
117,242,281,55,24,2026-05-25
117,249,291,56,24,2026-05-26
117,253,294,57,25,2026-05-27
117,258,295,58,26,2026-05-28
117,262,300,59,26,2026-05-29
117,271,302,60,27,2026-05-30
117,271,304,61,27,2026-05-31
117,277,314,62,27,2026-06-02
117,288,323,63,28,2026-06-03
117,289,328,64,28,2026-06-04
117,294,329,65,29,2026-06-05
117,307,331,66,30,2026-06-06
117,307,336,67,30,2026-06-07
117,312,340,68,31,2026-06-08
117,313,350,69,31,2026-06-09
117,315,353,70,31,2026-06-10
117,325,361,71,32,2026-06-12
117,333,368,72,33,2026-06-13
117,333,372,73,33,2026-06-14
117,336,381,74,33,2026-06-15
117,340,383,75,34,2026-06-16
117,344,385,76,35,2026-06-17
117,353,388,77,36,2026-06-19
117,354,396,78,36,2026-06-20
117,356,397,79,37,2026-06-21
117,358,401,80,37,2026-06-22
117,367,408,81,38,2026-06-23
117,370,409,82,39,2026-06-24
117,372,410,83,40,2026-06-25
117,372,418,84,40,2026-06-26
117,380,424,85,41,2026-06-27
117,387,429,86,42,2026-06-28
117,391,434,87,42,2026-06-29
117,397,438,88,43,2026-06-30
117,400,446,89,43,2026-07-01
117,401,449,90,43,2026-07-03
117,411,457,91,44,2026-07-04
117,413,457,92,45,2026-07-05
117,424,469,93,45,2026-07-06
117,430,472,94,46,2026-07-07
117,432,480,95,46,2026-07-08
117,435,487,96,46,2026-07-10
117,444,490,97,47,2026-07-11
117,449,496,98,47,2026-07-12
117,451,499,99,47,2026-07-17
117,453,503,100,47,2026-07-18
117,455,508,101,47,2026-07-19
117,463,513,102,48,2026-07-20
117,468,516,103,49,2026-07-21
117,473,518,104,50,2026-07-22
117,482,523,105,51,2026-07-24
117,486,524,106,52,2026-07-25
117,489,536,107,52,2026-07-26
117,495,540,108,53,2026-07-27
117,498,542,109,54,2026-07-28
117,505,546,110,55,2026-07-29
117,516,548,111,56,2026-07-31
117,521,552,112,57,2026-08-01
117,528,555,113,58,2026-08-02
117,529,558,114,58,2026-08-03
117,536,560,115,59,2026-08-04
117,540,565,116,59,2026-08-05
117,546,568,117,60,2026-08-07
117,548,571,118,60,2026-08-08
117,550,578,119,60,2026-08-09
117,556,581,120,61,2026-08-10
117,557,585,121,61,2026-08-11
117,559,586,122,62,2026-08-12
117,569,593,123,63,2026-08-14
117,574,603,124,63,2026-08-15
118,0,6,1,0,2026-03-27
118,2,12,2,0,2026-03-28
118,6,13,3,1,2026-03-29
118,9,14,4,2,2026-03-30
118,22,23,5,3,2026-04-01
118,23,28,6,3,2026-04-02
118,25,33,7,3,2026-04-04
118,33,35,8,4,2026-04-04
118,38,43,9,4,2026-04-05
118,42,45,10,5,2026-04-06
118,43,47,11,5,2026-04-07
118,45,57,12,5,2026-04-08
118,45,59,13,5,2026-04-09
118,47,59,14,6,2026-04-10
118,49,59,15,7,2026-04-11
118,54,65,16,7,2026-04-12
118,55,67,17,7,2026-04-14
118,56,69,18,7,2026-04-15
118,65,79,19,7,2026-04-16
118,67,83,20,7,2026-04-17
118,71,96,21,7,2026-04-18
118,71,103,22,7,2026-04-19
118,76,110,23,7,2026-04-20
118,82,115,24,8,2026-04-21
118,88,123,25,8,2026-04-22
118,94,126,26,9,2026-04-24
118,106,127,27,10,2026-04-25
118,117,136,28,11,2026-04-26
118,121,137,29,12,2026-04-28
118,123,142,30,12,2026-04-29
118,126,148,31,12,2026-04-30
118,133,154,32,13,2026-05-01
118,136,156,33,14,2026-05-02
118,140,157,34,15,2026-05-03
118,146,159,35,16,2026-05-04
118,151,162,36,17,2026-05-05
118,152,165,37,17,2026-05-06
118,157,173,38,17,2026-05-07
118,161,176,39,18,2026-05-08
118,166,177,40,19,2026-05-09
118,169,183,41,19,2026-05-10
118,174,189,42,19,2026-05-12
118,179,195,43,19,2026-05-13
118,181,201,44,19,2026-05-14
118,185,206,45,19,2026-05-15
118,187,210,46,19,2026-05-16
118,189,210,47,20,2026-05-17
118,190,213,48,20,2026-05-18
118,191,220,49,20,2026-05-19
118,194,224,50,20,2026-05-20
118,194,226,51,20,2026-05-22
118,199,226,52,21,2026-05-23
118,207,232,53,22,2026-05-24
118,210,236,54,22,2026-05-25
118,211,251,55,22,2026-05-26
118,211,258,56,22,2026-05-27
118,212,267,57,22,2026-05-29
118,218,274,58,22,2026-05-30
118,221,280,59,22,2026-05-31
118,230,282,60,23,2026-06-01
118,233,286,61,23,2026-06-02
118,238,288,62,24,2026-06-03
118,246,294,63,25,2026-06-04
118,249,299,64,25,2026-06-05
118,252,301,65,26,2026-06-06
118,258,306,66,27,2026-06-07
118,263,309,67,28,2026-06-09
118,267,315,68,28,2026-06-10
118,269,319,69,28,2026-06-11
118,277,329,70,28,2026-06-12
118,284,337,71,28,2026-06-13
118,288,337,72,29,2026-06-14
118,291,344,73,29,2026-06-15
118,295,350,74,29,2026-06-16
118,301,352,75,30,2026-06-17
118,315,358,76,31,2026-06-18
118,321,363,77,32,2026-06-19
118,331,375,78,32,2026-06-21
118,333,376,79,33,2026-06-22
118,345,381,80,34,2026-06-23
118,348,386,81,34,2026-06-24
118,350,399,82,34,2026-06-25
118,351,421,83,34,2026-06-26
118,352,423,84,34,2026-06-27
118,357,427,85,35,2026-06-28
118,361,437,86,35,2026-06-30
118,361,441,87,35,2026-07-01
118,363,446,88,35,2026-07-02
118,364,452,89,35,2026-07-04
118,369,454,90,36,2026-07-05
118,384,455,91,37,2026-07-06
118,400,467,92,38,2026-07-07
118,402,473,93,38,2026-07-08
118,405,480,94,38,2026-07-09
118,408,485,95,38,2026-07-10
118,409,491,96,38,2026-07-11
118,411,499,97,38,2026-07-12
118,418,505,98,39,2026-07-17
118,424,506,99,40,2026-07-18
118,426,525,100,40,2026-07-19
118,430,528,101,41,2026-07-20
118,433,530,102,42,2026-07-21
118,438,534,103,43,2026-07-22
118,441,538,104,43,2026-07-23
118,442,540,105,43,2026-07-24
118,445,542,106,44,2026-07-25
118,450,546,107,45,2026-07-26
118,452,549,108,45,2026-07-28
118,456,549,109,46,2026-07-29
118,459,553,110,46,2026-07-30
118,460,556,111,46,2026-07-31
118,466,568,112,46,2026-08-01
118,467,576,113,46,2026-08-02
118,475,578,114,47,2026-08-04
118,477,579,115,48,2026-08-05
118,480,583,116,48,2026-08-06
118,484,589,117,48,2026-08-07
118,490,592,118,49,2026-08-08
118,492,602,119,49,2026-08-09
118,497,608,120,49,2026-08-10
118,501,613,121,49,2026-08-11
118,503,617,122,49,2026-08-12
118,510,623,123,50,2026-08-14
118,510,624,124,50,2026-08-15
119,8,2,1,1,2026-03-26
119,13,6,2,2,2026-03-27
119,16,8,3,3,2026-03-28
119,18,12,4,3,2026-03-30
119,22,13,5,4,2026-03-31
119,23,17,6,4,2026-04-01
119,36,23,7,5,2026-04-03
119,46,28,8,6,2026-04-04
119,54,34,9,7,2026-04-05
119,68,36,10,8,2026-04-06
119,72,37,11,9,2026-04-07
119,75,41,12,9,2026-04-08
119,83,48,13,10,2026-04-10
119,89,51,14,11,2026-04-11
119,91,56,15,11,2026-04-12
119,95,56,16,12,2026-04-13
119,97,57,17,13,2026-04-14
119,105,59,18,14,2026-04-15
119,112,60,19,15,2026-04-17
119,115,64,20,15,2026-04-18
119,121,73,21,15,2026-04-19
119,133,76,22,16,2026-04-20
119,134,79,23,16,2026-04-21
119,134,82,24,16,2026-04-22
119,137,82,25,17,2026-04-23
119,141,88,26,17,2026-04-24
119,153,92,27,18,2026-04-25
119,159,92,28,19,2026-04-26
119,164,96,29,20,2026-04-27
119,165,98,30,20,2026-04-28
119,167,101,31,20,2026-04-29
119,169,108,32,20,2026-05-01
119,171,111,33,20,2026-05-02
119,175,112,34,21,2026-05-03
119,183,115,35,22,2026-05-04
119,184,117,36,22,2026-05-05
119,196,119,37,23,2026-05-06
119,199,120,38,24,2026-05-08
119,201,127,39,24,2026-05-09
119,203,134,40,24,2026-05-10
119,206,143,41,24,2026-05-11
119,208,149,42,24,2026-05-12
119,212,149,43,25,2026-05-13
119,217,151,44,26,2026-05-14
119,223,151,45,27,2026-05-15
119,238,153,46,28,2026-05-16
119,248,154,47,29,2026-05-17
119,248,155,48,29,2026-05-18
119,253,159,49,30,2026-05-19
119,257,159,50,31,2026-05-20
119,258,164,51,31,2026-05-22
119,269,167,52,32,2026-05-23
119,274,168,53,33,2026-05-24
119,279,171,54,34,2026-05-25
119,294,177,55,35,2026-05-26
119,298,178,56,36,2026-05-27
119,302,180,57,37,2026-05-29
119,305,184,58,37,2026-05-30
119,314,185,59,38,2026-05-31
119,315,189,60,38,2026-06-01
119,321,194,61,39,2026-06-02
119,328,194,62,40,2026-06-03
119,330,197,63,40,2026-06-04
119,331,197,64,41,2026-06-05
119,340,199,65,42,2026-06-06
119,345,212,66,42,2026-06-07
119,357,215,67,43,2026-06-09
119,365,224,68,43,2026-06-10
119,373,230,69,44,2026-06-11
119,375,238,70,44,2026-06-12
119,382,239,71,45,2026-06-13
119,386,245,72,45,2026-06-14
119,390,248,73,46,2026-06-15
119,391,248,74,47,2026-06-16
119,396,252,75,48,2026-06-17
119,402,257,76,49,2026-06-19
119,404,260,77,49,2026-06-20
119,405,272,78,49,2026-06-21
119,407,273,79,50,2026-06-22
119,419,276,80,51,2026-06-23
119,423,279,81,52,2026-06-24
119,424,286,82,52,2026-06-26
119,439,289,83,53,2026-06-27
119,443,291,84,54,2026-06-28
119,452,295,85,55,2026-06-29
119,461,298,86,56,2026-06-30
119,462,305,87,56,2026-07-01
119,474,312,88,57,2026-07-02
119,478,315,89,58,2026-07-03
119,481,315,90,59,2026-07-04
119,483,320,91,59,2026-07-05
119,491,327,92,60,2026-07-06
119,494,331,93,60,2026-07-07
119,498,334,94,61,2026-07-08
119,501,343,95,61,2026-07-10
119,503,352,96,61,2026-07-11
119,506,357,97,61,2026-07-12
119,508,358,98,62,2026-07-17
119,509,360,99,62,2026-07-19
119,517,362,100,63,2026-07-19
119,524,372,101,63,2026-07-20
119,526,373,102,64,2026-07-21
119,535,378,103,65,2026-07-22
119,539,380,104,66,2026-07-24
119,543,383,105,67,2026-07-25
119,546,391,106,67,2026-07-26
119,552,398,107,67,2026-07-28
119,556,400,108,68,2026-07-29
119,562,402,109,69,2026-07-30
119,566,411,110,69,2026-07-31
119,568,414,111,69,2026-08-01
119,572,422,112,69,2026-08-02
119,577,432,113,69,2026-08-03
119,578,437,114,69,2026-08-04
119,584,444,115,69,2026-08-05
119,587,448,116,69,2026-08-07
119,589,449,117,70,2026-08-08
119,591,453,118,70,2026-08-09
119,597,458,119,71,2026-08-10
119,602,462,120,72,2026-08-11
119,606,464,121,73,2026-08-12
119,610,469,122,73,2026-08-13
119,613,470,123,74,2026-08-14
119,614,474,124,74,2026-08-15
120,10,4,1,1,2026-03-26
120,12,14,2,1,2026-03-28
120,18,17,3,2,2026-03-29
120,31,19,4,3,2026-03-30
120,33,22,5,3,2026-03-31
120,38,28,6,3,2026-04-01
120,44,41,7,3,2026-04-03
120,49,51,8,3,2026-04-04
120,55,59,9,3,2026-04-05
120,64,65,10,4,2026-04-06
120,70,72,11,4,2026-04-07
120,71,78,12,4,2026-04-08
120,78,81,13,5,2026-04-10
120,81,82,14,6,2026-04-11
120,89,88,15,7,2026-04-12
120,94,104,16,7,2026-04-13
120,99,108,17,8,2026-04-14
120,99,110,18,8,2026-04-15
120,107,117,19,9,2026-04-16
120,112,127,20,9,2026-04-17
120,118,134,21,9,2026-04-18
120,121,134,22,10,2026-04-19
120,125,143,23,10,2026-04-20
120,136,147,24,11,2026-04-21
120,142,155,25,11,2026-04-22
120,144,162,26,11,2026-04-23
120,148,167,27,11,2026-04-24
120,154,170,28,12,2026-04-25
120,156,171,29,13,2026-04-26
120,156,179,30,13,2026-04-28
120,170,181,31,14,2026-04-29
120,175,185,32,15,2026-04-30
120,176,191,33,15,2026-05-01
120,177,195,34,15,2026-05-02
120,180,197,35,16,2026-05-03
120,183,208,36,16,2026-05-05
120,198,210,37,17,2026-05-06
120,205,215,38,18,2026-05-07
120,208,217,39,19,2026-05-08
120,215,225,40,19,2026-05-09
120,217,230,41,19,2026-05-10
120,227,234,42,20,2026-05-12
120,235,241,43,21,2026-05-13
120,236,256,44,21,2026-05-14
120,239,258,45,22,2026-05-15
120,252,261,46,23,2026-05-16
120,255,268,47,23,2026-05-17
120,262,284,48,23,2026-05-18
120,271,290,49,24,2026-05-19
120,279,294,50,25,2026-05-20
120,280,296,51,25,2026-05-21
120,284,301,52,25,2026-05-22
120,286,301,53,26,2026-05-23
120,288,302,54,27,2026-05-24
120,298,304,55,28,2026-05-25
120,304,307,56,29,2026-05-26
120,306,310,57,29,2026-05-27
120,311,317,58,29,2026-05-29
120,320,321,59,30,2026-05-30
120,324,323,60,31,2026-05-31
120,327,330,61,31,2026-06-01
120,330,337,62,31,2026-06-02
120,331,341,63,31,2026-06-03
120,345,342,64,32,2026-06-05
120,351,343,65,33,2026-06-06
120,352,348,66,33,2026-06-07
120,356,351,67,34,2026-06-08
120,362,354,68,35,2026-06-09
120,372,365,69,35,2026-06-10
120,374,375,70,35,2026-06-12
120,382,378,71,36,2026-06-13
120,392,379,72,37,2026-06-14
120,399,382,73,38,2026-06-15
120,405,386,74,39,2026-06-16
120,407,392,75,39,2026-06-17
120,409,397,76,39,2026-06-19
120,413,400,77,40,2026-06-20
120,416,404,78,40,2026-06-21
120,420,405,79,41,2026-06-22
120,429,419,80,41,2026-06-23
120,433,424,81,41,2026-06-24
120,438,434,82,41,2026-06-25
120,439,437,83,41,2026-06-26
120,443,440,84,42,2026-06-27
120,449,444,85,43,2026-06-28
120,452,450,86,43,2026-06-29
120,460,451,87,44,2026-06-30
120,470,453,88,45,2026-07-01
120,479,458,89,46,2026-07-03
120,480,465,90,46,2026-07-04
120,485,476,91,46,2026-07-05
120,497,487,92,47,2026-07-06
120,500,493,93,47,2026-07-07
120,508,495,94,48,2026-07-08
120,511,500,95,48,2026-07-10
120,513,504,96,48,2026-07-11
120,516,509,97,48,2026-07-12
120,539,513,98,49,2026-07-17
120,540,528,99,49,2026-07-18
120,545,530,100,50,2026-07-19
120,552,533,101,51,2026-07-20
120,559,541,102,51,2026-07-21
120,567,541,103,52,2026-07-22
120,569,544,104,52,2026-07-24
120,574,547,105,53,2026-07-25
120,584,554,106,54,2026-07-26
120,586,557,107,54,2026-07-27
120,594,563,108,55,2026-07-28
120,596,568,109,55,2026-07-29
120,600,573,110,55,2026-07-30
120,602,579,111,55,2026-07-31
120,605,587,112,55,2026-08-01
120,607,591,113,55,2026-08-02
120,610,597,114,55,2026-08-03
120,610,602,115,55,2026-08-04
120,620,606,116,56,2026-08-05
120,623,613,117,56,2026-08-06
120,628,616,118,57,2026-08-07
120,636,618,119,58,2026-08-08
120,643,619,120,59,2026-08-09
120,649,627,121,59,2026-08-11
120,655,639,122,59,2026-08-12
120,662,639,123,60,2026-08-13
120,663,643,124,60,2026-08-14
120,667,648,125,60,2026-08-15
121,11,7,1,1,2026-03-26
121,15,9,2,2,2026-03-28
121,18,13,3,2,2026-03-29
121,22,15,4,3,2026-03-30
121,22,18,5,3,2026-03-31
121,23,20,6,3,2026-04-01
121,25,27,7,3,2026-04-02
121,35,30,8,4,2026-04-03
121,44,30,9,5,2026-04-04
121,49,32,10,6,2026-04-05
121,53,35,11,7,2026-04-07
121,55,42,12,7,2026-04-08
121,56,49,13,7,2026-04-09
121,56,53,14,7,2026-04-10
121,62,64,15,7,2026-04-11
121,62,65,16,7,2026-04-12
121,62,69,17,7,2026-04-13
121,63,71,18,7,2026-04-14
121,65,79,19,7,2026-04-15
121,69,91,20,7,2026-04-17
121,71,95,21,7,2026-04-18
121,72,97,22,7,2026-04-19
121,75,102,23,7,2026-04-21
121,78,104,24,8,2026-04-22
121,88,112,25,9,2026-04-23
121,91,116,26,9,2026-04-24
121,92,119,27,9,2026-04-26
121,92,122,28,9,2026-04-26
121,100,122,29,10,2026-04-28
121,102,136,30,10,2026-04-29
121,106,141,31,10,2026-04-30
121,110,144,32,11,2026-05-01
121,113,148,33,11,2026-05-02
121,118,149,34,12,2026-05-03
121,122,151,35,13,2026-05-04
121,132,156,36,14,2026-05-06
121,134,162,37,14,2026-05-07
121,137,163,38,15,2026-05-08
121,138,165,39,15,2026-05-09
121,139,170,40,15,2026-05-10
121,149,172,41,16,2026-05-12
121,152,174,42,17,2026-05-13
121,161,178,43,18,2026-05-14
121,163,183,44,18,2026-05-15
121,169,186,45,19,2026-05-16
121,176,192,46,20,2026-05-17
121,192,199,47,21,2026-05-18
121,198,208,48,21,2026-05-19
121,202,216,49,21,2026-05-20
121,204,217,50,22,2026-05-21
121,205,219,51,22,2026-05-22
121,206,223,52,22,2026-05-23
121,206,227,53,22,2026-05-24
121,208,234,54,22,2026-05-25
121,210,241,55,22,2026-05-26
121,214,243,56,23,2026-05-27
121,223,250,57,24,2026-05-29
121,229,251,58,25,2026-05-30
121,239,252,59,26,2026-05-31
121,241,255,60,26,2026-06-01
121,244,263,61,26,2026-06-02
121,251,264,62,27,2026-06-03
121,256,264,63,28,2026-06-05
121,258,267,64,28,2026-06-06
121,265,270,65,29,2026-06-07
121,265,277,66,29,2026-06-09
121,267,286,67,29,2026-06-10
121,272,290,68,30,2026-06-11
121,279,295,69,31,2026-06-12
121,280,298,70,31,2026-06-13
121,288,299,71,32,2026-06-14
121,288,311,72,32,2026-06-15
121,291,316,73,32,2026-06-16
121,300,317,74,33,2026-06-17
121,306,321,75,34,2026-06-18
121,309,336,76,34,2026-06-20
121,311,342,77,34,2026-06-21
121,317,351,78,34,2026-06-23
121,322,361,79,34,2026-06-24
121,325,371,80,34,2026-06-24
121,328,375,81,34,2026-06-25
121,329,377,82,34,2026-06-26
121,335,379,83,35,2026-06-27
121,339,384,84,35,2026-06-28
121,340,386,85,35,2026-06-29
121,343,386,86,36,2026-06-30
121,346,395,87,36,2026-07-01
121,349,400,88,36,2026-07-03
121,352,414,89,36,2026-07-04
121,362,423,90,37,2026-07-05
121,369,429,91,38,2026-07-06
121,381,445,92,38,2026-07-07
121,387,447,93,39,2026-07-08
121,394,450,94,40,2026-07-09
121,396,456,95,40,2026-07-10
121,396,460,96,40,2026-07-11
121,398,463,97,40,2026-07-12
121,402,464,98,41,2026-07-16
121,403,470,99,41,2026-07-18
121,409,471,100,42,2026-07-19
121,412,479,101,42,2026-07-20
121,416,479,102,43,2026-07-21
121,419,483,103,43,2026-07-22
121,421,487,104,43,2026-07-24
121,424,491,105,43,2026-07-25
121,432,494,106,44,2026-07-26
121,446,497,107,45,2026-07-27
121,446,498,108,45,2026-07-28
121,449,500,109,46,2026-07-29
121,453,502,110,47,2026-07-30
121,455,507,111,47,2026-07-31
121,457,513,112,47,2026-08-01
121,457,515,113,47,2026-08-02
121,463,517,114,48,2026-08-04
121,469,522,115,49,2026-08-05
121,482,528,116,50,2026-08-06
121,488,532,117,51,2026-08-07
121,488,541,118,51,2026-08-08
121,499,542,119,52,2026-08-09
121,507,547,120,53,2026-08-10
121,507,551,121,53,2026-08-11
121,510,557,122,53,2026-08-12
121,514,558,123,54,2026-08-14
121,519,562,124,55,2026-08-15
133,2,3,1,0,2026-03-27
133,9,11,2,0,2026-03-28
133,11,16,3,0,2026-03-29
133,11,20,4,0,2026-03-30
133,16,22,5,1,2026-03-31
133,17,27,6,1,2026-04-01
133,28,31,7,2,2026-04-03
133,28,42,8,2,2026-04-04
133,40,52,9,3,2026-04-05
133,43,57,10,3,2026-04-07
133,46,59,11,4,2026-04-08
133,47,59,12,5,2026-04-09
133,51,59,13,6,2026-04-10
133,62,65,14,7,2026-04-11
133,63,65,15,8,2026-04-12
133,64,73,16,8,2026-04-13
133,66,74,17,9,2026-04-14
133,72,79,18,10,2026-04-15
133,78,88,19,10,2026-04-16
133,80,97,20,10,2026-04-17
133,87,103,21,11,2026-04-18
133,91,110,22,11,2026-04-19
133,97,114,23,12,2026-04-20
133,102,116,24,13,2026-04-21
133,106,121,25,13,2026-04-22
133,114,122,26,14,2026-04-24
133,117,126,27,14,2026-04-25
133,119,127,28,15,2026-04-26
133,120,131,29,15,2026-04-28
133,125,133,30,16,2026-04-29
133,131,136,31,17,2026-04-30
133,136,144,32,17,2026-05-01
133,142,158,33,17,2026-05-02
133,149,159,34,18,2026-05-03
133,150,168,35,18,2026-05-05
133,153,174,36,18,2026-05-06
133,165,175,37,19,2026-05-07
133,169,178,38,20,2026-05-08
133,175,180,39,21,2026-05-09
133,176,182,40,21,2026-05-10
133,180,188,41,21,2026-05-12
133,186,190,42,22,2026-05-13
133,190,195,43,22,2026-05-14
133,195,197,44,23,2026-05-15
133,199,203,45,23,2026-05-16
133,200,213,46,23,2026-05-17
133,201,215,47,23,2026-05-18
133,215,221,48,24,2026-05-19
133,221,226,49,25,2026-05-20
133,224,228,50,26,2026-05-21
133,227,235,51,26,2026-05-22
133,227,237,52,26,2026-05-23
133,232,239,53,27,2026-05-24
133,234,248,54,27,2026-05-25
133,235,252,55,27,2026-05-26
133,236,261,56,27,2026-05-27
133,238,269,57,27,2026-05-29
133,244,273,58,28,2026-05-30
133,252,286,59,28,2026-05-31
133,254,287,60,29,2026-06-02
133,259,291,61,30,2026-06-03
133,265,298,62,30,2026-06-04
133,266,303,63,30,2026-06-05
133,268,316,64,30,2026-06-06
133,273,316,65,31,2026-06-07
133,287,331,66,31,2026-06-08
133,294,336,67,32,2026-06-09
133,298,339,68,33,2026-06-10
133,304,343,69,34,2026-06-12
133,311,348,70,35,2026-06-13
133,320,371,71,35,2026-06-14
133,331,373,72,36,2026-06-15
133,336,379,73,36,2026-06-16
133,340,391,74,36,2026-06-17
133,345,391,75,37,2026-06-18
133,357,402,76,38,2026-06-19
133,357,409,77,38,2026-06-20
133,364,418,78,38,2026-06-21
133,365,421,79,38,2026-06-23
133,366,423,80,38,2026-06-24
133,375,429,81,39,2026-06-25
133,384,432,82,40,2026-06-26
133,386,437,83,40,2026-06-27
133,387,441,84,40,2026-06-28
133,391,450,85,40,2026-06-29
133,394,459,86,40,2026-06-30
133,401,460,87,41,2026-07-01
133,406,472,88,41,2026-07-03
133,408,479,89,41,2026-07-04
133,416,488,90,41,2026-07-05
133,418,494,91,41,2026-07-07
133,419,500,92,41,2026-07-08
133,420,504,93,41,2026-07-09
133,421,518,94,41,2026-07-10
133,421,519,95,41,2026-07-11
133,422,528,96,41,2026-07-12
133,426,551,97,41,2026-07-17
133,441,552,98,42,2026-07-18
133,443,557,99,42,2026-07-19
133,448,559,100,43,2026-07-20
133,453,565,101,43,2026-07-21
133,458,580,102,43,2026-07-22
133,460,580,103,44,2026-07-24
133,460,582,104,44,2026-07-25
133,468,593,105,44,2026-07-26
133,470,597,106,44,2026-07-27
133,474,600,107,45,2026-07-28
133,476,604,108,45,2026-07-29
133,480,609,109,45,2026-07-30
133,481,622,110,45,2026-07-31
133,487,630,111,45,2026-08-01
133,487,641,112,45,2026-08-02
133,491,646,113,45,2026-08-04
133,493,649,114,45,2026-08-05
133,498,655,115,45,2026-08-06
133,499,668,116,45,2026-08-07
133,506,671,117,46,2026-08-08
133,510,674,118,47,2026-08-09
133,516,684,119,47,2026-08-10
133,520,696,120,47,2026-08-11
133,524,704,121,47,2026-08-12
133,532,707,122,48,2026-08-14
133,535,712,123,48,2026-08-15
134,7,11,1,0,2026-03-26
134,9,15,2,0,2026-03-28
134,13,18,3,1,2026-03-29
134,13,20,4,1,2026-03-30
134,21,23,5,2,2026-03-31
134,29,26,6,3,2026-04-01
134,34,30,7,4,2026-04-03
134,37,32,8,5,2026-04-04
134,45,34,9,6,2026-04-05
134,45,39,10,6,2026-04-06
134,52,40,11,7,2026-04-07
134,54,48,12,7,2026-04-08
134,56,48,13,8,2026-04-10
134,60,51,14,9,2026-04-11
134,66,58,15,9,2026-04-12
134,82,63,16,10,2026-04-13
134,86,68,17,10,2026-04-14
134,88,68,18,11,2026-04-15
134,95,76,19,11,2026-04-16
134,100,77,20,12,2026-04-17
134,107,85,21,12,2026-04-18
134,113,88,22,13,2026-04-19
134,114,93,23,13,2026-04-21
134,122,97,24,14,2026-04-22
134,123,103,25,14,2026-04-23
134,129,103,26,15,2026-04-24
134,135,106,27,16,2026-04-25
134,135,111,28,16,2026-04-26
134,137,115,29,16,2026-04-27
134,144,126,30,16,2026-04-28
134,148,131,31,16,2026-04-29
134,153,141,32,16,2026-04-30
134,162,142,33,17,2026-05-01
134,179,149,34,18,2026-05-02
134,180,149,35,19,2026-05-03
134,180,158,36,19,2026-05-05
134,181,158,37,20,2026-05-06
134,185,160,38,21,2026-05-07
134,187,165,39,21,2026-05-08
134,200,168,40,22,2026-05-09
134,206,175,41,22,2026-05-10
134,209,176,42,23,2026-05-12
134,213,186,43,23,2026-05-13
134,220,188,44,24,2026-05-14
134,229,199,45,24,2026-05-15
134,229,205,46,24,2026-05-16
134,229,211,47,24,2026-05-17
134,235,220,48,24,2026-05-19
134,242,220,49,25,2026-05-20
134,248,222,50,26,2026-05-21
134,250,228,51,26,2026-05-22
134,252,233,52,26,2026-05-23
134,256,234,53,27,2026-05-24
134,258,235,54,28,2026-05-25
134,270,236,55,29,2026-05-26
134,274,246,56,29,2026-05-27
134,276,253,57,29,2026-05-28
134,282,258,58,30,2026-05-29
134,292,267,59,31,2026-05-30
134,301,270,60,32,2026-05-31
134,311,276,61,33,2026-06-02
134,320,287,62,33,2026-06-03
134,325,288,63,34,2026-06-04
134,328,294,64,34,2026-06-05
134,331,300,65,34,2026-06-06
134,333,303,66,34,2026-06-07
134,336,315,67,34,2026-06-09
134,345,323,68,35,2026-06-10
134,351,331,69,35,2026-06-11
134,354,339,70,35,2026-06-12
134,357,341,71,36,2026-06-13
134,359,345,72,36,2026-06-14
134,361,356,73,36,2026-06-15
134,367,361,74,37,2026-06-16
134,379,365,75,38,2026-06-17
134,382,369,76,38,2026-06-19
134,383,371,77,38,2026-06-20
134,391,377,78,39,2026-06-21
134,393,380,79,39,2026-06-23
134,404,381,80,40,2026-06-24
134,409,382,81,41,2026-06-25
134,413,388,82,41,2026-06-26
134,420,397,83,41,2026-06-27
134,429,401,84,42,2026-06-28
134,440,408,85,43,2026-06-29
134,440,416,86,43,2026-06-30
134,446,426,87,43,2026-07-01
134,452,427,88,44,2026-07-02
134,457,436,89,44,2026-07-03
134,464,437,90,45,2026-07-04
134,475,442,91,46,2026-07-05
134,487,446,92,47,2026-07-07
134,487,449,93,47,2026-07-08
134,492,459,94,47,2026-07-09
134,495,461,95,48,2026-07-11
134,502,467,96,49,2026-07-11
134,516,472,97,50,2026-07-12
134,519,477,98,50,2026-07-18
134,526,478,99,51,2026-07-18
134,533,479,100,52,2026-07-19
134,538,487,101,52,2026-07-20
134,543,490,102,53,2026-07-22
134,543,492,103,53,2026-07-22
134,545,495,104,53,2026-07-24
134,545,506,105,53,2026-07-25
134,553,513,106,54,2026-07-26
134,556,515,107,55,2026-07-27
134,563,523,108,55,2026-07-28
134,563,526,109,55,2026-07-29
134,565,529,110,55,2026-07-30
134,572,537,111,55,2026-07-31
134,576,538,112,56,2026-08-01
134,578,548,113,56,2026-08-02
134,582,551,114,57,2026-08-03
134,584,555,115,57,2026-08-04
134,586,559,116,57,2026-08-05
134,588,564,117,57,2026-08-06
134,592,570,118,57,2026-08-07
134,601,570,119,58,2026-08-08
134,602,581,120,58,2026-08-09
134,602,583,121,58,2026-08-11
134,604,591,122,58,2026-08-12
134,617,592,123,59,2026-08-13
134,625,596,124,60,2026-08-14
134,625,600,125,60,2026-08-15
135,2,8,1,0,2026-03-26
135,4,13,2,0,2026-03-27
135,7,13,3,1,2026-03-28
135,9,16,4,1,2026-03-30
135,12,25,5,1,2026-03-31
135,19,26,6,2,2026-04-01
135,21,31,7,2,2026-04-03
135,24,33,8,3,2026-04-04
135,32,39,9,4,2026-04-05
135,37,39,10,5,2026-04-06
135,38,46,11,5,2026-04-07
135,46,48,12,6,2026-04-08
135,53,51,13,7,2026-04-09
135,58,53,14,8,2026-04-10
135,67,58,15,9,2026-04-11
135,74,60,16,10,2026-04-12
135,78,61,17,11,2026-04-14
135,85,67,18,12,2026-04-15
135,90,69,19,13,2026-04-16
135,90,77,20,13,2026-04-17
135,94,78,21,14,2026-04-18
135,96,79,22,15,2026-04-19
135,97,79,23,16,2026-04-21
135,100,87,24,16,2026-04-22
135,110,95,25,17,2026-04-23
135,116,99,26,18,2026-04-25
135,123,111,27,18,2026-04-26
135,132,118,28,19,2026-04-27
135,135,126,29,19,2026-04-28
135,139,131,30,19,2026-04-29
135,141,139,31,19,2026-05-01
135,141,143,32,19,2026-05-02
135,145,146,33,20,2026-05-03
135,147,149,34,20,2026-05-04
135,157,154,35,21,2026-05-05
135,162,155,36,22,2026-05-06
135,163,157,37,22,2026-05-07
135,163,163,38,22,2026-05-08
135,167,165,39,23,2026-05-09
135,170,167,40,24,2026-05-10
135,174,173,41,24,2026-05-12
135,177,174,42,25,2026-05-13
135,178,181,43,25,2026-05-14
135,180,181,44,26,2026-05-15
135,187,185,45,27,2026-05-16
135,195,188,46,28,2026-05-17
135,196,188,47,29,2026-05-18
135,200,193,48,29,2026-05-19
135,200,197,49,29,2026-05-20
135,207,200,50,30,2026-05-22
135,209,200,51,31,2026-05-23
135,211,205,52,31,2026-05-24
135,211,208,53,31,2026-05-25
135,214,212,54,31,2026-05-26
135,214,215,55,31,2026-05-27
135,221,220,56,32,2026-05-29
135,225,229,57,32,2026-05-30
135,227,233,58,32,2026-05-31
135,229,236,59,32,2026-06-02
135,231,239,60,32,2026-06-03
135,235,245,61,32,2026-06-04
135,235,250,62,32,2026-06-05
135,238,252,63,33,2026-06-06
135,241,259,64,33,2026-06-07
135,247,261,65,34,2026-06-08
135,250,266,66,34,2026-06-09
135,255,270,67,35,2026-06-10
135,258,277,68,35,2026-06-12
135,267,280,69,36,2026-06-13
135,272,282,70,37,2026-06-14
135,272,285,71,37,2026-06-15
135,274,288,72,37,2026-06-16
135,280,289,73,38,2026-06-17
135,287,298,74,38,2026-06-19
135,293,302,75,39,2026-06-20
135,296,306,76,39,2026-06-21
135,297,306,77,40,2026-06-22
135,304,312,78,41,2026-06-23
135,309,314,79,42,2026-06-24
135,316,315,80,43,2026-06-26
135,319,330,81,43,2026-06-27
135,321,334,82,43,2026-06-28
135,323,337,83,43,2026-06-29
135,330,346,84,43,2026-06-30
135,333,369,85,43,2026-07-01
135,340,381,86,43,2026-07-02
135,343,385,87,43,2026-07-03
135,343,388,88,43,2026-07-04
135,348,390,89,44,2026-07-05
135,348,398,90,44,2026-07-06
135,352,399,91,45,2026-07-07
135,362,403,92,46,2026-07-08
135,363,406,93,46,2026-07-09
135,366,411,94,46,2026-07-10
135,374,418,95,47,2026-07-11
135,379,422,96,48,2026-07-12
135,385,429,97,48,2026-07-17
135,386,435,98,48,2026-07-18
135,405,437,99,49,2026-07-19
135,407,440,100,49,2026-07-20
135,415,443,101,50,2026-07-21
135,421,450,102,50,2026-07-22
135,426,456,103,50,2026-07-23
135,430,458,104,51,2026-07-24
135,437,460,105,52,2026-07-25
135,442,463,106,53,2026-07-26
135,450,470,107,54,2026-07-28
135,453,471,108,55,2026-07-29
135,454,475,109,55,2026-07-30
135,461,475,110,56,2026-07-31
135,467,480,111,57,2026-08-01
135,472,484,112,58,2026-08-02
135,473,489,113,58,2026-08-03
135,482,493,114,59,2026-08-04
135,486,503,115,59,2026-08-05
135,491,504,116,60,2026-08-06
135,494,510,117,60,2026-08-07
135,497,512,118,61,2026-08-08
135,504,514,119,62,2026-08-09
135,507,516,120,63,2026-08-10
135,518,518,121,64,2026-08-11
135,522,521,122,65,2026-08-12
135,529,526,123,66,2026-08-14
135,530,532,124,66,2026-08-15
136,4,6,1,0,2026-03-26
136,9,7,2,1,2026-03-27
136,14,13,3,1,2026-03-28
136,22,13,4,2,2026-03-29
136,24,14,5,3,2026-03-30
136,24,19,6,3,2026-03-31
136,27,24,7,3,2026-04-01
136,30,25,8,4,2026-04-03
136,30,26,9,4,2026-04-04
136,37,34,10,4,2026-04-05
136,38,36,11,4,2026-04-06
136,40,39,12,4,2026-04-07
136,40,42,13,4,2026-04-08
136,49,48,14,5,2026-04-10
136,57,55,15,6,2026-04-11
136,63,56,16,7,2026-04-12
136,69,58,17,8,2026-04-13
136,70,62,18,8,2026-04-14
136,76,69,19,8,2026-04-15
136,78,74,20,8,2026-04-16
136,78,79,21,8,2026-04-17
136,85,82,22,9,2026-04-18
136,90,84,23,10,2026-04-19
136,94,90,24,10,2026-04-20
136,96,95,25,10,2026-04-21
136,101,99,26,11,2026-04-22
136,104,101,27,12,2026-04-24
136,115,110,28,13,2026-04-25
136,118,112,29,14,2026-04-26
136,122,123,30,14,2026-04-27
136,129,124,31,15,2026-04-28
136,134,127,32,16,2026-04-29
136,140,134,33,16,2026-05-01
136,142,137,34,16,2026-05-02
136,143,141,35,16,2026-05-03
136,148,145,36,17,2026-05-04
136,150,148,37,17,2026-05-05
136,153,149,38,18,2026-05-06
136,165,157,39,19,2026-05-08
136,166,163,40,19,2026-05-09
136,167,165,41,19,2026-05-10
136,170,166,42,20,2026-05-11
136,180,168,43,21,2026-05-12
136,183,172,44,21,2026-05-13
136,191,175,45,22,2026-05-14
136,191,177,46,22,2026-05-15
136,195,184,47,22,2026-05-16
136,198,192,48,22,2026-05-17
136,204,193,49,23,2026-05-18
136,205,195,50,23,2026-05-19
136,210,199,51,24,2026-05-20
136,212,199,52,25,2026-05-22
136,212,204,53,25,2026-05-23
136,218,212,54,25,2026-05-24
136,227,214,55,26,2026-05-25
136,231,215,56,27,2026-05-26
136,240,216,57,28,2026-05-27
136,247,222,58,29,2026-05-29
136,252,223,59,30,2026-05-30
136,255,225,60,31,2026-05-31
136,258,227,61,32,2026-06-01
136,266,230,62,33,2026-06-02
136,267,237,63,33,2026-06-03
136,270,244,64,33,2026-06-05
136,274,244,65,34,2026-06-06
136,278,249,66,34,2026-06-07
136,284,252,67,35,2026-06-08
136,290,257,68,36,2026-06-09
136,292,264,69,36,2026-06-10
136,297,271,70,36,2026-06-11
136,307,273,71,37,2026-06-12
136,310,281,72,37,2026-06-13
136,311,291,73,37,2026-06-14
136,314,292,74,38,2026-06-16
136,317,297,75,38,2026-06-17
136,320,297,76,39,2026-06-18
136,322,303,77,39,2026-06-19
136,323,308,78,39,2026-06-20
136,326,309,79,40,2026-06-21
136,329,311,80,41,2026-06-23
136,330,322,81,41,2026-06-24
136,331,327,82,41,2026-06-25
136,334,328,83,42,2026-06-26
136,337,332,84,42,2026-06-27
136,342,338,85,42,2026-06-28
136,348,340,86,43,2026-06-29
136,356,343,87,44,2026-06-30
136,357,343,88,45,2026-07-02
136,357,345,89,45,2026-07-03
136,368,345,90,46,2026-07-04
136,372,345,91,47,2026-07-05
136,377,351,92,47,2026-07-07
136,377,353,93,47,2026-07-08
136,381,361,94,47,2026-07-09
136,383,368,95,47,2026-07-10
136,384,374,96,47,2026-07-11
136,392,376,97,48,2026-07-12
136,392,383,98,48,2026-07-17
136,396,386,99,49,2026-07-18
136,402,389,100,50,2026-07-19
136,410,389,101,51,2026-07-20
136,412,393,102,51,2026-07-21
136,415,398,103,51,2026-07-22
136,419,403,104,51,2026-07-24
136,420,410,105,51,2026-07-25
136,426,414,106,52,2026-07-26
136,429,421,107,52,2026-07-27
136,436,427,108,53,2026-07-28
136,438,431,109,53,2026-07-29
136,440,437,110,53,2026-07-30
136,443,442,111,53,2026-07-31
136,447,445,112,54,2026-08-01
136,454,451,113,55,2026-08-02
136,454,459,114,55,2026-08-04
136,458,461,115,56,2026-08-05
136,458,472,116,56,2026-08-06
136,459,474,117,56,2026-08-07
136,461,477,118,56,2026-08-08
136,462,481,119,56,2026-08-09
136,463,485,120,56,2026-08-11
136,468,495,121,56,2026-08-12
136,469,495,122,57,2026-08-13
136,476,505,123,57,2026-08-14
136,486,510,124,58,2026-08-15
137,0,7,1,0,2026-03-25
137,0,10,2,0,2026-03-27
137,1,13,3,0,2026-03-28
137,4,15,4,1,2026-03-30
137,13,18,5,2,2026-03-31
137,14,25,6,2,2026-04-01
137,21,27,7,3,2026-04-02
137,24,37,8,3,2026-04-03
137,24,46,9,3,2026-04-04
137,26,51,10,3,2026-04-05
137,30,57,11,3,2026-04-06
137,36,57,12,4,2026-04-07
137,41,57,13,5,2026-04-08
137,47,60,14,6,2026-04-10
137,49,66,15,6,2026-04-11
137,51,72,16,6,2026-04-12
137,52,74,17,6,2026-04-14
137,55,82,18,6,2026-04-15
137,58,82,19,7,2026-04-16
137,68,87,20,8,2026-04-17
137,75,93,21,9,2026-04-18
137,75,96,22,9,2026-04-19
137,78,97,23,10,2026-04-21
137,81,97,24,11,2026-04-22
137,81,100,25,11,2026-04-23
137,85,109,26,11,2026-04-24
137,91,111,27,12,2026-04-25
137,97,114,28,13,2026-04-26
137,97,121,29,13,2026-04-28
137,102,127,30,13,2026-04-30
137,104,130,31,13,2026-04-30
137,104,133,32,13,2026-05-01
137,105,138,33,13,2026-05-02
137,106,140,34,13,2026-05-03
137,109,142,35,14,2026-05-04
137,114,152,36,14,2026-05-05
137,115,157,37,14,2026-05-06
137,120,159,38,15,2026-05-08
137,123,172,39,15,2026-05-09
137,130,178,40,16,2026-05-10
137,139,181,41,17,2026-05-11
137,145,183,42,18,2026-05-12
137,145,187,43,18,2026-05-13
137,147,192,44,18,2026-05-14
137,149,197,45,18,2026-05-15
137,155,201,46,19,2026-05-16
137,165,202,47,20,2026-05-17
137,167,214,48,20,2026-05-18
137,170,219,49,20,2026-05-19
137,173,225,50,20,2026-05-20
137,177,234,51,20,2026-05-22
137,187,237,52,21,2026-05-23
137,195,242,53,22,2026-05-24
137,197,248,54,22,2026-05-25
137,202,255,55,22,2026-05-26
137,204,258,56,22,2026-05-27
137,210,266,57,22,2026-05-29
137,213,274,58,22,2026-05-30
137,232,280,59,23,2026-05-31
137,234,296,60,23,2026-06-01
137,237,304,61,23,2026-06-02
137,238,304,62,24,2026-06-03
137,250,313,63,25,2026-06-04
137,268,316,64,26,2026-06-05
137,270,319,65,26,2026-06-06
137,272,320,66,27,2026-06-07
137,275,324,67,27,2026-06-08
137,278,330,68,27,2026-06-09
137,289,340,69,28,2026-06-10
137,290,345,70,28,2026-06-12
137,291,351,71,28,2026-06-13
137,296,352,72,29,2026-06-14
137,303,354,73,30,2026-06-16
137,310,359,74,31,2026-06-17
137,313,363,75,31,2026-06-19
137,316,369,76,31,2026-06-20
137,317,371,77,31,2026-06-21
137,320,372,78,32,2026-06-23
137,322,373,79,33,2026-06-24
137,328,382,80,33,2026-06-25
137,329,385,81,33,2026-06-26
137,334,385,82,34,2026-06-27
137,337,387,83,35,2026-06-28
137,341,392,84,35,2026-06-29
137,343,400,85,35,2026-06-30
137,349,404,86,36,2026-07-01
137,352,419,87,36,2026-07-03
137,358,423,88,37,2026-07-04
137,364,430,89,37,2026-07-05
137,374,431,90,38,2026-07-06
137,377,440,91,38,2026-07-07
137,377,450,92,38,2026-07-08
137,385,452,93,39,2026-07-09
137,388,456,94,39,2026-07-10
137,392,458,95,40,2026-07-11
137,395,459,96,41,2026-07-12
137,402,459,97,42,2026-07-17
137,405,463,98,42,2026-07-18
137,408,469,99,42,2026-07-19
137,411,473,100,42,2026-07-20
137,413,476,101,42,2026-07-21
137,417,481,102,42,2026-07-22
137,424,487,103,43,2026-07-24
137,433,489,104,44,2026-07-25
137,436,493,105,44,2026-07-26
137,439,493,106,45,2026-07-27
137,441,501,107,45,2026-07-28
137,457,504,108,46,2026-07-29
137,461,505,109,47,2026-07-30
137,461,512,110,47,2026-07-31
137,466,518,111,47,2026-08-01
137,470,523,112,47,2026-08-02
137,475,524,113,48,2026-08-03
137,479,529,114,48,2026-08-04
137,479,535,115,48,2026-08-05
137,484,537,116,49,2026-08-07
137,484,545,117,49,2026-08-08
137,485,548,118,49,2026-08-09
137,488,554,119,49,2026-08-10
137,492,555,120,50,2026-08-11
137,493,557,121,50,2026-08-12
137,495,562,122,50,2026-08-14
137,502,563,123,51,2026-08-15
138,9,7,1,1,2026-03-26
138,15,12,2,2,2026-03-28
138,22,23,3,2,2026-03-29
138,24,27,4,2,2026-03-30
138,27,27,5,3,2026-03-31
138,29,28,6,4,2026-04-01
138,29,32,7,4,2026-04-03
138,35,43,8,4,2026-04-04
138,40,46,9,5,2026-04-05
138,46,55,10,5,2026-04-06
138,53,61,11,6,2026-04-07
138,59,62,12,7,2026-04-08
138,62,64,13,8,2026-04-10
138,63,71,14,8,2026-04-11
138,66,80,15,8,2026-04-12
138,69,89,16,8,2026-04-13
138,75,94,17,9,2026-04-14
138,80,97,18,10,2026-04-15
138,89,101,19,11,2026-04-17
138,96,106,20,12,2026-04-18
138,103,111,21,13,2026-04-19
138,106,116,22,13,2026-04-20
138,111,119,23,14,2026-04-21
138,112,123,24,14,2026-04-22
138,114,126,25,14,2026-04-24
138,123,137,26,14,2026-04-25
138,125,140,27,14,2026-04-26
138,129,142,28,15,2026-04-27
138,140,149,29,16,2026-04-28
138,145,153,30,17,2026-04-29
138,155,158,31,18,2026-04-30
138,162,160,32,19,2026-05-01
138,165,162,33,20,2026-05-02
138,166,166,34,20,2026-05-03
138,172,169,35,21,2026-05-04
138,174,175,36,21,2026-05-06
138,176,176,37,22,2026-05-07
138,182,176,38,23,2026-05-08
138,184,180,39,23,2026-05-09
138,186,183,40,23,2026-05-10
138,192,187,41,24,2026-05-12
138,194,193,42,24,2026-05-13
138,199,197,43,25,2026-05-14
138,204,201,44,26,2026-05-15
138,208,203,45,27,2026-05-16
138,208,205,46,27,2026-05-17
138,217,211,47,28,2026-05-19
138,217,218,48,28,2026-05-20
138,219,224,49,28,2026-05-21
138,225,231,50,28,2026-05-23
138,233,232,51,29,2026-05-23
138,234,237,52,29,2026-05-25
138,234,243,53,29,2026-05-26
138,235,245,54,29,2026-05-27
138,241,250,55,30,2026-05-29
138,242,256,56,30,2026-05-30
138,247,257,57,31,2026-05-31
138,248,259,58,31,2026-06-01
138,252,266,59,31,2026-06-02
138,257,269,60,32,2026-06-03
138,267,272,61,33,2026-06-05
138,273,277,62,34,2026-06-06
138,278,280,63,35,2026-06-07
138,285,280,64,36,2026-06-09
138,294,282,65,37,2026-06-10
138,298,287,66,37,2026-06-11
138,306,296,67,37,2026-06-12
138,315,302,68,38,2026-06-13
138,319,307,69,38,2026-06-14
138,322,307,70,39,2026-06-15
138,325,309,71,40,2026-06-16
138,326,315,72,40,2026-06-17
138,332,329,73,40,2026-06-18
138,337,335,74,40,2026-06-19
138,349,345,75,41,2026-06-21
138,352,347,76,42,2026-06-22
138,355,351,77,42,2026-06-23
138,359,360,78,42,2026-06-24
138,359,364,79,42,2026-06-26
138,360,369,80,42,2026-06-27
138,362,370,81,43,2026-06-28
138,367,373,82,44,2026-06-30
138,368,378,83,44,2026-07-01
138,379,383,84,45,2026-07-02
138,396,384,85,46,2026-07-03
138,399,384,86,47,2026-07-04
138,403,390,87,47,2026-07-05
138,406,394,88,47,2026-07-06
138,408,404,89,47,2026-07-07
138,411,408,90,47,2026-07-07
138,416,409,91,48,2026-07-08
138,420,417,92,48,2026-07-09
138,422,418,93,49,2026-07-10
138,426,419,94,50,2026-07-11
138,429,423,95,50,2026-07-12
138,434,427,96,51,2026-07-17
138,437,432,97,51,2026-07-18
138,444,440,98,51,2026-07-19
138,446,443,99,51,2026-07-20
138,447,448,100,51,2026-07-21
138,448,448,101,52,2026-07-22
138,454,458,102,52,2026-07-23
138,456,462,103,52,2026-07-24
138,463,462,104,53,2026-07-25
138,466,467,105,53,2026-07-26
138,469,474,106,53,2026-07-27
138,471,484,107,53,2026-07-28
138,474,486,108,54,2026-07-29
138,476,490,109,54,2026-07-30
138,477,493,110,54,2026-07-31
138,478,498,111,54,2026-08-01
138,483,499,112,55,2026-08-02
138,496,506,113,56,2026-08-03
138,496,508,114,56,2026-08-04
138,499,509,115,57,2026-08-05
138,502,511,116,58,2026-08-07
138,508,519,117,58,2026-08-08
138,515,523,118,59,2026-08-09
138,520,529,119,59,2026-08-10
138,522,529,120,60,2026-08-11
138,529,530,121,61,2026-08-12
138,529,533,122,61,2026-08-14
138,537,537,123,62,2026-08-15
139,7,9,1,0,2026-03-26
139,12,15,2,0,2026-03-28
139,23,22,3,1,2026-03-29
139,26,24,4,2,2026-03-30
139,28,30,5,2,2026-03-31
139,30,38,6,2,2026-04-01
139,34,48,7,2,2026-04-03
139,41,49,8,3,2026-04-04
139,45,50,9,4,2026-04-05
139,51,54,10,5,2026-04-06
139,53,63,11,5,2026-04-07
139,55,69,12,5,2026-04-08
139,60,72,13,6,2026-04-10
139,65,76,14,7,2026-04-11
139,70,80,15,8,2026-04-12
139,78,85,16,9,2026-04-14
139,86,88,17,10,2026-04-15
139,91,91,18,11,2026-04-16
139,92,96,19,11,2026-04-17
139,100,103,20,12,2026-04-18
139,103,109,21,12,2026-04-19
139,104,115,22,12,2026-04-20
139,110,127,23,12,2026-04-21
139,116,128,24,13,2026-04-22
139,122,130,25,14,2026-04-24
139,128,131,26,15,2026-04-25
139,132,133,27,16,2026-04-26
139,135,135,28,17,2026-04-27
139,136,135,29,18,2026-04-28
139,137,138,30,18,2026-04-29
139,140,138,31,19,2026-05-01
139,145,139,32,20,2026-05-02
139,147,140,33,21,2026-05-03
139,152,141,34,22,2026-05-04
139,156,144,35,23,2026-05-05
139,159,144,36,24,2026-05-06
139,167,148,37,25,2026-05-07
139,167,150,38,25,2026-05-08
139,171,151,39,26,2026-05-10
139,179,156,40,27,2026-05-11
139,186,162,41,28,2026-05-12
139,189,167,42,28,2026-05-13
139,196,169,43,29,2026-05-15
139,201,179,44,29,2026-05-16
139,207,182,45,30,2026-05-17
139,223,188,46,31,2026-05-18
139,227,189,47,32,2026-05-19
139,232,192,48,33,2026-05-20
139,236,194,49,34,2026-05-22
139,236,196,50,34,2026-05-24
139,243,205,51,34,2026-05-25
139,244,211,52,34,2026-05-26
139,246,222,53,34,2026-05-27
139,254,227,54,35,2026-05-29
139,257,241,55,35,2026-05-30
139,262,243,56,36,2026-05-31
139,271,253,57,36,2026-06-01
139,271,261,58,36,2026-06-02
139,273,268,59,36,2026-06-03
139,279,268,60,37,2026-06-05
139,282,272,61,37,2026-06-06
139,283,276,62,37,2026-06-07
139,286,277,63,38,2026-06-08
139,290,280,64,39,2026-06-09
139,297,285,65,40,2026-06-10
139,300,289,66,40,2026-06-12
139,300,297,67,40,2026-06-13
139,308,300,68,41,2026-06-14
139,311,304,69,41,2026-06-15
139,311,305,70,41,2026-06-16
139,315,310,71,41,2026-06-17
139,320,312,72,42,2026-06-19
139,323,316,73,42,2026-06-20
139,327,319,74,43,2026-06-21
139,328,321,75,43,2026-06-22
139,333,333,76,43,2026-06-23
139,338,336,77,44,2026-06-24
139,351,338,78,45,2026-06-25
139,357,339,79,46,2026-06-26
139,361,341,80,47,2026-06-27
139,366,342,81,48,2026-06-28
139,376,346,82,49,2026-06-30
139,380,346,83,50,2026-07-01
139,385,348,84,51,2026-07-02
139,388,349,85,52,2026-07-03
139,396,359,86,52,2026-07-04
139,396,361,87,52,2026-07-05
139,397,366,88,52,2026-07-06
139,403,370,89,53,2026-07-07
139,406,370,90,54,2026-07-08
139,410,382,91,54,2026-07-09
139,417,384,92,55,2026-07-10
139,423,385,93,56,2026-07-11
139,425,393,94,56,2026-07-12
139,428,398,95,56,2026-07-17
139,428,408,96,56,2026-07-17
139,434,415,97,56,2026-07-18
139,435,421,98,56,2026-07-19
139,442,422,99,57,2026-07-20
139,454,424,100,58,2026-07-21
139,458,426,101,59,2026-07-22
139,459,429,102,59,2026-07-23
139,470,432,103,60,2026-07-24
139,473,432,104,61,2026-07-25
139,474,432,105,62,2026-07-26
139,475,436,106,62,2026-07-28
139,478,436,107,63,2026-07-29
139,481,438,108,64,2026-07-30
139,482,444,109,64,2026-07-31
139,483,444,110,65,2026-08-01
139,484,453,111,65,2026-08-02
139,497,462,112,66,2026-08-03
139,506,469,113,67,2026-08-04
139,510,469,114,68,2026-08-05
139,512,470,115,69,2026-08-07
139,515,472,116,70,2026-08-08
139,519,473,117,71,2026-08-09
139,529,479,118,72,2026-08-10
139,541,483,119,73,2026-08-11
139,549,487,120,74,2026-08-12
139,554,493,121,74,2026-08-14
139,557,497,122,74,2026-08-15
140,3,5,1,0,2026-03-26
140,8,9,2,1,2026-03-28
140,16,12,3,2,2026-03-29
140,21,14,4,3,2026-03-30
140,29,19,5,4,2026-03-31
140,32,27,6,4,2026-04-01
140,35,32,7,4,2026-04-03
140,35,34,8,4,2026-04-04
140,36,36,9,4,2026-04-05
140,38,37,10,5,2026-04-06
140,41,39,11,6,2026-04-07
140,44,39,12,7,2026-04-08
140,51,47,13,7,2026-04-10
140,54,53,14,7,2026-04-11
140,59,55,15,8,2026-04-12
140,67,56,16,9,2026-04-13
140,68,58,17,9,2026-04-14
140,73,64,18,9,2026-04-15
140,82,70,19,10,2026-04-16
140,87,70,20,11,2026-04-17
140,90,77,21,11,2026-04-18
140,92,82,22,11,2026-04-19
140,97,83,23,12,2026-04-21
140,101,91,24,12,2026-04-22
140,107,92,25,13,2026-04-23
140,108,100,26,13,2026-04-24
140,112,103,27,14,2026-04-25
140,113,105,28,14,2026-04-26
140,115,109,29,14,2026-04-27
140,117,112,30,14,2026-04-28
140,120,112,31,15,2026-04-29
140,125,116,32,16,2026-05-01
140,126,121,33,16,2026-05-02
140,127,128,34,16,2026-05-03
140,131,135,35,16,2026-05-05
140,137,136,36,17,2026-05-06
140,139,145,37,17,2026-05-07
140,140,152,38,17,2026-05-08
140,146,152,39,18,2026-05-09
140,149,152,40,19,2026-05-10
140,149,153,41,19,2026-05-11
140,156,157,42,20,2026-05-12
140,162,162,43,21,2026-05-13
140,162,164,44,21,2026-05-15
140,163,168,45,21,2026-05-16
140,171,168,46,22,2026-05-17
140,177,175,47,22,2026-05-18
140,187,175,48,23,2026-05-19
140,192,179,49,24,2026-05-20
140,198,188,50,24,2026-05-22
140,200,193,51,24,2026-05-23
140,201,195,52,24,2026-05-24
140,201,204,53,24,2026-05-25
140,211,211,54,25,2026-05-26
140,214,215,55,25,2026-05-27
140,215,220,56,25,2026-05-28
140,224,221,57,26,2026-05-29
140,231,227,58,27,2026-05-30
140,237,230,59,28,2026-05-31
140,239,231,60,29,2026-06-01
140,246,235,61,30,2026-06-02
140,249,240,62,30,2026-06-03
140,252,242,63,31,2026-06-05
140,252,248,64,31,2026-06-06
140,262,248,65,32,2026-06-07
140,265,253,66,32,2026-06-09
140,271,257,67,33,2026-06-10
140,275,259,68,34,2026-06-11
140,276,269,69,34,2026-06-12
140,279,275,70,34,2026-06-13
140,285,279,71,35,2026-06-14
140,287,283,72,35,2026-06-15
140,289,295,73,35,2026-06-16
140,292,304,74,35,2026-06-18
140,301,311,75,36,2026-06-19
140,305,317,76,36,2026-06-20
140,309,320,77,37,2026-06-21
140,313,323,78,38,2026-06-22
140,317,329,79,38,2026-06-23
140,319,333,80,38,2026-06-24
140,325,338,81,39,2026-06-25
140,330,342,82,40,2026-06-26
140,337,346,83,41,2026-06-27
140,340,348,84,42,2026-06-28
140,346,351,85,43,2026-06-29
140,350,353,86,44,2026-06-30
140,354,362,87,44,2026-07-01
140,364,366,88,45,2026-07-02
140,364,369,89,45,2026-07-04
140,367,375,90,45,2026-07-05
140,375,378,91,46,2026-07-07
140,376,391,92,46,2026-07-08
140,383,397,93,47,2026-07-09
140,390,400,94,48,2026-07-10
140,393,409,95,48,2026-07-11
140,399,414,96,49,2026-07-12
140,400,429,97,49,2026-07-17
140,407,435,98,50,2026-07-18
140,412,443,99,50,2026-07-19
140,415,453,100,50,2026-07-20
140,425,453,101,51,2026-07-21
140,427,457,102,51,2026-07-22
140,432,461,103,52,2026-07-24
140,439,462,104,53,2026-07-25
140,443,468,105,53,2026-07-26
140,450,471,106,54,2026-07-27
140,454,472,107,55,2026-07-28
140,454,475,108,55,2026-07-29
140,456,478,109,55,2026-07-30
140,458,489,110,55,2026-07-31
140,462,494,111,55,2026-08-01
140,465,501,112,55,2026-08-02
140,466,506,113,55,2026-08-03
140,471,510,114,56,2026-08-04
140,477,510,115,57,2026-08-05
140,479,511,116,58,2026-08-07
140,484,512,117,59,2026-08-08
140,489,522,118,59,2026-08-09
140,493,523,119,60,2026-08-10
140,495,526,120,60,2026-08-11
140,497,531,121,60,2026-08-12
140,497,538,122,60,2026-08-13
140,500,546,123,60,2026-08-14
140,505,549,124,61,2026-08-15
141,3,2,1,1,2026-03-27
141,11,9,2,2,2026-03-28
141,16,11,3,3,2026-03-29
141,21,25,4,3,2026-03-30
141,26,26,5,4,2026-03-31
141,27,28,6,4,2026-04-01
141,31,33,7,4,2026-04-03
141,34,39,8,4,2026-04-04
141,34,42,9,4,2026-04-05
141,36,56,10,4,2026-04-06
141,37,60,11,4,2026-04-07
141,41,63,12,5,2026-04-08
141,51,67,13,6,2026-04-10
141,55,74,14,6,2026-04-11
141,57,82,15,6,2026-04-12
141,66,89,16,7,2026-04-14
141,67,91,17,7,2026-04-15
141,68,93,18,7,2026-04-16
141,71,99,19,7,2026-04-17
141,73,105,20,7,2026-04-18
141,83,109,21,8,2026-04-19
141,88,111,22,9,2026-04-20
141,92,113,23,10,2026-04-21
141,95,120,24,10,2026-04-22
141,101,128,25,10,2026-04-24
141,106,131,26,11,2026-04-25
141,110,133,27,12,2026-04-26
141,110,138,28,12,2026-04-27
141,113,138,29,13,2026-04-28
141,121,139,30,14,2026-04-29
141,122,146,31,14,2026-04-30
141,129,149,32,15,2026-05-01
141,140,153,33,16,2026-05-02
141,143,157,34,16,2026-05-03
141,144,162,35,16,2026-05-04
141,147,166,36,16,2026-05-05
141,147,169,37,16,2026-05-06
141,149,169,38,17,2026-05-08
141,163,170,39,18,2026-05-09
141,164,176,40,18,2026-05-10
141,169,184,41,18,2026-05-11
141,175,191,42,18,2026-05-12
141,180,194,43,19,2026-05-13
141,182,197,44,19,2026-05-15
141,184,198,45,20,2026-05-16
141,188,199,46,21,2026-05-17
141,194,206,47,21,2026-05-18
141,198,211,48,21,2026-05-19
141,200,212,49,22,2026-05-20
141,202,212,50,23,2026-05-21
141,208,214,51,24,2026-05-22
141,213,216,52,25,2026-05-23
141,214,220,53,25,2026-05-24
141,216,228,54,25,2026-05-25
141,224,229,55,26,2026-05-26
141,226,230,56,27,2026-05-27
141,228,231,57,28,2026-05-28
141,234,236,58,29,2026-05-29
141,239,242,59,29,2026-05-30
141,244,251,60,29,2026-05-31
141,247,255,61,29,2026-06-02
141,250,262,62,29,2026-06-03
141,257,264,63,30,2026-06-04
141,260,277,64,30,2026-06-05
141,266,281,65,31,2026-06-06
141,272,285,66,32,2026-06-07
141,274,290,67,32,2026-06-08
141,277,292,68,33,2026-06-09
141,281,299,69,33,2026-06-10
141,289,304,70,34,2026-06-12
141,290,307,71,34,2026-06-13
141,293,315,72,34,2026-06-14
141,299,316,73,35,2026-06-16
141,302,316,74,36,2026-06-17
141,306,319,75,37,2026-06-18
141,308,335,76,37,2026-06-19
141,316,341,77,38,2026-06-20
141,320,343,78,39,2026-06-22
141,327,352,79,39,2026-06-23
141,328,355,80,39,2026-06-24
141,333,361,81,39,2026-06-25
141,337,366,82,39,2026-06-26
141,341,373,83,39,2026-06-27
141,343,376,84,39,2026-06-28
141,345,377,85,40,2026-06-29
141,345,380,86,40,2026-06-30
141,354,383,87,41,2026-07-01
141,356,383,88,42,2026-07-03
141,356,394,89,42,2026-07-04
141,356,398,90,42,2026-07-05
141,357,408,91,42,2026-07-06
141,366,411,92,43,2026-07-07
141,376,411,93,44,2026-07-08
141,381,414,94,45,2026-07-10
141,388,422,95,45,2026-07-11
141,392,427,96,45,2026-07-12
141,396,439,97,45,2026-07-17
141,397,439,98,46,2026-07-18
141,397,442,99,46,2026-07-19
141,398,449,100,46,2026-07-20
141,400,461,101,46,2026-07-21
141,402,465,102,46,2026-07-22
141,405,466,103,47,2026-07-23
141,409,472,104,47,2026-07-24
141,415,472,105,48,2026-07-25
141,416,478,106,48,2026-07-26
141,419,480,107,49,2026-07-27
141,425,488,108,49,2026-07-28
141,430,490,109,50,2026-07-29
141,433,491,110,51,2026-07-31
141,438,492,111,52,2026-08-01
141,439,497,112,52,2026-08-02
141,442,498,113,53,2026-08-03
141,444,505,114,53,2026-08-04
141,449,509,115,54,2026-08-05
141,451,512,116,54,2026-08-06
141,456,516,117,55,2026-08-07
141,463,521,118,56,2026-08-08
141,469,528,119,56,2026-08-09
141,471,529,120,57,2026-08-10
141,476,532,121,58,2026-08-11
141,482,536,122,59,2026-08-12
141,482,543,123,59,2026-08-13
141,485,544,124,60,2026-08-14
141,489,545,125,61,2026-08-15
142,1,2,1,0,2026-03-26
142,5,3,2,1,2026-03-28
142,11,11,3,1,2026-03-29
142,12,14,4,1,2026-03-30
142,21,27,5,1,2026-04-01
142,26,28,6,2,2026-04-02
142,36,32,7,3,2026-04-03
142,37,39,8,3,2026-04-04
142,38,43,9,3,2026-04-05
142,45,46,10,4,2026-04-06
142,49,48,11,5,2026-04-07
142,57,54,12,6,2026-04-08
142,60,55,13,7,2026-04-09
142,64,65,14,7,2026-04-10
142,71,69,15,8,2026-04-11
142,79,71,16,9,2026-04-12
142,92,77,17,10,2026-04-13
142,98,77,18,11,2026-04-14
142,103,86,19,11,2026-04-15
142,104,88,20,11,2026-04-17
142,108,93,21,11,2026-04-18
142,112,100,22,11,2026-04-19
142,117,103,23,12,2026-04-21
142,119,106,24,12,2026-04-22
142,127,116,25,12,2026-04-23
142,129,122,26,12,2026-04-24
142,130,128,27,12,2026-04-25
142,132,132,28,12,2026-04-26
142,143,136,29,13,2026-04-27
142,144,143,30,13,2026-04-28
142,147,148,31,13,2026-04-29
142,154,149,32,14,2026-04-30
142,157,156,33,14,2026-05-01
142,161,167,34,14,2026-05-02
142,165,170,35,15,2026-05-03
142,176,173,36,16,2026-05-05
142,178,188,37,16,2026-05-06
142,183,195,38,16,2026-05-07
142,187,201,39,16,2026-05-08
142,189,202,40,17,2026-05-09
142,194,206,41,18,2026-05-10
142,197,206,42,19,2026-05-12
142,202,215,43,19,2026-05-13
142,211,216,44,20,2026-05-14
142,213,219,45,20,2026-05-15
142,214,221,46,20,2026-05-16
142,219,225,47,21,2026-05-17
142,225,228,48,22,2026-05-18
142,226,230,49,22,2026-05-19
142,230,231,50,23,2026-05-20
142,238,237,51,24,2026-05-22
142,242,239,52,25,2026-05-23
142,248,244,53,26,2026-05-24
142,249,247,54,26,2026-05-25
142,254,250,55,27,2026-05-26
142,256,265,56,27,2026-05-27
142,258,271,57,27,2026-05-28
142,263,277,58,27,2026-05-29
142,272,287,59,27,2026-05-30
142,275,296,60,27,2026-05-31
142,284,302,61,28,2026-06-01
142,290,306,62,29,2026-06-02
142,290,314,63,29,2026-06-03
142,296,322,64,29,2026-06-04
142,301,325,65,30,2026-06-05
142,303,328,66,30,2026-06-06
142,308,334,67,30,2026-06-07
142,312,344,68,30,2026-06-09
142,318,348,69,31,2026-06-10
142,318,359,70,31,2026-06-11
142,327,367,71,32,2026-06-12
142,333,376,72,32,2026-06-13
142,338,380,73,33,2026-06-14
142,342,382,74,34,2026-06-15
142,354,384,75,35,2026-06-16
142,363,387,76,36,2026-06-18
142,368,396,77,36,2026-06-19
142,384,404,78,37,2026-06-20
142,388,406,79,38,2026-06-21
142,389,408,80,38,2026-06-22
142,392,420,81,38,2026-06-23
142,395,424,82,38,2026-06-24
142,404,432,83,39,2026-06-26
142,409,440,84,39,2026-06-27
142,412,442,85,40,2026-06-28
142,417,446,86,41,2026-06-29
142,421,452,87,41,2026-06-30
142,429,455,88,42,2026-07-01
142,431,460,89,42,2026-07-03
142,442,464,90,43,2026-07-04
142,448,465,91,44,2026-07-05
142,451,466,92,45,2026-07-07
142,457,471,93,46,2026-07-08
142,459,476,94,46,2026-07-09
142,462,480,95,46,2026-07-10
142,467,483,96,47,2026-07-11
142,471,485,97,48,2026-07-12
142,476,487,98,49,2026-07-17
142,478,493,99,49,2026-07-18
142,479,503,100,49,2026-07-19
142,483,516,101,49,2026-07-20
142,485,521,102,49,2026-07-21
142,495,527,103,50,2026-07-22
142,498,528,104,51,2026-07-23
142,498,530,105,51,2026-07-24
142,500,530,106,52,2026-07-25
142,511,538,107,53,2026-07-26
142,514,540,108,54,2026-07-28
142,514,544,109,54,2026-07-29
142,518,547,110,55,2026-07-30
142,523,550,111,56,2026-07-31
142,526,554,112,56,2026-08-01
142,532,561,113,56,2026-08-02
142,534,569,114,56,2026-08-04
142,535,571,115,56,2026-08-05
142,539,574,116,57,2026-08-06
142,547,580,117,58,2026-08-07
142,550,584,118,58,2026-08-08
142,553,588,119,58,2026-08-09
142,562,593,120,59,2026-08-10
142,564,598,121,59,2026-08-11
142,571,603,122,60,2026-08-12
142,572,610,123,60,2026-08-13
142,573,619,124,60,2026-08-15
143,5,3,1,1,2026-03-26
143,9,8,2,1,2026-03-28
143,12,16,3,1,2026-03-29
143,14,29,4,1,2026-03-30
143,17,31,5,2,2026-03-31
143,23,36,6,3,2026-04-01
143,33,37,7,4,2026-04-03
143,35,38,8,5,2026-04-04
143,36,42,9,5,2026-04-05
143,42,46,10,6,2026-04-06
143,42,52,11,6,2026-04-07
143,42,57,12,6,2026-04-08
143,46,62,13,6,2026-04-10
143,50,65,14,7,2026-04-11
143,53,69,15,7,2026-04-12
143,66,76,16,8,2026-04-13
143,70,86,17,8,2026-04-14
143,72,97,18,8,2026-04-15
143,72,106,19,8,2026-04-17
143,73,109,20,8,2026-04-18
143,75,113,21,8,2026-04-19
143,76,118,22,8,2026-04-20
143,80,125,23,8,2026-04-21
143,82,132,24,8,2026-04-22
143,89,140,25,8,2026-04-23
143,92,145,26,8,2026-04-24
143,100,150,27,9,2026-04-25
143,102,156,28,9,2026-04-26
143,109,156,29,10,2026-04-28
143,115,161,30,11,2026-04-30
143,118,163,31,12,2026-04-30
143,124,168,32,13,2026-05-01
143,124,172,33,13,2026-05-02
143,131,174,34,14,2026-05-03
143,132,174,35,15,2026-05-04
143,141,175,36,16,2026-05-05
143,147,178,37,17,2026-05-06
143,148,190,38,17,2026-05-07
143,155,199,39,17,2026-05-08
143,164,202,40,18,2026-05-09
143,170,202,41,19,2026-05-10
143,172,203,42,20,2026-05-12
143,173,206,43,20,2026-05-13
143,176,207,44,21,2026-05-14
143,187,216,45,22,2026-05-15
143,193,216,46,23,2026-05-16
143,199,216,47,24,2026-05-17
143,204,220,48,25,2026-05-18
143,205,224,49,25,2026-05-19
143,209,233,50,25,2026-05-20
143,209,234,51,25,2026-05-22
143,212,234,52,26,2026-05-23
143,213,237,53,26,2026-05-24
143,216,237,54,27,2026-05-25
143,220,240,55,28,2026-05-26
143,223,240,56,29,2026-05-27
143,225,244,57,29,2026-05-29
143,229,247,58,30,2026-05-30
143,230,256,59,30,2026-05-31
143,233,258,60,31,2026-06-02
143,236,260,61,32,2026-06-03
143,242,264,62,33,2026-06-04
143,250,270,63,34,2026-06-05
143,253,276,64,34,2026-06-06
143,262,281,65,35,2026-06-07
143,267,283,66,36,2026-06-08
143,269,286,67,36,2026-06-09
143,276,290,68,37,2026-06-10
143,276,296,69,37,2026-06-12
143,285,304,70,38,2026-06-13
143,285,308,71,38,2026-06-14
143,292,308,72,39,2026-06-15
143,300,310,73,40,2026-06-16
143,304,322,74,40,2026-06-17
143,308,328,75,40,2026-06-18
143,323,331,76,41,2026-06-20
143,329,333,77,42,2026-06-21
143,330,337,78,42,2026-06-22
143,344,346,79,43,2026-06-23
143,349,350,80,44,2026-06-24
143,359,355,81,45,2026-06-25
143,361,356,82,46,2026-06-26
143,363,362,83,46,2026-06-27
143,368,366,84,47,2026-06-28
143,375,377,85,47,2026-06-29
143,383,377,86,48,2026-06-30
143,393,383,87,49,2026-07-01
143,394,389,88,49,2026-07-02
143,400,390,89,50,2026-07-04
143,402,395,90,50,2026-07-05
143,403,410,91,50,2026-07-06
143,407,411,92,51,2026-07-07
143,412,422,93,51,2026-07-08
143,413,422,94,52,2026-07-09
143,415,432,95,52,2026-07-10
143,419,434,96,53,2026-07-11
143,424,434,97,54,2026-07-12
143,425,438,98,54,2026-07-16
143,431,439,99,55,2026-07-18
143,432,445,100,55,2026-07-19
143,442,452,101,56,2026-07-20
143,443,454,102,56,2026-07-21
143,448,463,103,56,2026-07-22
143,448,464,104,56,2026-07-24
143,449,467,105,56,2026-07-25
143,460,471,106,57,2026-07-26
143,467,479,107,57,2026-07-27
143,467,480,108,57,2026-07-28
143,473,488,109,57,2026-07-29
143,477,494,110,57,2026-07-31
143,482,494,111,58,2026-08-01
143,490,494,112,59,2026-08-02
143,496,497,113,60,2026-08-03
143,501,497,114,61,2026-08-04
143,505,507,115,61,2026-08-05
143,512,510,116,62,2026-08-06
143,516,515,117,62,2026-08-07
143,521,522,118,62,2026-08-08
143,528,528,119,63,2026-08-09
143,534,533,120,64,2026-08-10
143,534,535,121,64,2026-08-11
143,535,542,122,64,2026-08-12
143,542,543,123,65,2026-08-13
143,551,544,124,66,2026-08-15
144,6,0,1,1,2026-03-27
144,12,2,2,2,2026-03-28
144,13,6,3,2,2026-03-29
144,17,6,4,3,2026-03-30
144,19,11,5,3,2026-03-31
144,24,12,6,4,2026-04-01
144,41,14,7,5,2026-04-02
144,43,14,8,6,2026-04-03
144,44,16,9,6,2026-04-04
144,49,22,10,6,2026-04-05
144,51,28,11,6,2026-04-06
144,58,30,12,7,2026-04-07
144,66,32,13,8,2026-04-08
144,77,37,14,9,2026-04-10
144,77,43,15,9,2026-04-11
144,90,44,16,10,2026-04-12
144,94,54,17,10,2026-04-13
144,100,59,18,11,2026-04-14
144,106,62,19,12,2026-04-15
144,115,62,20,13,2026-04-17
144,118,63,21,14,2026-04-18
144,122,65,22,15,2026-04-19
144,131,69,23,16,2026-04-20
144,135,80,24,16,2026-04-21
144,143,86,25,17,2026-04-22
144,150,88,26,18,2026-04-23
144,155,91,27,19,2026-04-24
144,160,99,28,19,2026-04-25
144,166,101,29,20,2026-04-26
144,171,103,30,21,2026-04-28
144,175,106,31,22,2026-04-29
144,177,111,32,22,2026-04-30
144,185,117,33,23,2026-05-01
144,194,118,34,24,2026-05-02
144,205,124,35,25,2026-05-03
144,209,129,36,25,2026-05-04
144,212,131,37,26,2026-05-05
144,213,134,38,26,2026-05-06
144,214,137,39,26,2026-05-08
144,221,139,40,27,2026-05-09
144,228,141,41,28,2026-05-10
144,233,143,42,29,2026-05-12
144,237,144,43,30,2026-05-13
144,237,146,44,30,2026-05-14
144,240,148,45,31,2026-05-15
144,242,151,46,31,2026-05-16
144,250,152,47,32,2026-05-17
144,250,164,48,32,2026-05-18
144,258,168,49,33,2026-05-19
144,267,169,50,34,2026-05-20
144,276,172,51,35,2026-05-21
144,281,176,52,36,2026-05-22
144,281,178,53,36,2026-05-23
144,282,180,54,36,2026-05-24
144,289,186,55,37,2026-05-26
144,289,194,56,37,2026-05-27
144,299,196,57,38,2026-05-28
144,307,199,58,39,2026-05-29
144,312,201,59,40,2026-05-30
144,316,207,60,40,2026-05-31
144,320,210,61,41,2026-06-02
144,327,213,62,42,2026-06-03
144,329,220,63,42,2026-06-04
144,335,223,64,43,2026-06-05
144,341,226,65,44,2026-06-06
144,344,228,66,45,2026-06-07
144,349,234,67,45,2026-06-09
144,350,236,68,45,2026-06-10
144,355,243,69,45,2026-06-12
144,358,244,70,46,2026-06-13
144,359,252,71,46,2026-06-14
144,361,259,72,46,2026-06-16
144,366,266,73,46,2026-06-17
144,369,268,74,47,2026-06-19
144,373,271,75,48,2026-06-20
144,377,280,76,48,2026-06-21
144,377,281,77,48,2026-06-22
144,383,288,78,48,2026-06-23
144,385,293,79,48,2026-06-24
144,388,294,80,49,2026-06-26
144,388,299,81,49,2026-06-27
144,390,302,82,49,2026-06-28
144,393,307,83,49,2026-06-30
144,398,308,84,50,2026-07-01
144,403,319,85,50,2026-07-02
144,408,322,86,51,2026-07-03
144,422,325,87,52,2026-07-04
144,431,335,88,52,2026-07-05
144,437,342,89,52,2026-07-06
144,441,354,90,52,2026-07-07
144,444,354,91,53,2026-07-08
144,454,359,92,54,2026-07-09
144,455,361,93,54,2026-07-10
144,456,365,94,54,2026-07-11
144,460,368,95,55,2026-07-12
144,475,369,96,56,2026-07-17
144,481,376,97,56,2026-07-18
144,489,381,98,57,2026-07-19
144,492,383,99,58,2026-07-20
144,495,391,100,58,2026-07-21
144,502,397,101,59,2026-07-22
144,508,402,102,60,2026-07-23
144,515,408,103,61,2026-07-24
144,517,411,104,61,2026-07-25
144,520,413,105,62,2026-07-26
144,523,427,106,62,2026-07-27
144,524,427,107,63,2026-07-28
144,526,430,108,63,2026-07-29
144,531,434,109,64,2026-07-30
144,537,436,110,65,2026-07-31
144,545,439,111,66,2026-08-01
144,549,441,112,67,2026-08-02
144,553,443,113,68,2026-08-04
144,557,444,114,69,2026-08-05
144,568,447,115,70,2026-08-06
144,570,450,116,70,2026-08-07
144,574,455,117,70,2026-08-08
144,576,456,118,71,2026-08-09
144,581,464,119,71,2026-08-10
144,585,464,120,72,2026-08-11
144,591,467,121,73,2026-08-12
144,591,469,122,73,2026-08-14
144,594,479,123,73,2026-08-15
145,2,14,1,0,2026-03-26
145,3,20,2,0,2026-03-28
145,10,29,3,0,2026-03-29
145,19,33,4,1,2026-03-30
145,21,42,5,1,2026-03-31
145,21,52,6,1,2026-04-01
145,26,56,7,2,2026-04-03
145,32,59,8,3,2026-04-04
145,35,59,9,4,2026-04-05
145,36,61,10,4,2026-04-06
145,38,65,11,4,2026-04-07
145,41,70,12,4,2026-04-08
145,43,70,13,5,2026-04-09
145,43,72,14,5,2026-04-10
145,43,74,15,5,2026-04-11
145,49,79,16,6,2026-04-12
145,54,87,17,6,2026-04-14
145,57,95,18,6,2026-04-15
145,60,100,19,6,2026-04-16
145,69,102,20,7,2026-04-17
145,75,109,21,7,2026-04-18
145,82,113,22,8,2026-04-19
145,93,118,23,9,2026-04-21
145,100,129,24,9,2026-04-22
145,104,130,25,10,2026-04-23
145,109,134,26,11,2026-04-24
145,112,140,27,11,2026-04-25
145,113,142,28,11,2026-04-26
145,121,149,29,12,2026-04-27
145,126,151,30,13,2026-04-28
145,129,153,31,14,2026-04-29
145,137,155,32,15,2026-05-01
145,141,155,33,16,2026-05-02
145,144,159,34,16,2026-05-03
145,150,159,35,17,2026-05-04
145,153,163,36,17,2026-05-05
145,155,171,37,17,2026-05-06
145,163,183,38,17,2026-05-08
145,169,184,39,18,2026-05-09
145,171,185,40,19,2026-05-10
145,177,190,41,20,2026-05-12
145,183,195,42,21,2026-05-13
145,189,197,43,22,2026-05-14
145,194,207,44,22,2026-05-15
145,202,210,45,23,2026-05-16
145,211,218,46,24,2026-05-17
145,212,224,47,24,2026-05-18
145,214,225,48,25,2026-05-19
145,218,230,49,25,2026-05-20
145,227,234,50,26,2026-05-22
145,230,244,51,26,2026-05-23
145,235,252,52,26,2026-05-24
145,238,253,53,27,2026-05-25
145,241,258,54,27,2026-05-26
145,256,260,55,28,2026-05-27
145,262,262,56,29,2026-05-28
145,266,265,57,30,2026-05-29
145,273,266,58,31,2026-05-30
145,275,267,59,32,2026-05-31
145,281,276,60,32,2026-06-01
145,285,282,61,32,2026-06-02
145,293,282,62,33,2026-06-03
145,299,290,63,33,2026-06-05
145,305,293,64,34,2026-06-06
145,310,302,65,34,2026-06-07
145,316,307,66,35,2026-06-09
145,318,308,67,36,2026-06-10
145,326,310,68,37,2026-06-12
145,327,317,69,37,2026-06-13
145,333,321,70,38,2026-06-14
145,335,333,71,38,2026-06-16
145,340,343,72,38,2026-06-17
145,345,344,73,39,2026-06-18
145,348,348,74,39,2026-06-19
145,349,352,75,39,2026-06-20
145,353,357,76,39,2026-06-21
145,359,362,77,40,2026-06-22
145,361,363,78,41,2026-06-23
145,364,367,79,41,2026-06-24
145,386,368,80,42,2026-06-26
145,388,369,81,43,2026-06-27
145,392,374,82,43,2026-06-28
145,400,376,83,44,2026-06-29
145,409,379,84,45,2026-06-30
145,410,385,85,45,2026-07-01
145,415,391,86,45,2026-07-02
145,418,395,87,45,2026-07-03
145,421,396,88,46,2026-07-04
145,428,402,89,47,2026-07-05
145,429,410,90,47,2026-07-07
145,429,415,91,47,2026-07-08
145,430,417,92,47,2026-07-09
145,444,418,93,48,2026-07-10
145,445,418,94,49,2026-07-11
145,454,419,95,50,2026-07-12
145,466,423,96,51,2026-07-17
145,466,424,97,51,2026-07-18
145,469,424,98,52,2026-07-19
145,479,427,99,53,2026-07-20
145,479,437,100,53,2026-07-21
145,483,439,101,54,2026-07-22
145,488,448,102,54,2026-07-24
145,489,452,103,54,2026-07-25
145,501,455,104,55,2026-07-26
145,506,464,105,55,2026-07-27
145,508,467,106,55,2026-07-28
145,514,472,107,56,2026-07-29
145,516,473,108,57,2026-07-30
145,522,474,109,58,2026-07-31
145,522,475,110,58,2026-08-01
145,531,476,111,59,2026-08-02
145,533,490,112,59,2026-08-04
145,533,494,113,59,2026-08-05
145,544,506,114,59,2026-08-06
145,546,514,115,59,2026-08-07
145,552,517,116,60,2026-08-08
145,557,520,117,61,2026-08-09
145,561,525,118,61,2026-08-11
145,566,525,119,62,2026-08-12
145,574,534,120,62,2026-08-13
145,583,539,121,63,2026-08-14
145,587,542,122,64,2026-08-15
146,2,1,1,1,2026-03-27
146,6,4,2,2,2026-03-28
146,10,7,3,3,2026-03-29
146,14,16,4,3,2026-03-30
146,23,18,5,4,2026-03-31
146,33,18,6,5,2026-04-01
146,35,26,7,5,2026-04-03
146,42,35,8,5,2026-04-04
146,49,41,9,6,2026-04-05
146,49,43,10,6,2026-04-06
146,52,49,11,6,2026-04-07
146,59,53,12,7,2026-04-08
146,67,54,13,8,2026-04-09
146,67,56,14,8,2026-04-10
146,68,62,15,8,2026-04-11
146,70,70,16,8,2026-04-12
146,80,74,17,9,2026-04-13
146,85,80,18,9,2026-04-14
146,88,86,19,9,2026-04-15
146,93,93,20,9,2026-04-17
146,95,98,21,9,2026-04-18
146,100,101,22,10,2026-04-19
146,105,104,23,11,2026-04-20
146,108,109,24,11,2026-04-21
146,112,110,25,12,2026-04-22
146,121,114,26,13,2026-04-24
146,123,120,27,13,2026-04-25
146,126,126,28,13,2026-04-26
146,130,131,29,13,2026-04-27
146,132,132,30,14,2026-04-28
146,135,134,31,15,2026-04-29
146,140,140,32,15,2026-05-01
146,144,140,33,16,2026-05-02
146,146,147,34,16,2026-05-03
146,146,148,35,16,2026-05-04
146,153,157,36,16,2026-05-05
146,157,164,37,16,2026-05-06
146,161,167,38,17,2026-05-07
146,163,170,39,17,2026-05-08
146,171,177,40,18,2026-05-09
146,176,179,41,19,2026-05-10
146,176,182,42,19,2026-05-12
146,185,187,43,20,2026-05-13
146,186,196,44,20,2026-05-14
146,188,203,45,20,2026-05-15
146,198,208,46,21,2026-05-16
146,201,214,47,21,2026-05-17
146,213,214,48,22,2026-05-18
146,217,222,49,22,2026-05-19
146,218,231,50,22,2026-05-20
146,221,240,51,22,2026-05-21
146,223,241,52,23,2026-05-22
146,227,242,53,24,2026-05-23
146,231,242,54,25,2026-05-24
146,239,244,55,26,2026-05-25
146,240,252,56,26,2026-05-26
146,241,254,57,26,2026-05-27
146,248,263,58,26,2026-05-29
146,249,269,59,26,2026-05-30
146,250,279,60,26,2026-05-31
146,257,282,61,27,2026-06-01
146,264,285,62,28,2026-06-02
146,268,286,63,29,2026-06-03
146,268,292,64,29,2026-06-05
146,272,295,65,30,2026-06-06
146,276,296,66,31,2026-06-07
146,286,302,67,32,2026-06-09
146,294,302,68,33,2026-06-10
146,296,302,69,34,2026-06-11
146,304,305,70,35,2026-06-12
146,306,308,71,35,2026-06-13
146,310,310,72,36,2026-06-14
146,310,317,73,36,2026-06-15
146,312,325,74,36,2026-06-16
146,324,329,75,37,2026-06-17
146,328,332,76,38,2026-06-19
146,334,335,77,39,2026-06-20
146,336,336,78,40,2026-06-21
146,339,340,79,40,2026-06-22
146,345,344,80,41,2026-06-23
146,349,346,81,42,2026-06-24
146,353,346,82,43,2026-06-26
146,358,347,83,44,2026-06-27
146,359,349,84,44,2026-06-28
146,369,356,85,45,2026-06-29
146,383,359,86,46,2026-06-30
146,386,365,87,46,2026-07-01
146,390,379,88,46,2026-07-02
146,402,384,89,47,2026-07-03
146,409,386,90,48,2026-07-04
146,418,394,91,49,2026-07-05
146,424,399,92,50,2026-07-07
146,426,399,93,51,2026-07-08
146,434,403,94,52,2026-07-09
146,436,406,95,52,2026-07-10
146,437,410,96,52,2026-07-11
146,439,415,97,52,2026-07-12
146,440,417,98,52,2026-07-17
146,446,425,99,52,2026-07-18
146,447,428,100,52,2026-07-19
146,452,436,101,52,2026-07-20
146,455,441,102,52,2026-07-21
146,457,446,103,52,2026-07-22
146,459,450,104,52,2026-07-24
146,461,457,105,52,2026-07-25
146,464,462,106,52,2026-07-26
146,472,469,107,53,2026-07-27
146,473,469,108,54,2026-07-28
146,481,475,109,55,2026-07-29
146,483,479,110,55,2026-07-30
146,488,481,111,56,2026-07-31
146,494,483,112,57,2026-08-01
146,496,483,113,58,2026-08-02
146,498,487,114,58,2026-08-04
146,499,491,115,58,2026-08-05
146,502,502,116,58,2026-08-06
146,505,506,117,58,2026-08-07
146,512,506,118,59,2026-08-08
146,524,509,119,60,2026-08-09
146,526,509,120,61,2026-08-11
146,534,511,121,62,2026-08-12
146,535,524,122,62,2026-08-13
146,535,525,123,62,2026-08-14
146,543,529,124,63,2026-08-15
147,7,0,1,1,2026-03-25
147,10,0,2,2,2026-03-27
147,13,1,3,3,2026-03-28
147,14,3,4,3,2026-03-30
147,19,3,5,4,2026-03-31
147,24,6,6,5,2026-04-01
147,32,8,7,6,2026-04-03
147,41,15,8,7,2026-04-04
147,47,22,9,7,2026-04-05
147,52,25,10,8,2026-04-07
147,54,28,11,8,2026-04-08
147,54,29,12,8,2026-04-09
147,57,34,13,8,2026-04-10
147,61,39,14,8,2026-04-11
147,65,44,15,8,2026-04-12
147,76,54,16,9,2026-04-13
147,77,61,17,9,2026-04-14
147,82,65,18,10,2026-04-15
147,86,76,19,10,2026-04-16
147,90,78,20,11,2026-04-17
147,103,82,21,12,2026-04-18
147,110,82,22,13,2026-04-19
147,114,82,23,14,2026-04-21
147,118,83,24,15,2026-04-22
147,122,85,25,16,2026-04-23
147,134,89,26,17,2026-04-24
147,142,92,27,18,2026-04-25
147,146,99,28,18,2026-04-26
147,150,101,29,19,2026-04-27
147,153,103,30,20,2026-04-28
147,153,106,31,20,2026-04-29
147,160,108,32,21,2026-05-01
147,169,112,33,22,2026-05-02
147,180,115,34,23,2026-05-03
147,192,116,35,24,2026-05-04
147,199,120,36,25,2026-05-05
147,200,126,37,25,2026-05-06
147,209,128,38,26,2026-05-07
147,209,134,39,26,2026-05-08
147,212,138,40,26,2026-05-09
147,215,142,41,26,2026-05-10
147,217,145,42,26,2026-05-11
147,223,147,43,27,2026-05-12
147,223,154,44,27,2026-05-13
147,228,156,45,28,2026-05-15
147,231,162,46,28,2026-05-16
147,237,169,47,28,2026-05-17
147,244,175,48,29,2026-05-18
147,249,179,49,30,2026-05-19
147,250,181,50,30,2026-05-20
147,250,183,51,30,2026-05-21
147,252,187,52,30,2026-05-22
147,254,187,53,31,2026-05-24
147,258,190,54,32,2026-05-25
147,273,191,55,33,2026-05-26
147,280,191,56,34,2026-05-27
147,288,193,57,35,2026-05-29
147,292,199,58,35,2026-05-30
147,305,207,59,36,2026-05-31
147,309,216,60,36,2026-06-02
147,313,221,61,36,2026-06-03
147,315,222,62,37,2026-06-04
147,318,227,63,37,2026-06-05
147,324,228,64,38,2026-06-07
147,331,233,65,39,2026-06-08
147,334,235,66,40,2026-06-09
147,342,239,67,41,2026-06-10
147,347,247,68,41,2026-06-12
147,350,248,69,42,2026-06-13
147,358,251,70,43,2026-06-14
147,370,253,71,44,2026-06-16
147,380,258,72,45,2026-06-17
147,381,263,73,45,2026-06-18
147,386,263,74,46,2026-06-19
147,388,273,75,46,2026-06-20
147,389,277,76,46,2026-06-21
147,392,282,77,46,2026-06-22
147,396,285,78,47,2026-06-23
147,400,287,79,48,2026-06-24
147,403,293,80,48,2026-06-25
147,404,299,81,48,2026-06-26
147,405,303,82,48,2026-06-27
147,409,308,83,48,2026-06-28
147,412,315,84,48,2026-06-29
147,415,324,85,48,2026-06-30
147,417,330,86,48,2026-07-01
147,422,332,87,49,2026-07-03
147,426,343,88,49,2026-07-04
147,427,349,89,49,2026-07-05
147,432,350,90,50,2026-07-06
147,436,356,91,50,2026-07-07
147,436,359,92,50,2026-07-08
147,448,363,93,51,2026-07-09
147,453,366,94,52,2026-07-10
147,457,368,95,53,2026-07-11
147,462,371,96,54,2026-07-12
147,463,373,97,54,2026-07-17
147,465,374,98,55,2026-07-19
147,467,382,99,55,2026-07-19
147,475,387,100,56,2026-07-20
147,478,392,101,56,2026-07-22
147,480,392,102,57,2026-07-22
147,481,392,103,58,2026-07-24
147,484,393,104,59,2026-07-25
147,488,404,105,59,2026-07-26
147,497,409,106,60,2026-07-27
147,500,411,107,61,2026-07-28
147,505,417,108,61,2026-07-29
147,506,419,109,61,2026-07-30
147,508,419,110,62,2026-07-31
147,510,424,111,62,2026-08-01
147,512,425,112,63,2026-08-02
147,519,438,113,63,2026-08-03
147,521,438,114,64,2026-08-04
147,522,441,115,64,2026-08-05
147,525,443,116,65,2026-08-07
147,530,447,117,66,2026-08-08
147,531,449,118,66,2026-08-09
147,535,450,119,67,2026-08-11
147,545,455,120,68,2026-08-12
147,545,456,121,68,2026-08-13
147,546,459,122,68,2026-08-14
147,547,463,123,68,2026-08-15
158,14,2,1,1,2026-03-26
158,20,3,2,2,2026-03-28
158,29,10,3,3,2026-03-29
158,31,13,4,3,2026-03-30
158,37,15,5,4,2026-03-31
158,45,17,6,5,2026-04-01
158,50,19,7,6,2026-04-04
158,52,27,8,6,2026-04-04
158,60,32,9,7,2026-04-05
158,68,38,10,8,2026-04-06
158,70,41,11,8,2026-04-07
158,70,46,12,8,2026-04-08
158,73,53,13,8,2026-04-10
158,74,56,14,8,2026-04-11
158,80,64,15,8,2026-04-12
158,87,73,16,8,2026-04-14
158,89,74,17,9,2026-04-15
158,91,75,18,10,2026-04-16
158,98,80,19,11,2026-04-17
158,103,82,20,12,2026-04-18
158,106,87,21,12,2026-04-19
158,118,91,22,13,2026-04-21
158,120,96,23,13,2026-04-22
158,124,101,24,13,2026-04-23
158,124,107,25,13,2026-04-24
158,127,113,26,13,2026-04-25
158,132,113,27,14,2026-04-26
158,145,115,28,15,2026-04-28
158,147,121,29,15,2026-04-29
158,160,122,30,16,2026-04-30
158,166,123,31,17,2026-05-01
158,170,124,32,18,2026-05-02
158,172,127,33,18,2026-05-03
158,175,133,34,18,2026-05-04
158,181,135,35,19,2026-05-06
158,187,135,36,20,2026-05-08
158,191,138,37,21,2026-05-09
158,195,141,38,22,2026-05-10
158,201,145,39,23,2026-05-12
158,202,148,40,23,2026-05-13
158,209,149,41,24,2026-05-14
158,212,151,42,25,2026-05-15
158,214,152,43,26,2026-05-16
158,218,157,44,26,2026-05-17
158,227,160,45,27,2026-05-18
158,232,162,46,28,2026-05-19
158,237,162,47,29,2026-05-20
158,242,163,48,30,2026-05-22
158,245,174,49,30,2026-05-23
158,246,179,50,30,2026-05-24
158,251,180,51,31,2026-05-25
158,257,180,52,32,2026-05-26
158,259,181,53,33,2026-05-27
158,264,185,54,34,2026-05-29
158,266,194,55,34,2026-05-30
158,268,194,56,35,2026-05-31
158,284,196,57,36,2026-06-01
158,292,199,58,37,2026-06-02
158,292,200,59,37,2026-06-03
158,301,212,60,37,2026-06-04
158,310,219,61,38,2026-06-05
158,317,220,62,39,2026-06-06
158,329,224,63,40,2026-06-07
158,344,238,64,41,2026-06-08
158,349,245,65,41,2026-06-09
158,352,249,66,41,2026-06-10
158,358,249,67,42,2026-06-12
158,366,258,68,42,2026-06-13
158,370,258,69,43,2026-06-14
158,372,259,70,44,2026-06-16
158,381,263,71,45,2026-06-17
158,383,267,72,45,2026-06-18
158,385,270,73,45,2026-06-19
158,388,274,74,45,2026-06-20
158,397,278,75,46,2026-06-21
158,399,279,76,47,2026-06-22
158,401,279,77,48,2026-06-23
158,407,284,78,49,2026-06-24
158,413,286,79,50,2026-06-26
158,415,294,80,50,2026-06-27
158,418,298,81,50,2026-06-28
158,423,301,82,51,2026-06-29
158,430,303,83,52,2026-06-30
158,434,305,84,53,2026-07-01
158,436,312,85,53,2026-07-02
158,443,316,86,54,2026-07-03
158,446,320,87,54,2026-07-04
158,449,322,88,55,2026-07-05
158,453,325,89,56,2026-07-06
158,463,327,90,57,2026-07-07
158,467,330,91,58,2026-07-07
158,468,335,92,58,2026-07-08
158,476,339,93,59,2026-07-09
158,478,342,94,59,2026-07-11
158,484,349,95,59,2026-07-11
158,489,363,96,59,2026-07-12
158,491,364,97,60,2026-07-17
158,499,370,98,61,2026-07-18
158,502,371,99,62,2026-07-19
158,510,374,100,63,2026-07-20
158,510,378,101,63,2026-07-21
158,514,381,102,64,2026-07-22
158,516,386,103,64,2026-07-24
158,524,391,104,65,2026-07-25
158,535,393,105,66,2026-07-26
158,535,396,106,66,2026-07-27
158,543,398,107,67,2026-07-28
158,546,414,108,67,2026-07-29
158,552,416,109,68,2026-07-31
158,555,417,110,69,2026-08-01
158,555,420,111,69,2026-08-02
158,558,424,112,69,2026-08-03
158,562,426,113,70,2026-08-04
158,566,428,114,71,2026-08-05
158,571,430,115,72,2026-08-06
158,577,438,116,72,2026-08-07
158,581,441,117,73,2026-08-08
158,585,444,118,74,2026-08-09
158,587,447,119,74,2026-08-10
158,589,458,120,74,2026-08-11
158,592,462,121,74,2026-08-12
158,597,466,122,75,2026-08-13
158,598,469,123,75,2026-08-14
158,602,470,124,76,2026-08-15
